$MeshFormat
2.2 0 8
$EndMeshFormat
$PhysicalNames
5
3 1 "work_wedge"
3 2 "work_tet"
3 3 "air"
2 4 "default"
2 5 "outer"
$EndPhysicalNames
$Nodes
1987
1 0.5 -0.5 0.5
2 0.5 0.5 0.5
3 0.5 -0.16666666666666669 0.5
4 0.5 0.16666666666666663 0.5
5 -0.5 0.5 0.5
6 0.16666666666666669 0.5 0.5
7 -0.16666666666666663 0.5 0.5
8 -0.5 -0.5 0.5
9 -0.5 0.16666666666666669 0.5
10 -0.5 -0.16666666666666663 0.5
11 -0.16666666666666669 -0.5 0.5
12 0.16666666666666663 -0.5 0.5
13 0.26065385471064806 -2.1628476070327068e-05 0.5
14 -0.0011552880048805408 0.19335368485397547 0.5
15 -0.26281491602583223 0.0003257840396984994 0.5
16 -0.0008701706915298448 -0.19282783825349786 0.5
17 0.28529007013715696 -0.271903226679247 0.5
18 0.28523304667448685 0.27199974460891435 0.5
19 -0.28612737413947587 0.2720692271120681 0.5
20 -0.28607035067680575 -0.2718337441760932 0.5
21 0.5 0.5 -0.5
22 0.5 -0.5 -0.5
23 0.5 0.16666666666666669 -0.5
24 0.5 -0.16666666666666663 -0.5
25 -0.5 -0.5 -0.5
26 0.16666666666666669 -0.5 -0.5
27 -0.16666666666666663 -0.5 -0.5
28 -0.5 0.5 -0.5
29 -0.5 -0.16666666666666669 -0.5
30 -0.5 0.16666666666666663 -0.5
31 -0.16666666666666669 0.5 -0.5
32 0.16666666666666663 0.5 -0.5
33 0.19335368485397547 -0.003349401182854991 -0.5
34 0.0003257840396984994 -0.264739784377345 -0.5
35 -0.1928278382534979 -0.0025784320908076347 -0.5
36 8.28347720639629e-05 0.2599592012890546 -0.5
37 0.2720206372585412 0.2846552933545733 -0.5
38 0.2720692271120681 -0.2869511704453733 -0.5
39 -0.2718337441760932 -0.2867969766269639 -0.5
40 -0.27188233402962014 0.2848094871729827 -0.5
41 -0.5 -0.5 0.16666666666666669
42 -0.5 -0.5 -0.16666666666666663
43 0.5 -0.5 0.16666666666666669
44 0.5 -0.5 -0.16666666666666663
45 -0.26177697415518086 -0.5 -0.0011014909684624319
46 0.00013965923202718944 -0.5 -0.19436931362682883
47 0.26207117542252095 -0.5 -0.0010695246430097634
48 0.00023787262282734138 -0.5 0.1921955401847954
49 -0.285641153639804 -0.5 0.2715521431765999
50 -0.28566079631796404 -0.5 -0.2724274942523916
51 0.2857755002642429 -0.5 -0.27242110098730105
52 0.28579514294240294 -0.5 0.2715585364416905
53 -0.5 0.5 0.16666666666666669
54 -0.5 0.5 -0.16666666666666663
55 -0.5 0.1584414223493618 -0.023455952759555705
56 -0.5 -0.10922827228155126 -0.23055325286955272
57 -0.5 -0.2059857019084693 0.04940625458854483
58 -0.5 -0.010022980265708947 0.26604600706602766
59 -0.5 0.2630170217500639 0.2818513441946277
60 -0.5 -0.276535069768169 0.2964237856642479
61 0.5 0.5 0.16666666666666669
62 0.5 0.5 -0.16666666666666663
63 0.1584414223493618 0.5 -0.023455952759555705
64 -0.10922827228155126 0.5 -0.23055325286955272
65 -0.2059857019084693 0.5 0.04940625458854483
66 -0.010022980265708947 0.5 0.26604600706602766
67 0.2630170217500639 0.5 0.2818513441946277
68 -0.276535069768169 0.5 0.2964237856642479
69 0.5 -0.26177697415518086 -0.0011014909684624319
70 0.5 0.00013965923202718944 -0.19436931362682883
71 0.5 0.26207117542252095 -0.0010695246430097634
72 0.5 0.00023787262282734138 0.1921955401847954
73 0.5 -0.285641153639804 0.2715521431765999
74 0.5 -0.28566079631796404 -0.2724274942523916
75 0.5 0.2857755002642429 -0.27242110098730105
76 0.5 0.28579514294240294 0.2715585364416905
77 0.39999999999999997 -0.39999999999999997 0.39999999999999997
78 0.2799999999999999 -0.2799999999999999 0.2799999999999999
79 0.39999999999999997 0.39999999999999997 0.39999999999999997
80 0.2799999999999999 0.2799999999999999 0.2799999999999999
81 -0.39999999999999997 0.39999999999999997 0.39999999999999997
82 -0.2799999999999999 0.2799999999999999 0.2799999999999999
83 -0.39999999999999997 -0.39999999999999997 0.39999999999999997
84 -0.2799999999999999 -0.2799999999999999 0.2799999999999999
85 0.2799999999999999 0.10192498740527745 0.2799999999999999
86 0.2799999999999999 -0.10192498740527747 0.2799999999999999
87 0.4 -0.13723863063876252 0.4
88 0.39999999999999986 0.13723863063876246 0.39999999999999986
89 -0.10192498740527745 0.2799999999999999 0.2799999999999999
90 0.10192498740527747 0.2799999999999999 0.2799999999999999
91 0.13723863063876252 0.4 0.4
92 -0.13723863063876246 0.39999999999999986 0.39999999999999986
93 -0.2799999999999999 -0.10192498740527745 0.2799999999999999
94 -0.2799999999999999 0.10192498740527747 0.2799999999999999
95 -0.4 0.13723863063876252 0.4
96 -0.39999999999999986 -0.13723863063876246 0.39999999999999986
97 0.10192498740527745 -0.2799999999999999 0.2799999999999999
98 -0.10192498740527747 -0.2799999999999999 0.2799999999999999
99 -0.13723863063876252 -0.4 0.4
100 0.13723863063876246 -0.39999999999999986 0.39999999999999986
101 0.2286783895142595 0.21813959850102213 0.3999999999999999
102 -0.0009271217712075084 0.15490227248196053 0.3999999999999999
103 -0.000698307561703052 -0.15448121232823192 0.3999999999999999
104 0.2087805735637655 -1.7387833957553542e-05 0.3999999999999999
105 -0.22939313125675875 0.21819759981909698 0.3999999999999999
106 -0.21051034071197222 0.0002619289930148699 0.3999999999999999
107 -0.22934701860991802 -0.21800932365828718 0.3999999999999999
108 0.22872372548309977 -0.21806265200064295 0.39999999999999997
109 0.16143490052897327 0.1543221401858595 0.27999999999999986
110 -0.0006582282134463966 0.10882489209918739 0.2799999999999999
111 -0.0004957480249748882 -0.10853000005651792 0.2799999999999999
112 0.14651294713723192 -1.2475151293747387e-05 0.2799999999999999
113 -0.16192887986952884 0.1543737148742716 0.27999999999999986
114 -0.14772162417623996 0.00018801029583024974 0.2799999999999999
115 -0.16189447901292509 -0.15424312914256214 0.2799999999999999
116 0.1614651236851231 -0.15426980421127384 0.27999999999999997
117 0.39999999999999997 0.39999999999999997 -0.39999999999999997
118 0.2799999999999999 0.2799999999999999 -0.2799999999999999
119 0.39999999999999997 -0.39999999999999997 -0.39999999999999997
120 0.2799999999999999 -0.2799999999999999 -0.2799999999999999
121 -0.39999999999999997 -0.39999999999999997 -0.39999999999999997
122 -0.2799999999999999 -0.2799999999999999 -0.2799999999999999
123 -0.39999999999999997 0.39999999999999997 -0.39999999999999997
124 -0.2799999999999999 0.2799999999999999 -0.2799999999999999
125 0.2799999999999999 -0.10192498740527745 -0.2799999999999999
126 0.2799999999999999 0.10192498740527747 -0.2799999999999999
127 0.4 0.13723863063876252 -0.4
128 0.39999999999999986 -0.13723863063876246 -0.39999999999999986
129 -0.10192498740527745 -0.2799999999999999 -0.2799999999999999
130 0.10192498740527747 -0.2799999999999999 -0.2799999999999999
131 0.13723863063876252 -0.4 -0.4
132 -0.13723863063876246 -0.39999999999999986 -0.39999999999999986
133 -0.2799999999999999 0.10192498740527745 -0.2799999999999999
134 -0.2799999999999999 -0.10192498740527747 -0.2799999999999999
135 -0.4 -0.13723863063876252 -0.4
136 -0.39999999999999986 0.13723863063876246 -0.39999999999999986
137 0.10192498740527745 0.2799999999999999 -0.2799999999999999
138 -0.10192498740527747 0.2799999999999999 -0.2799999999999999
139 -0.13723863063876252 0.4 -0.4
140 0.13723863063876246 0.39999999999999986 -0.39999999999999986
141 0.0002619477303334743 -0.21205103994290042 -0.3999999999999999
142 -0.21804462547459053 0.22833968260789306 -0.3999999999999999
143 -0.21801136317052877 -0.22992760224183165 -0.39999999999999997
144 0.21819991027758245 -0.23005135230946996 -0.4
145 0.1549022971372249 -0.0026879028021794256 -0.39999999999999997
146 -0.15448122703448536 -0.0020691783086254265 -0.4
147 0.21815468534199559 0.22821680493103924 -0.4
148 6.659189877184014e-05 0.2082245524319395 -0.4
149 0.00018810139570428984 -0.14879813360121538 -0.2799999999999999
150 -0.15425117297545965 0.1611998656711887 -0.2799999999999999
151 -0.15425399432477507 -0.16229510700012068 -0.2799999999999999
152 0.15438602552391845 -0.16238306672370595 -0.27999999999999997
153 0.10882502166562631 -0.0019083259538265986 -0.2799999999999999
154 -0.10853007733959429 -0.0014689659844762245 -0.2799999999999999
155 0.15432510566643887 0.1611165934766589 -0.27999999999999997
156 4.777041019619776e-05 0.14612441271192012 -0.2799999999999999
157 -0.2799999999999999 -0.2799999999999999 -0.10192498740527745
158 -0.2799999999999999 -0.2799999999999999 0.10192498740527747
159 -0.4 -0.4 0.13723863063876252
160 -0.39999999999999986 -0.39999999999999986 -0.13723863063876246
161 0.2799999999999999 -0.2799999999999999 -0.10192498740527745
162 0.2799999999999999 -0.2799999999999999 0.10192498740527747
163 0.4 -0.4 0.13723863063876252
164 0.39999999999999986 -0.39999999999999986 -0.13723863063876246
165 -0.22902117114014647 -0.39999999999999997 -0.21848250222963222
166 0.00011207904313970085 -0.4 -0.15571550500119763
167 -0.20967955027349533 -0.3999999999999999 -0.0008855603550270046
168 -0.2290034251815673 -0.3999999999999999 0.217783162709475
169 0.229126480516057 -0.3999999999999999 0.21778870095899847
170 0.22911280537725143 -0.3999999999999999 -0.21847771414838096
171 0.20991503593092825 -0.39999999999999997 -0.0008598697832977269
172 0.00019088935366820894 -0.4 0.1539749116343021
173 -0.16167615251871992 -0.2799999999999999 -0.15456416021559377
174 7.958181839832206e-05 -0.27999999999999997 -0.10939440016573435
175 -0.14714112546309105 -0.2799999999999999 -0.0006355074393383767
176 -0.16165428749878208 -0.2799999999999999 0.1540815775860738
177 0.16173927737506394 -0.2799999999999999 0.15408739552367906
178 0.161739312548496 -0.2799999999999999 -0.1545623395304648
179 0.14730566989548918 -0.2799999999999999 -0.0006171093598839996
180 0.00013550817764681255 -0.2799999999999999 0.10817540138662814
181 -0.2799999999999999 0.2799999999999999 -0.10192498740527745
182 -0.2799999999999999 0.2799999999999999 0.10192498740527747
183 -0.4 0.4 0.13723863063876252
184 -0.39999999999999986 0.39999999999999986 -0.13723863063876246
185 -0.3999999999999999 -0.16502269266645025 0.03965545750547965
186 -0.3999999999999999 0.2109534708303853 0.22595545552356353
187 -0.3999999999999999 0.12694547960107744 -0.018812996233325503
188 -0.3999999999999999 -0.008059361398680442 0.21309672819163006
189 -0.3999999999999999 -0.22179402520221497 0.23762989743263213
190 -0.4 -0.08768898340972889 -0.1847151488831314
191 -0.2799999999999999 -0.11593845927004506 0.028183866776590825
192 -0.2799999999999999 0.14931830895416687 0.15945797482368343
193 -0.2799999999999999 0.08923893467758173 -0.013311595963887169
194 -0.2799999999999999 -0.005788790093194284 0.1495294706919448
195 -0.2799999999999999 -0.156988117252172 0.16765788285288358
196 -0.28 -0.062404909876899804 -0.1298241428753323
197 0.2799999999999999 0.2799999999999999 -0.10192498740527745
198 0.2799999999999999 0.2799999999999999 0.10192498740527747
199 0.4 0.4 0.13723863063876252
200 0.39999999999999986 0.39999999999999986 -0.13723863063876246
201 -0.16502269266645025 0.3999999999999999 0.03965545750547965
202 0.2109534708303853 0.3999999999999999 0.22595545552356353
203 0.12694547960107744 0.3999999999999999 -0.018812996233325503
204 -0.008059361398680442 0.3999999999999999 0.21309672819163006
205 -0.22179402520221497 0.3999999999999999 0.23762989743263213
206 -0.08768898340972889 0.4 -0.1847151488831314
207 -0.11593845927004506 0.2799999999999999 0.028183866776590825
208 0.14931830895416687 0.2799999999999999 0.15945797482368343
209 0.08923893467758173 0.2799999999999999 -0.013311595963887169
210 -0.005788790093194284 0.2799999999999999 0.1495294706919448
211 -0.156988117252172 0.2799999999999999 0.16765788285288358
212 -0.062404909876899804 0.28 -0.1298241428753323
213 0.39999999999999997 -0.22902117114014647 -0.21848250222963222
214 0.4 0.00011207904313970085 -0.15571550500119763
215 0.3999999999999999 -0.20967955027349533 -0.0008855603550270046
216 0.3999999999999999 -0.2290034251815673 0.217783162709475
217 0.3999999999999999 0.229126480516057 0.21778870095899847
218 0.3999999999999999 0.22911280537725143 -0.21847771414838096
219 0.39999999999999997 0.20991503593092825 -0.0008598697832977269
220 0.4 0.00019088935366820894 0.1539749116343021
221 0.2799999999999999 -0.16167615251871992 -0.15456416021559377
222 0.27999999999999997 7.958181839832206e-05 -0.10939440016573435
223 0.2799999999999999 -0.14714112546309105 -0.0006355074393383767
224 0.2799999999999999 -0.16165428749878208 0.1540815775860738
225 0.2799999999999999 0.16173927737506394 0.15408739552367906
226 0.2799999999999999 0.161739312548496 -0.1545623395304648
227 0.2799999999999999 0.14730566989548918 -0.0006171093598839996
228 0.2799999999999999 0.00013550817764681255 0.10817540138662814
229 0.01505368425627751 -0.0010655247843412985 0.1148835743401524
230 -0.10823301692827836 0.087746678353406 0.13452515797756492
231 -0.12001851254164175 -0.1103246109068049 0.15434925388309295
232 0.10846602277235728 -0.13922167692546739 0.13457782009852937
233 0.08313223271983217 0.1858917383647195 -0.12087411564291062
234 0.0001669761284582849 0.04750071149981394 -0.1308562533166051
235 0.16312917455797415 0.06744961889569456 -0.12686613288279835
236 -0.08723464641302803 -0.10976168120884122 -0.13589734010796195
237 0.08739607982059572 -0.11057018254840412 -0.13708262092126722
238 -0.15716598118506875 0.1032674441460687 -0.1256092309018948
239 0.1215263441459894 0.12428752476717286 0.09075830752144387
240 0.14095977969678397 -0.03644856232284621 -0.003753571785912291
241 -0.049073614653190156 -0.13118824248180538 -0.0006989286768133152
242 -0.13899009254169392 -0.005364645460357198 0.0035467043220678285
243 -0.043908561678818625 0.14631997209388103 0.0009511714116997583
244 0.75 -0.75 0.75
245 0.75 0.75 0.75
246 -0.75 0.75 0.75
247 -0.75 -0.75 0.75
248 0.75 0.75 -0.75
249 0.75 -0.75 -0.75
250 -0.75 -0.75 -0.75
251 -0.75 0.75 -0.75
252 0.75 -0.375 0.75
253 0.75 0.0 0.75
254 0.75 0.375 0.75
255 0.375 0.75 0.75
256 0.0 0.75 0.75
257 -0.375 0.75 0.75
258 -0.75 0.375 0.75
259 -0.75 0.0 0.75
260 -0.75 -0.375 0.75
261 -0.375 -0.75 0.75
262 0.0 -0.75 0.75
263 0.375 -0.75 0.75
264 0.38993137339859185 0.19826944672643987 0.75
265 0.4064460624024515 -0.16510426654213206 0.75
266 0.16705687153481996 0.4010870220476743 0.75
267 -0.19300841030293325 0.3842725992893068 0.75
268 -0.40263530295789507 0.1645296464249646 0.75
269 -0.3845630481014308 -0.1931785547871061 0.75
270 -0.16582994804815754 -0.40539966834608343 0.75
271 0.1938457875653694 -0.3846605183985079 0.75
272 0.005594880856565565 -0.005594880856565565 0.75
273 0.75 0.375 -0.75
274 0.75 0.0 -0.75
275 0.75 -0.375 -0.75
276 0.375 -0.75 -0.75
277 0.0 -0.75 -0.75
278 -0.375 -0.75 -0.75
279 -0.75 -0.375 -0.75
280 -0.75 0.0 -0.75
281 -0.75 0.375 -0.75
282 -0.375 0.75 -0.75
283 0.0 0.75 -0.75
284 0.375 0.75 -0.75
285 0.20111313197350666 -0.3929690771095604 -0.75
286 0.4034281073848578 0.17242383969390063 -0.75
287 0.4018187004449114 -0.17230315146050157 -0.75
288 -0.1999132466996023 -0.39221341068555216 -0.75
289 -0.39727167334900826 -0.17209359044685657 -0.75
290 -0.4008778181960264 0.17212735758772246 -0.75
291 -0.20751094828083572 0.3980139437932997 -0.75
292 0.20734057202239242 0.3986428372767512 -0.75
293 0.005594880856565565 0.005594880856565565 -0.75
294 -0.75 -0.75 0.375
295 -0.75 -0.75 0.0
296 -0.75 -0.75 -0.375
297 0.75 -0.75 -0.375
298 0.75 -0.75 0.0
299 0.75 -0.75 0.375
300 0.3923244099173213 -0.75 -0.20065718549662281
301 -0.3966253177926413 -0.75 -0.20457930509831068
302 -0.3973676963777497 -0.75 0.20411733667931076
303 -0.17262911273644055 -0.75 -0.3980238380686141
304 0.17120043706800958 -0.75 -0.39949288037682207
305 0.3928609792084128 -0.75 0.20038630748309316
306 0.17152398239088762 -0.75 0.40199402956167285
307 -0.17321274774852258 -0.75 0.40261291174285896
308 -0.005594880856565565 -0.75 0.005594880856565565
309 -0.75 0.75 0.375
310 -0.75 0.75 0.0
311 -0.75 0.75 -0.375
312 -0.75 0.4055811193803791 -0.16603766599121883
313 -0.75 0.38516155512426353 0.1934288442936707
314 -0.75 0.19319597760147644 -0.38414130204430164
315 -0.75 -0.1666601205083822 -0.40084657744182906
316 -0.75 -0.3838780055494784 -0.19306767173731676
317 -0.75 -0.40187903816475434 0.16739450215710416
318 -0.75 -0.19336136926025982 0.3844578971420416
319 -0.75 0.16651455857271036 0.40650745011763956
320 -0.75 0.005594880856565565 0.005594880856565565
321 0.75 0.75 0.375
322 0.75 0.75 0.0
323 0.75 0.75 -0.375
324 0.3966247185412546 0.75 -0.20458153785357935
325 0.3973676865973612 0.75 0.2041171733488485
326 0.17257022772217678 0.75 -0.3980058098885766
327 -0.1715927824114314 0.75 -0.4002223387642121
328 -0.388188354441348 0.75 -0.1975741369705417
329 -0.39287977502060767 0.75 0.20054719630763818
330 -0.17150477110494888 0.75 0.40199686820729785
331 0.17321513162008406 0.75 0.402612849931955
332 0.005594880856565565 0.75 0.005594880856565565
333 0.75 0.4006588561920865 -0.17099005654106114
334 0.75 -0.40558111938037844 -0.16603766599121816
335 0.75 -0.38516155512426353 0.1934288442936707
336 0.75 -0.19319597760147644 -0.3841413020443014
337 0.75 0.1926624820250884 -0.383844669957601
338 0.75 0.4016220200880647 0.17284198340758516
339 0.75 0.1933173324233033 0.38447346449093356
340 0.75 -0.16652942683712824 0.4065080555227807
341 0.75 -0.005594880856565565 0.005594880856565565
342 -0.31467350930495896 -0.17762397714852482 0.3999999999999999
343 -0.3999999999999999 -0.2686193153193812 0.3999999999999999
344 -0.31467350930495896 -0.30900466182914355 0.3999999999999999
345 -0.2577086846433619 -0.24492153391719018 0.44999999999999996
346 -0.44999999999999996 -0.15195264865271454 0.44999999999999996
347 -0.44999999999999996 -0.44999999999999996 0.44999999999999996
348 -0.3930351753384029 -0.2192502054213799 0.5
349 -0.5 -0.3333333333333333 0.5
350 -0.3930351753384029 -0.3859168720880466 0.5
351 -0.10560432413683764 -0.07710964166760853 0.3999999999999999
352 -0.21992867966094512 -0.10887369733263616 0.3999999999999999
353 -0.11502266308581054 -0.18624526799325955 0.3999999999999999
354 -0.0007842391266164484 -0.1736545252908649 0.44999999999999996
355 -0.23666262836890223 0.0002938565163566846 0.44999999999999996
356 -0.13184254335868104 -0.09625102710689969 0.5
357 -0.274442633351319 -0.13575398006819733 0.5
358 -0.1434702606841678 -0.23233079121479552 0.5
359 -0.11516012651398314 0.18654993615052876 0.3999999999999999
360 -0.2199517359843655 0.10922976440605592 0.3999999999999999
361 -0.10571873124158987 0.0775821007374877 0.3999999999999999
362 -0.0010412048880440246 0.174127978667968 0.44999999999999996
363 -0.2577602526981173 0.24513341346558254 0.44999999999999996
364 -0.1436413310721782 0.2327114559830218 0.5
365 -0.274471145082654 0.1361975055758833 0.5
366 -0.13198510201535638 0.09683973444683698 0.5
367 -0.06908287620498499 0.27745113624098017 0.3999999999999999
368 -0.1833158809477606 0.3090987999095484 0.3999999999999999
369 -0.15195264865271454 0.44999999999999996 0.44999999999999996
370 -0.08391097733577359 0.3466768424269877 0.5
371 -0.22639702040307125 0.3860346135560341 0.5
372 0.2187294815390125 0.10906110533353229 0.3999999999999999
373 0.113875633871526 0.18652093549149135 0.3999999999999999
374 0.10392672589627899 0.07744244232400149 0.3999999999999999
375 0.23471721413720678 -1.9508155013940307e-05 0.44999999999999996
376 0.2569557180943732 0.24506967155496823 0.44999999999999996
377 0.2729434506925674 0.135989058066422 0.5
378 0.14203887933480316 0.2326767147314449 0.5
379 0.12974928335288377 0.09666602818895258 0.5
380 0.3043902867818827 0.06861062140240246 0.3999999999999999
381 0.3143391947571297 0.17768911456989228 0.3999999999999999
382 0.44999999999999996 0.15195264865271454 0.44999999999999996
383 0.38032692735532403 0.08332251909529816 0.5
384 0.3926165233372434 0.2193332056377905 0.5
385 0.18298117806093112 -0.3090313260003214 0.3999999999999999
386 0.11401270896069836 -0.18627193216443744 0.3999999999999999
387 0.0682701615385297 -0.2772406061641159 0.3999999999999999
388 0.15195264865271454 -0.44999999999999996 0.44999999999999996
389 0.25700689781012837 -0.24498293933994497 0.44999999999999996
390 0.2259783684019118 -0.38595161333962347 0.5
391 0.14220994972281356 -0.23236553246637243 0.5
392 0.0828982479875684 -0.3464139191267489 0.5
393 0.2686193153193812 -0.3999999999999999 0.3999999999999999
394 0.31436186274154987 -0.30903132600032146 0.39999999999999997
395 0.44999999999999996 -0.44999999999999996 0.44999999999999996
396 0.3333333333333333 -0.5 0.5
397 0.3926450350685785 -0.38595161333962347 0.5
398 -0.30525517035598604 -0.0684883508228738 0.3999999999999999
399 -0.3814074580129161 -0.08317044131348407 0.5
400 0.21875214952343264 -0.10904001991730025 0.3999999999999999
401 0.10404113300103122 -0.07724930008109474 0.3999999999999999
402 0.27297196242390254 -0.13596242757765867 0.5
403 0.1298918420095591 -0.09642473336478409 0.5
404 -0.06896846910023278 -0.27724060616411594 0.39999999999999997
405 -2.7755575615628914e-17 -0.3999999999999999 0.3999999999999999
406 -0.1519526486527146 -0.45 0.45
407 -0.08376841867909826 -0.3464139191267489 0.5
408 -2.7755575615628914e-17 -0.5 0.5
409 -0.3146965656283794 0.17771811522892975 0.39999999999999997
410 -0.30525517035598615 0.06875027981588869 0.39999999999999997
411 -0.45 0.1519526486527146 0.45
412 -0.39306368706973793 0.2193679468893674 0.5
413 -0.3814074580129161 0.08349622535318259 0.5
414 -0.2686193153193812 0.3999999999999999 0.3999999999999999
415 -0.31469656562837933 0.30909879990954847 0.3999999999999999
416 -0.44999999999999996 0.44999999999999996 0.44999999999999996
417 -0.3333333333333333 0.5 0.5
418 -0.39306368706973793 0.3860346135560341 0.5
419 -0.3999999999999999 2.7755575615628914e-17 0.3999999999999999
420 -0.5 2.7755575615628914e-17 0.5
421 0.3999999999999999 0.2686193153193812 0.3999999999999999
422 0.31433919475712974 0.30906979925051103 0.3999999999999999
423 0.44999999999999996 0.44999999999999996 0.44999999999999996
424 0.5 0.3333333333333333 0.5
425 0.3926165233372434 0.3859998723044572 0.5
426 -0.18329282462434027 -0.3090046618291436 0.39999999999999997
427 -0.22636850867173622 -0.3859168720880466 0.5
428 0.4 -0.2686193153193812 0.4
429 0.31436186274154987 -0.17765064131970273 0.4
430 0.45 -0.1519526486527146 0.45
431 0.5 -0.33333333333333337 0.5
432 0.3926450350685785 -0.21928494667295684 0.5
433 0.30439028678188274 -0.06862800923636003 0.39999999999999997
434 0.38032692735532403 -0.0833441475713685 0.5
435 -0.2686193153193812 -0.4 0.4
436 -0.33333333333333337 -0.5 0.5
437 -0.0008127146664552803 0.00021053007686430703 0.3999999999999999
438 -0.0010127293482051927 0.0002629233002388043 0.5
439 -0.4 0.2686193153193812 0.4
440 -0.5 0.33333333333333337 0.5
441 0.3999999999999999 -2.7755575615628914e-17 0.3999999999999999
442 0.5 -2.7755575615628914e-17 0.5
443 0.182958510076511 0.3090697992505111 0.39999999999999997
444 0.2686193153193812 0.4 0.4
445 0.1519526486527146 0.45 0.45
446 0.22594985667057677 0.3859998723044572 0.5
447 0.33333333333333337 0.5 0.5
448 2.7755575615628914e-17 0.3999999999999999 0.3999999999999999
449 0.0681557544337775 0.2774511362409803 0.39999999999999997
450 2.7755575615628914e-17 0.5 0.5
451 0.08275568933089307 0.3466768424269877 0.5
452 -0.2209472395064625 -0.12808405827391978 0.2799999999999999
453 -0.2799999999999999 -0.19096249370263868 0.2799999999999999
454 -0.2209472395064625 -0.217121564571281 0.2799999999999999
455 -0.19562074881142155 -0.18612622640042464 0.3399999999999999
456 -0.33999999999999986 -0.11958180902201995 0.33999999999999986
457 -0.33999999999999997 -0.33999999999999997 0.33999999999999997
458 -0.07410868610060743 -0.05417099488034383 0.2799999999999999
459 -0.15480805159458252 -0.07702755942336595 0.2799999999999999
460 -0.08119511351895 -0.13138656459954 0.2799999999999999
461 -0.0005970277933389701 -0.13150560619237492 0.3399999999999999
462 -0.1791159824441061 0.00022496964442255982 0.3399999999999999
463 -0.08129355404148762 0.1315993034867295 0.2799999999999999
464 -0.15482525202288439 0.07728086258505092 0.2799999999999999
465 -0.07418992619484319 0.05450645119750882 0.2799999999999999
466 -0.0007926749923269525 0.13186358229057396 0.3399999999999999
467 -0.1956610055631438 0.18628565734668429 0.33999999999999986
468 -0.05129160780936192 0.19441244604959365 0.2799999999999999
469 -0.13192693363740315 0.21718685743713576 0.2799999999999999
470 -0.11958180902201995 0.33999999999999986 0.33999999999999986
471 0.1539739238331026 0.07715483251728288 0.2799999999999999
472 0.08038833615776343 0.13157351614252344 0.2799999999999999
473 0.07292735946189276 0.05440620847394682 0.2799999999999999
474 0.1776467603504987 -1.4931492625650464e-05 0.3399999999999999
475 0.1950566450216164 0.1862308693434408 0.33999999999999986
476 0.21325647356861593 0.050956256126991846 0.2799999999999999
477 0.22071745026448658 0.12812356379556847 0.2799999999999999
478 0.33999999999999986 0.11958180902201995 0.33999999999999986
479 0.13169505554520028 -0.21713490210563688 0.2799999999999999
480 0.0804846878300741 -0.13139990213389588 0.2799999999999999
481 0.05071461969015128 -0.19426500002825892 0.2799999999999999
482 0.11958180902201995 -0.33999999999999986 0.33999999999999986
483 0.19509442458411144 -0.1861662281059584 0.33999999999999997
484 0.19096249370263868 -0.2799999999999999 0.2799999999999999
485 0.22073256184256151 -0.21713490210563688 0.2799999999999999
486 0.33999999999999997 -0.33999999999999997 0.33999999999999997
487 -0.21386081208811994 -0.0508684885547236 0.2799999999999999
488 0.15398903541117753 -0.07714113968128379 0.2799999999999999
489 0.07300859955612851 -0.054271237603905835 0.2799999999999999
490 -0.05121036771512618 -0.19426500002825892 0.2799999999999999
491 -1.3877787807814457e-17 -0.2799999999999999 0.2799999999999999
492 -0.11958180902202 -0.33999999999999997 0.33999999999999997
493 -0.2209644399347644 0.12814935113977455 0.2799999999999999
494 -0.21386081208811994 0.05105649885055386 0.2799999999999999
495 -0.33999999999999997 0.11958180902202 0.33999999999999997
496 -0.19096249370263868 0.2799999999999999 0.2799999999999999
497 -0.2209644399347644 0.21718685743713576 0.2799999999999999
498 -0.33999999999999997 0.33999999999999997 0.33999999999999997
499 -0.2799999999999999 1.3877787807814457e-17 0.2799999999999999
500 0.2799999999999999 0.19096249370263868 0.2799999999999999
501 0.22071745026448658 0.2171610700929297 0.2799999999999999
502 0.33999999999999997 0.33999999999999997 0.33999999999999997
503 -0.13190973320910127 -0.217121564571281 0.2799999999999999
504 0.2799999999999999 -0.19096249370263868 0.2799999999999999
505 0.22073256184256151 -0.12809739580827567 0.2799999999999999
506 0.33999999999999997 -0.11958180902202 0.33999999999999997
507 0.21325647356861593 -0.05096873127828561 0.2799999999999999
508 -0.19096249370263868 -0.2799999999999999 0.2799999999999999
509 -0.0005769881192106424 0.00014744602133473506 0.2799999999999999
510 -0.2799999999999999 0.19096249370263868 0.2799999999999999
511 0.2799999999999999 -1.3877787807814457e-17 0.2799999999999999
512 0.13167994396712537 0.2171610700929297 0.2799999999999999
513 0.19096249370263868 0.2799999999999999 0.2799999999999999
514 0.11958180902202 0.33999999999999997 0.33999999999999997
515 1.3877787807814457e-17 0.2799999999999999 0.2799999999999999
516 0.05063337959591554 0.19441244604959365 0.2799999999999999
517 -0.2772406135172426 0.06758472616506851 -0.3999999999999999
518 -0.3090223127372952 0.18278915662332776 -0.3999999999999999
519 -0.18626292625453794 0.11313525214963381 -0.39999999999999997
520 -0.1736545326439916 -0.0023238051997165306 -0.45
521 -0.44999999999999996 0.15195264865271454 -0.44999999999999996
522 -0.24496347975210533 0.2565745848904379 -0.44999999999999996
523 -0.34641391912674896 0.0820441172879295 -0.5
524 -0.38594116701481007 0.22573807691982467 -0.5
525 -0.23235508614155903 0.14111552754108753 -0.5
526 -0.10898901678790934 0.21828211751991627 -0.39999999999999997
527 -0.07720731756785676 0.10307768706165703 -0.4
528 7.471333541790153e-05 0.23409187686049704 -0.45
529 -0.1358997496287781 0.27238434423101865 -0.5
530 -0.09637250174071696 0.12869038459912346 -0.5
531 -0.0684883414542145 -0.3060255199714501 -0.3999999999999999
532 -0.17762499690464562 -0.31496380112091577 -0.3999999999999999
533 -0.10887470772009765 -0.22098932109236602 -0.3999999999999999
534 0.00029386588501598685 -0.23839541216012272 -0.44999999999999996
535 -0.15195264865271454 -0.44999999999999996 -0.44999999999999996
536 -0.24492255367331098 -0.25836228943439776 -0.44999999999999996
537 -0.08317044131348407 -0.3823698921886725 -0.5
538 -0.2192502054213799 -0.39339848831348195 -0.5
539 -0.13575398006819733 -0.27576838050215446 -0.5
540 -0.18624629510250706 -0.11599839027522854 -0.4
541 -0.07710963965207594 -0.10706010912576293 -0.39999999999999997
542 -0.23233079121479555 -0.14468770435888578 -0.5
543 -0.0962510271068997 -0.13365910823407634 -0.5
544 0.068750289184548 -0.3060255199714502 -0.39999999999999997
545 0.10923092900395796 -0.22105119612618518 -0.39999999999999997
546 0.17771927045817248 -0.315025676154735 -0.4
547 0.1519526486527146 -0.45 -0.45
548 0.24513456869482528 -0.25850126137742163 -0.45
549 0.08349622535318259 -0.3823698921886725 -0.5
550 0.1361975055758833 -0.2758454774113592 -0.5
551 0.2193679468893674 -0.39347558522268666 -0.5
552 0.3090999551387912 -0.315025676154735 -0.4
553 0.2686193153193812 -0.4 -0.4
554 0.44999999999999996 -0.44999999999999996 -0.44999999999999996
555 0.3860346135560341 -0.39347558522268666 -0.5
556 0.33333333333333337 -0.5 -0.5
557 0.3090773426709978 0.18272771778490088 -0.4
558 0.3090773426709978 0.31410840246551963 -0.4
559 0.4 0.2686193153193812 -0.4
560 0.45 0.1519526486527146 -0.45
561 0.24508766130026838 0.25643604914280627 -0.45
562 0.44999999999999996 0.44999999999999996 -0.44999999999999996
563 0.3860103186292706 0.22566098001062 -0.5
564 0.3860103186292706 0.39232764667728665 -0.5
565 0.5 0.33333333333333337 -0.5
566 0.10911063862038371 0.21822067868148937 -0.4
567 0.18652849123961024 0.11276445106442991 -0.4
568 0.07748444451799837 0.10276832481488003 -0.4
569 0.17412799099560017 -0.003018651992517208 -0.44999999999999996
570 0.13605173601530257 0.27230724732181394 -0.5
571 0.23268716105625833 0.14065294608585915 -0.5
572 0.09671825981301972 0.1283049000530998 -0.5
573 -0.06858601936999534 0.30411227621596976 -0.4
574 -2.7755575615628914e-17 0.3999999999999999 -0.3999999999999999
575 0.06865261126876715 0.3041122762159697 -0.3999999999999999
576 -0.1519526486527146 0.45 -0.45
577 0.15195264865271454 0.44999999999999996 -0.44999999999999996
578 -0.08329191594730136 0.3799796006445273 -0.5
579 -2.7755575615628914e-17 0.5 -0.5
580 0.0833747507193653 0.3799796006445273 -0.5
581 0.00021053505136976736 -0.002378540555402426 -0.4
582 0.0002629233002387904 -0.002963916636831313 -0.5
583 0.07758212243377918 -0.10736947137253992 -0.3999999999999999
584 0.09683973444683698 -0.1340445927801 -0.5
585 -0.17764162805667652 0.31416984130394654 -0.39999999999999997
586 -0.21927450034814341 0.39240474358649136 -0.5
587 0.27745114856861247 0.06727536391829154 -0.4
588 0.3466768424269877 0.08165863274190585 -0.5
589 -0.3090056815852644 -0.18358311644029707 -0.4
590 -0.2772406135172427 -0.06965390447369398 -0.4
591 -0.45 -0.1519526486527146 -0.45
592 -0.3859168720880466 -0.2267318216468153 -0.5
593 -0.34641391912674896 -0.08462254937873716 -0.5
594 0.3999999999999999 2.7755575615628914e-17 -0.3999999999999999
595 0.27745114856861236 -0.06996326672047094 -0.3999999999999999
596 0.44999999999999996 -0.15195264865271454 -0.44999999999999996
597 0.5 2.7755575615628914e-17 -0.5
598 0.3466768424269877 -0.0850080339247608 -0.5
599 0.17769665799037904 0.3141084024655195 -0.3999999999999999
600 0.2193436519626039 0.39232764667728665 -0.5
601 0.2686193153193812 0.3999999999999999 -0.3999999999999999
602 0.3333333333333333 0.5 -0.5
603 -0.3999999999999999 -2.7755575615628914e-17 -0.3999999999999999
604 -0.5 -2.7755575615628914e-17 -0.5
605 -0.30902231273729525 0.31416984130394654 -0.3999999999999999
606 -0.2686193153193812 0.4 -0.4
607 -0.44999999999999996 0.44999999999999996 -0.44999999999999996
608 -0.38594116701481007 0.39240474358649136 -0.5
609 -0.33333333333333337 0.5 -0.5
610 0.1865511037074037 -0.1163696275558247 -0.4
611 0.2327114559830218 -0.14515028581411415 -0.5
612 0.3090999551387912 -0.18364499147411623 -0.3999999999999999
613 0.3860346135560341 -0.22680891855601998 -0.5
614 0.3999999999999999 -0.2686193153193812 -0.3999999999999999
615 0.5 -0.3333333333333333 -0.5
616 -0.30900568158526437 -0.3149638011209158 -0.39999999999999997
617 -0.4 -0.2686193153193812 -0.4
618 -0.44999999999999996 -0.44999999999999996 -0.44999999999999996
619 -0.3859168720880466 -0.39339848831348195 -0.5
620 -0.5 -0.33333333333333337 -0.5
621 -0.2686193153193812 -0.3999999999999999 -0.3999999999999999
622 -0.3333333333333333 -0.5 -0.5
623 -0.3999999999999999 0.2686193153193812 -0.3999999999999999
624 -0.5 0.3333333333333333 -0.5
625 2.7755575615628914e-17 -0.3999999999999999 -0.3999999999999999
626 2.7755575615628914e-17 -0.5 -0.5
627 -0.1942650386697971 0.05022801071040061 -0.2799999999999999
628 -0.21712558648772978 0.13156242653823308 -0.2799999999999999
629 -0.13139062515752697 0.07986544984335625 -0.2799999999999999
630 -0.13150565218703983 -0.0017690721465508255 -0.33999999999999997
631 -0.33999999999999986 0.11958180902201995 -0.33999999999999986
632 -0.1861478992250251 0.19476977413954089 -0.3399999999999999
633 -0.07710170128263173 0.15366213919155441 -0.2799999999999999
634 -0.05424115346469904 0.07232772336372195 -0.2799999999999999
635 5.7181154484018954e-05 0.1771744825719298 -0.33999999999999997
636 -0.05086844300478658 -0.21439906680060766 -0.2799999999999999
637 -0.12808949086502625 -0.2211475535000603 -0.2799999999999999
638 -0.07703294646453539 -0.15554662030066801 -0.2799999999999999
639 0.00022502456301888208 -0.18042458677205792 -0.3399999999999999
640 -0.11958180902201995 -0.33999999999999986 -0.33999999999999986
641 -0.18613267874765194 -0.19611135462097617 -0.33999999999999997
642 -0.13139203583218467 -0.08188203649229844 -0.2799999999999999
643 -0.054170987971945 -0.0751335497928458 -0.2799999999999999
644 0.05105654440049088 -0.21439906680060766 -0.2799999999999999
645 0.07728706345981137 -0.15559060016246068 -0.2799999999999999
646 0.12815550646459795 -0.22119153336185293 -0.2799999999999999
647 0.11958180902202 -0.33999999999999997 -0.33999999999999997
648 0.18629296790075045 -0.19621720951658794 -0.33999999999999997
649 0.21719301276195918 -0.22119153336185293 -0.2799999999999999
650 0.19096249370263868 -0.2799999999999999 -0.2799999999999999
651 0.33999999999999997 -0.33999999999999997 -0.33999999999999997
652 0.2171625528332194 0.1315207904409682 -0.2799999999999999
653 0.2171625528332194 0.2205582967383294 -0.2799999999999999
654 0.2799999999999999 0.19096249370263868 -0.2799999999999999
655 0.33999999999999997 0.11958180902202 -0.33999999999999997
656 0.1862398955042172 0.19466669920384908 -0.33999999999999997
657 0.33999999999999997 0.33999999999999997 -0.33999999999999997
658 0.07718643803831753 0.1536205030942895 -0.2799999999999999
659 0.13157506366603258 0.07960413376141616 -0.2799999999999999
660 0.054436396037911255 0.07210804337904676 -0.2799999999999999
661 0.1318636594014256 -0.002298114378003012 -0.33999999999999997
662 -0.05093860849754064 0.21306220635596002 -0.2799999999999999
663 -1.3877787807814457e-17 0.2799999999999999 -0.2799999999999999
664 0.05098637890773682 0.21306220635596002 -0.2799999999999999
665 -0.11958180902202 0.33999999999999997 -0.33999999999999997
666 0.11958180902201995 0.33999999999999986 -0.33999999999999986
667 0.00014747216301601307 -0.0016886459691514116 -0.2799999999999999
668 0.0545065615306653 -0.07535322977752099 -0.2799999999999999
669 -0.12808808019036855 0.22059993283559431 -0.2799999999999999
670 0.1944125108328131 0.050008330725725435 -0.2799999999999999
671 -0.21712699716238748 -0.1321100472026991 -0.2799999999999999
672 -0.1942650386697971 -0.05169697669487685 -0.2799999999999999
673 -0.33999999999999997 -0.11958180902202 -0.33999999999999997
674 0.2799999999999999 1.3877787807814457e-17 -0.2799999999999999
675 0.1944125108328131 -0.051916656679552024 -0.2799999999999999
676 0.33999999999999986 -0.11958180902201995 -0.33999999999999986
677 0.12812504653585816 0.2205582967383294 -0.2799999999999999
678 0.19096249370263868 0.2799999999999999 -0.2799999999999999
679 -0.2799999999999999 -1.3877787807814457e-17 -0.2799999999999999
680 -0.21712558648772978 0.22059993283559431 -0.2799999999999999
681 -0.19096249370263868 0.2799999999999999 -0.2799999999999999
682 -0.33999999999999997 0.33999999999999997 -0.33999999999999997
683 0.13160552359477237 -0.08214569633876627 -0.2799999999999999
684 0.21719301276195918 -0.1321540270644917 -0.2799999999999999
685 0.2799999999999999 -0.19096249370263868 -0.2799999999999999
686 -0.21712699716238748 -0.2211475535000603 -0.2799999999999999
687 -0.2799999999999999 -0.19096249370263868 -0.2799999999999999
688 -0.33999999999999997 -0.33999999999999997 -0.33999999999999997
689 -0.19096249370263868 -0.2799999999999999 -0.2799999999999999
690 -0.2799999999999999 0.19096249370263868 -0.2799999999999999
691 1.3877787807814457e-17 -0.2799999999999999 -0.2799999999999999
692 0.3049575179654641 -0.4 0.0681893804277324
693 0.3145632402580285 -0.39999999999999997 0.1775136657988805
694 0.21952075822349262 -0.3999999999999999 0.10846441558785037
695 0.2359931056767246 -0.44999999999999996 -0.0009646972131537451
696 0.45 -0.45 0.1519526486527146
697 0.25746081172922997 -0.44999999999999996 0.2446736187003445
698 0.38103558771126045 -0.5 0.08279857101182846
699 0.39289757147120147 -0.5 0.21911260155417858
700 0.27393315918246197 -0.5 0.13524450589934037
701 0.1146586849348626 -0.39999999999999997 0.1858818062966503
702 0.10505296264229823 -0.4 0.07655752092550219
703 0.00021438098824777516 -0.45 0.17308522590954875
704 0.14301650778261513 -0.5 0.23187703831324294
705 0.13115452402267413 -0.5 0.09556300777089281
706 0.06867535484095111 -0.4 -0.27785775250059885
707 0.18317571800800697 -0.39999999999999997 -0.3092388570741905
708 0.11461244221019556 -0.39999999999999997 -0.1870966095747893
709 0.00012586913758344515 -0.45 -0.17504240931401321
710 0.2574441528207472 -0.44999999999999996 -0.245449407567841
711 0.08340316294934694 -0.5 -0.3471846568134144
712 0.2262210834654548 -0.5 -0.3862105504936505
713 0.14295757974813506 -0.5 -0.23339520730706492
714 0.21951392065408984 -0.3999999999999999 -0.10966879196583934
715 0.10501355748703398 -0.4 -0.07828768739224767
716 0.27392333784338196 -0.5 -0.1367453128151554
717 0.13110541732727407 -0.5 -0.0977194191349193
718 -0.18312990088945447 -0.3999999999999999 -0.30924125111481604
719 -0.3145105855700732 -0.39999999999999997 -0.3092412511148161
720 -0.25734098372905523 -0.44999999999999996 -0.2454549982410119
721 -0.22616373149231533 -0.5 -0.3862137471261958
722 -0.392830398158982 -0.5 -0.3862137471261958
723 -0.2193503607068209 -0.3999999999999999 -0.10968403129232962
724 -0.11445454604850339 -0.4 -0.18709900361541493
725 -0.10478373561517781 -0.39999999999999997 -0.07830053267811232
726 -0.2357282622143381 -0.44999999999999996 -0.0009935256617447184
727 -0.27371888523657245 -0.5 -0.136764492610427
728 -0.14276056854296842 -0.5 -0.2333984039396102
729 -0.13081865746157684 -0.5 -0.09773540229764563
730 -0.10474433045991356 -0.39999999999999997 0.07654467563963754
731 -0.11440626791394955 -0.39999999999999997 0.18587903717188856
732 -0.21934148772753131 -0.3999999999999999 0.108448801177224
733 -0.2573222894106857 -0.44999999999999996 0.24466765294303747
734 -0.13076955076617677 -0.5 0.09554702460816648
735 -0.14270164050848835 -0.5 0.23187384168069766
736 -0.27370906389749244 -0.5 0.13522532610406873
737 -0.31450171259078363 -0.39999999999999997 0.17751089667411876
738 -0.30483977513674765 -0.39999999999999997 0.06817653514186775
739 -0.45 -0.45 0.1519526486527146
740 -0.392820576819902 -0.5 0.2191094049216333
741 -0.38088848707759043 -0.5 0.08278258784910213
742 0.0001514841984039549 -0.4 -0.0008702966834477632
743 0.0001887659274272654 -0.5 -0.0010868867210167138
744 -0.06852387064254715 -0.4 0.27698745581715106
745 -0.1831210279101649 -0.39999999999999997 0.3088915813547375
746 -0.08321439702191967 -0.5 0.3460977700923977
747 -0.22615391015323535 -0.5 0.38577607158829996
748 0.18318255557740973 -0.3999999999999999 0.30889435047949915
749 0.06871475999621533 -0.3999999999999999 0.276987455817151
750 0.22623090480453478 -0.5 0.38577926822084524
751 0.08345226964474699 -0.5 0.3460977700923977
752 0.3145564026886256 -0.3999999999999999 -0.1778581723935717
753 0.30495751796546405 -0.3999999999999999 -0.06904925021103009
754 0.44999999999999996 -0.44999999999999996 -0.15195264865271454
755 0.39288775013212146 -0.5 -0.21954388382698384
756 0.38103558771126045 -0.5 -0.0838680956548382
757 -0.3999999999999999 -0.3999999999999999 2.7755575615628914e-17
758 -0.3048397751367476 -0.3999999999999999 -0.06906209549689474
759 -0.44999999999999996 -0.44999999999999996 -0.15195264865271454
760 -0.5 -0.5 2.7755575615628914e-17
761 -0.38088848707759043 -0.5 -0.08388407881756453
762 0.3999999999999999 -0.3999999999999999 2.7755575615628914e-17
763 0.5 -0.5 2.7755575615628914e-17
764 0.3145632402580285 -0.3999999999999999 0.3088943504794992
765 0.4 -0.4 0.2686193153193812
766 0.39289757147120147 -0.5 0.38577926822084524
767 0.5 -0.5 0.33333333333333337
768 0.3145564026886257 -0.3999999999999999 -0.30923885707419047
769 0.3999999999999999 -0.3999999999999999 -0.2686193153193812
770 0.39288775013212146 -0.5 -0.3862105504936505
771 0.5 -0.5 -0.3333333333333333
772 -0.06856327579781138 -0.3999999999999999 -0.27785775250059874
773 -0.08326350371731972 -0.5 -0.3471846568134144
774 -0.31451058557007316 -0.3999999999999999 -0.17786056643419734
775 -0.3999999999999999 -0.3999999999999999 -0.2686193153193812
776 -0.392830398158982 -0.5 -0.21954708045952911
777 -0.5 -0.5 -0.3333333333333333
778 -0.31450171259078363 -0.3999999999999999 0.3088915813547375
779 -0.4 -0.4 0.2686193153193812
780 -0.392820576819902 -0.5 0.38577607158829996
781 -0.5 -0.5 0.33333333333333337
782 0.21365283494774456 -0.2799999999999999 0.050653939022696735
783 0.22086963868753193 -0.2799999999999999 0.12800619146447828
784 0.15452247363527655 -0.2799999999999999 0.07673514308189754
785 0.1786103529132087 -0.33999999999999997 -0.0007384895715908632
786 0.33999999999999997 -0.33999999999999997 0.11958180902202
787 0.19543287894556047 -0.3399999999999999 0.18593804824133875
788 0.08093739277635538 -0.2799999999999999 0.1311313984551536
789 0.073720589036568 -0.2799999999999999 0.05377914601337207
790 0.00016319876565751073 -0.33999999999999997 0.1310751565104651
791 0.051002284611837895 -0.2799999999999999 -0.19469720008286712
792 0.13183214997688675 -0.2799999999999999 -0.21728116976523237
793 0.08090944718344716 -0.2799999999999999 -0.13197836984809957
794 9.583043076901145e-05 -0.33999999999999997 -0.132554952583466
795 0.1954260589628737 -0.3399999999999999 -0.18652002683942287
796 0.15452249122199258 -0.2799999999999999 -0.0775897244451744
797 0.07369262585694375 -0.2799999999999999 -0.055005754762809174
798 -0.13180056996199868 -0.2799999999999999 -0.21728208010779684
799 -0.22083807625935992 -0.2799999999999999 -0.21728208010779684
800 -0.1953486618294332 -0.33999999999999997 -0.186523331222613
801 -0.15440863899090548 -0.2799999999999999 -0.07759983382746607
802 -0.0807982853501608 -0.2799999999999999 -0.13197928019066407
803 -0.07353077182234637 -0.2799999999999999 -0.05501495380253636
804 -0.1784103378682932 -0.3399999999999999 -0.0007605338971826906
805 -0.07350280864272211 -0.2799999999999999 0.05376994697364488
806 -0.08075938966056763 -0.2799999999999999 0.13112848948635097
807 -0.15439770648093656 -0.2799999999999999 0.07672303507336771
808 -0.1953288563401747 -0.3399999999999999 0.18593237014777442
809 -0.220827143749391 -0.2799999999999999 0.12800328249567564
810 -0.21357056273154548 -0.2799999999999999 0.05064473998296955
811 -0.33999999999999997 -0.33999999999999997 0.11958180902202
812 0.00010754499802256731 -0.2799999999999999 -0.0006094993895531045
813 -0.05089473961381533 -0.2799999999999999 0.19408770069331402
814 -0.13178963745202976 -0.2799999999999999 0.21704078879303684
815 0.1318321323901707 -0.2799999999999999 0.2170436977618395
816 0.051030247791462126 -0.2799999999999999 0.19408770069331402
817 0.22086965627424796 -0.2799999999999999 -0.12824366346787114
818 0.21365283494774456 -0.2799999999999999 -0.051271048382580724
819 0.33999999999999986 -0.33999999999999986 -0.11958180902201995
820 -0.2799999999999999 -0.2799999999999999 1.3877787807814457e-17
821 -0.21357056273154548 -0.2799999999999999 -0.05128024742230791
822 -0.33999999999999986 -0.33999999999999986 -0.11958180902201995
823 0.2799999999999999 -0.2799999999999999 1.3877787807814457e-17
824 0.22086963868753193 -0.2799999999999999 0.2170436977618395
825 0.2799999999999999 -0.2799999999999999 0.19096249370263868
826 0.22086965627424796 -0.2799999999999999 -0.21728116976523237
827 0.2799999999999999 -0.2799999999999999 -0.19096249370263868
828 -0.050922702793439564 -0.2799999999999999 -0.19469720008286712
829 -0.22083807625935992 -0.2799999999999999 -0.1282445738104356
830 -0.2799999999999999 -0.2799999999999999 -0.19096249370263868
831 -0.220827143749391 -0.2799999999999999 0.21704078879303684
832 -0.2799999999999999 -0.2799999999999999 0.19096249370263868
833 -0.39999999999999997 -0.28251134633322517 0.08844704407212109
834 -0.39999999999999997 -0.31089701260110747 0.18743426403569732
835 -0.3999999999999999 -0.1934083589343326 0.1386426774690559
836 -0.44999999999999996 -0.18550419728745976 0.044530856047012235
837 -0.44999999999999996 -0.24916454748519198 0.26702684154844003
838 -0.5 -0.35299285095423466 0.10803646062760576
839 -0.5 -0.3882675348840845 0.23154522616545728
840 -0.5 -0.24126038583831916 0.17291502012639634
841 -0.3999999999999999 -0.1149266933004477 0.2253633128121311
842 -0.3999999999999999 -0.08654102703256535 0.12637609284855486
843 -0.44999999999999996 -0.009041170832194695 0.23957136762882886
844 -0.5 -0.14327902501693898 0.28123489636513777
845 -0.5 -0.10800434108708912 0.15772613082728623
846 -0.3999999999999999 0.0594430591011985 0.09714186597915228
847 -0.3999999999999999 0.10144705471585243 0.2195260918575968
848 -0.3999999999999999 0.16894947521573137 0.10357122964511901
849 -0.44999999999999996 0.14269345097521963 -0.021134474496440604
850 -0.44999999999999996 0.2369852462902246 0.2539033998590956
851 -0.5 0.07420922104182642 0.12129502715323598
852 -0.5 0.12649702074217747 0.27394867563032765
853 -0.5 0.21072922204971284 0.129197695717536
854 -0.39999999999999997 0.30547673541519266 0.18159704308116303
855 -0.39999999999999997 0.26347273980053876 0.05921281720271851
856 -0.45 0.45 0.1519526486527146
857 -0.5 0.38150851087503196 0.2242590054306472
858 -0.5 0.3292207111746809 0.0716053569535555
859 -0.3999999999999999 -0.07264899601872145 0.306548364095815
860 -0.39999999999999997 0.06458963462004104 0.30654836409581504
861 -0.5 -0.08834482346618779 0.38302300353301383
862 -0.5 0.07832184320047887 0.38302300353301383
863 -0.3999999999999999 -0.01903860653268641 0.010421230636077073
864 -0.5 -0.023772139779553753 0.012975150914494561
865 -0.39999999999999997 0.019628248095674275 -0.10176407255822845
866 -0.39999999999999997 -0.12635583803808959 -0.07252984568882587
867 -0.45 -0.09845862784564008 -0.20763420087634205
868 -0.5 0.024606575033905266 -0.12700460281455422
869 -0.5 -0.15760698709501028 -0.09057349914050394
870 -0.3999999999999999 0.3054767354151926 0.31297772776178173
871 -0.4 0.4 0.2686193153193812
872 -0.5 0.38150851087503196 0.3909256720973139
873 -0.5 0.5 0.33333333333333337
874 -0.3999999999999999 -0.2686193153193812 -0.2686193153193812
875 -0.3999999999999999 -0.24384449170486439 -0.16097688976094693
876 -0.4 -0.1124638070242457 -0.29235757444156574
877 -0.5 -0.33333333333333337 -0.3333333333333333
878 -0.5 -0.30461413614077565 -0.1986099597681097
879 -0.5 -0.13794746947410896 -0.3652766264347764
880 -0.3999999999999999 0.024774823614516786 -0.2923575744415656
881 -0.5 0.028719197192557687 -0.3652766264347764
882 -0.3999999999999999 0.13209205511991995 -0.20940649811666268
883 -0.5 0.1625540445080142 -0.26172797637977785
884 -0.39999999999999997 0.1740960507345739 0.3129777277617818
885 -0.5 0.2148418442083653 0.3909256720973139
886 -0.3999999999999999 -0.31089701260110747 0.31881494871631605
887 -0.5 -0.3882675348840845 0.39821189283212394
888 -0.3999999999999999 -0.28251134633322506 -0.048791586566641405
889 -0.5 -0.35299285095423466 -0.0586302060390609
890 -0.3999999999999999 -0.17951632792048872 0.318814948716316
891 -0.5 -0.2216008682174178 0.39821189283212394
892 -0.3999999999999999 0.3999999999999999 2.7755575615628914e-17
893 -0.3999999999999999 0.26347273980053865 -0.07802581343604398
894 -0.44999999999999996 0.44999999999999996 -0.15195264865271454
895 -0.5 0.5 2.7755575615628914e-17
896 -0.5 0.3292207111746809 -0.09506130971311116
897 -0.39999999999999986 0.26861931531938116 -0.26861931531938116
898 -0.5 0.3333333333333333 -0.3333333333333333
899 -0.3999999999999999 0.3999999999999999 -0.2686193153193812
900 -0.5 0.5 -0.3333333333333333
901 -0.2799999999999999 -0.1979692296350225 0.06505442709093415
902 -0.2799999999999999 -0.21849405862608595 0.13479143512908054
903 -0.2799999999999999 -0.13646328826110854 0.0979208748147372
904 -0.3399999999999999 -0.14048057596824765 0.033919662141035235
905 -0.3399999999999999 -0.18939107122719348 0.20264389014275785
906 -0.2799999999999999 -0.08138845367268313 0.1585936767724142
907 -0.2799999999999999 -0.060863624681619675 0.08885666873426781
908 -0.3399999999999999 -0.006924075745937363 0.18131309944178742
909 -0.2799999999999999 0.04172507229219372 0.06810893736402882
910 -0.2799999999999999 0.0717647594304863 0.15449372275781412
911 -0.2799999999999999 0.1192786218158743 0.07307318942989813
912 -0.3399999999999999 0.10809220713932959 -0.016062296098606335
913 -0.3399999999999999 0.18013588989227608 0.19270671517362348
914 -0.2799999999999999 0.2146591544770834 0.13069148111448045
915 -0.2799999999999999 0.1846194673387908 0.04430669572069515
916 -0.33999999999999997 0.33999999999999997 0.11958180902202
917 -0.2799999999999999 -0.053856888749235866 0.21476473534597235
918 -0.2799999999999999 0.04806809865604159 0.21476473534597235
919 -0.2799999999999999 -0.013349762296231665 0.007436135406351828
920 -0.27999999999999997 0.013417012400340964 -0.07156786941960974
921 -0.27999999999999997 -0.08917168457347244 -0.050820138049370744
922 -0.34 -0.07504694664331435 -0.15726964587923187
923 -0.2799999999999999 0.2146591544770834 0.21972898741184166
924 -0.2799999999999999 0.2799999999999999 0.19096249370263868
925 -0.2799999999999999 -0.19096249370263868 -0.19096249370263868
926 -0.27999999999999997 -0.17120245493844985 -0.11587456514030488
927 -0.27999999999999997 -0.08216494864108864 -0.2049120714376661
928 -0.27999999999999997 0.01976003876418882 -0.2049120714376661
929 -0.2799999999999999 0.09558196104142959 -0.14665579798194353
930 -0.2799999999999999 0.12562164817972216 0.21972898741184166
931 -0.2799999999999999 -0.21849405862608595 0.22382894142644175
932 -0.2799999999999999 -0.1979692296350225 -0.03687056031434331
933 -0.2799999999999999 -0.12945655232872472 0.22382894142644175
934 -0.2799999999999999 0.2799999999999999 1.3877787807814457e-17
935 -0.2799999999999999 0.1846194673387908 -0.05761829168458231
936 -0.33999999999999986 0.33999999999999986 -0.11958180902201995
937 -0.2799999999999999 0.19096249370263868 -0.19096249370263868
938 -0.2799999999999999 0.2799999999999999 -0.19096249370263868
939 -0.28251134633322517 0.39999999999999997 0.08844704407212109
940 -0.31089701260110747 0.39999999999999997 0.18743426403569732
941 -0.1934083589343326 0.3999999999999999 0.1386426774690559
942 -0.18550419728745976 0.44999999999999996 0.044530856047012235
943 -0.24916454748519198 0.44999999999999996 0.26702684154844003
944 -0.35299285095423466 0.5 0.10803646062760576
945 -0.3882675348840845 0.5 0.23154522616545728
946 -0.24126038583831916 0.5 0.17291502012639634
947 -0.1149266933004477 0.3999999999999999 0.2253633128121311
948 -0.08654102703256535 0.3999999999999999 0.12637609284855486
949 -0.009041170832194695 0.44999999999999996 0.23957136762882886
950 -0.14327902501693898 0.5 0.28123489636513777
951 -0.10800434108708912 0.5 0.15772613082728623
952 0.0594430591011985 0.3999999999999999 0.09714186597915228
953 0.10144705471585243 0.3999999999999999 0.2195260918575968
954 0.16894947521573137 0.3999999999999999 0.10357122964511901
955 0.14269345097521963 0.44999999999999996 -0.021134474496440604
956 0.2369852462902246 0.44999999999999996 0.2539033998590956
957 0.07420922104182642 0.5 0.12129502715323598
958 0.12649702074217747 0.5 0.27394867563032765
959 0.21072922204971284 0.5 0.129197695717536
960 0.30547673541519266 0.39999999999999997 0.18159704308116303
961 0.26347273980053876 0.39999999999999997 0.05921281720271851
962 0.45 0.45 0.1519526486527146
963 0.38150851087503196 0.5 0.2242590054306472
964 0.3292207111746809 0.5 0.0716053569535555
965 -0.07264899601872145 0.3999999999999999 0.306548364095815
966 0.06458963462004104 0.39999999999999997 0.30654836409581504
967 -0.08834482346618779 0.5 0.38302300353301383
968 0.07832184320047887 0.5 0.38302300353301383
969 -0.01903860653268641 0.3999999999999999 0.010421230636077073
970 -0.023772139779553753 0.5 0.012975150914494561
971 0.019628248095674275 0.39999999999999997 -0.10176407255822845
972 -0.12635583803808959 0.39999999999999997 -0.07252984568882587
973 -0.09845862784564008 0.45 -0.20763420087634205
974 0.024606575033905266 0.5 -0.12700460281455422
975 -0.15760698709501028 0.5 -0.09057349914050394
976 0.3054767354151926 0.3999999999999999 0.31297772776178173
977 0.4 0.4 0.2686193153193812
978 0.38150851087503196 0.5 0.3909256720973139
979 0.5 0.5 0.33333333333333337
980 -0.2686193153193812 0.3999999999999999 -0.2686193153193812
981 -0.24384449170486439 0.3999999999999999 -0.16097688976094693
982 -0.1124638070242457 0.4 -0.29235757444156574
983 -0.33333333333333337 0.5 -0.3333333333333333
984 -0.30461413614077565 0.5 -0.1986099597681097
985 -0.13794746947410896 0.5 -0.3652766264347764
986 0.024774823614516786 0.3999999999999999 -0.2923575744415656
987 0.028719197192557687 0.5 -0.3652766264347764
988 0.13209205511991995 0.3999999999999999 -0.20940649811666268
989 0.1625540445080142 0.5 -0.26172797637977785
990 0.1740960507345739 0.39999999999999997 0.3129777277617818
991 0.2148418442083653 0.5 0.3909256720973139
992 -0.31089701260110747 0.3999999999999999 0.31881494871631605
993 -0.3882675348840845 0.5 0.39821189283212394
994 -0.28251134633322506 0.3999999999999999 -0.048791586566641405
995 -0.35299285095423466 0.5 -0.0586302060390609
996 -0.17951632792048872 0.3999999999999999 0.318814948716316
997 -0.2216008682174178 0.5 0.39821189283212394
998 0.3999999999999999 0.3999999999999999 2.7755575615628914e-17
999 0.26347273980053865 0.3999999999999999 -0.07802581343604398
1000 0.44999999999999996 0.44999999999999996 -0.15195264865271454
1001 0.5 0.5 2.7755575615628914e-17
1002 0.3292207111746809 0.5 -0.09506130971311116
1003 0.26861931531938116 0.39999999999999986 -0.26861931531938116
1004 0.3333333333333333 0.5 -0.3333333333333333
1005 0.3999999999999999 0.3999999999999999 -0.2686193153193812
1006 0.5 0.5 -0.3333333333333333
1007 -0.1979692296350225 0.2799999999999999 0.06505442709093415
1008 -0.21849405862608595 0.2799999999999999 0.13479143512908054
1009 -0.13646328826110854 0.2799999999999999 0.0979208748147372
1010 -0.14048057596824765 0.3399999999999999 0.033919662141035235
1011 -0.18939107122719348 0.3399999999999999 0.20264389014275785
1012 -0.08138845367268313 0.2799999999999999 0.1585936767724142
1013 -0.060863624681619675 0.2799999999999999 0.08885666873426781
1014 -0.006924075745937363 0.3399999999999999 0.18131309944178742
1015 0.04172507229219372 0.2799999999999999 0.06810893736402882
1016 0.0717647594304863 0.2799999999999999 0.15449372275781412
1017 0.1192786218158743 0.2799999999999999 0.07307318942989813
1018 0.10809220713932959 0.3399999999999999 -0.016062296098606335
1019 0.18013588989227608 0.3399999999999999 0.19270671517362348
1020 0.2146591544770834 0.2799999999999999 0.13069148111448045
1021 0.1846194673387908 0.2799999999999999 0.04430669572069515
1022 0.33999999999999997 0.33999999999999997 0.11958180902202
1023 -0.053856888749235866 0.2799999999999999 0.21476473534597235
1024 0.04806809865604159 0.2799999999999999 0.21476473534597235
1025 -0.013349762296231665 0.2799999999999999 0.007436135406351828
1026 0.013417012400340964 0.27999999999999997 -0.07156786941960974
1027 -0.08917168457347244 0.27999999999999997 -0.050820138049370744
1028 -0.07504694664331435 0.34 -0.15726964587923187
1029 0.2146591544770834 0.2799999999999999 0.21972898741184166
1030 0.2799999999999999 0.2799999999999999 0.19096249370263868
1031 -0.19096249370263868 0.2799999999999999 -0.19096249370263868
1032 -0.17120245493844985 0.27999999999999997 -0.11587456514030488
1033 -0.08216494864108864 0.27999999999999997 -0.2049120714376661
1034 0.01976003876418882 0.27999999999999997 -0.2049120714376661
1035 0.09558196104142959 0.2799999999999999 -0.14665579798194353
1036 0.12562164817972216 0.2799999999999999 0.21972898741184166
1037 -0.21849405862608595 0.2799999999999999 0.22382894142644175
1038 -0.1979692296350225 0.2799999999999999 -0.03687056031434331
1039 -0.12945655232872472 0.2799999999999999 0.22382894142644175
1040 0.2799999999999999 0.2799999999999999 1.3877787807814457e-17
1041 0.1846194673387908 0.2799999999999999 -0.05761829168458231
1042 0.33999999999999986 0.33999999999999986 -0.11958180902201995
1043 0.19096249370263868 0.2799999999999999 -0.19096249370263868
1044 0.2799999999999999 0.2799999999999999 -0.19096249370263868
1045 0.4 0.3049575179654641 0.0681893804277324
1046 0.39999999999999997 0.3145632402580285 0.1775136657988805
1047 0.3999999999999999 0.21952075822349262 0.10846441558785037
1048 0.44999999999999996 0.2359931056767246 -0.0009646972131537451
1049 0.44999999999999996 0.25746081172922997 0.2446736187003445
1050 0.5 0.38103558771126045 0.08279857101182846
1051 0.5 0.39289757147120147 0.21911260155417858
1052 0.5 0.27393315918246197 0.13524450589934037
1053 0.39999999999999997 0.1146586849348626 0.1858818062966503
1054 0.4 0.10505296264229823 0.07655752092550219
1055 0.45 0.00021438098824777516 0.17308522590954875
1056 0.5 0.14301650778261513 0.23187703831324294
1057 0.5 0.13115452402267413 0.09556300777089281
1058 0.4 0.06867535484095111 -0.27785775250059885
1059 0.39999999999999997 0.18317571800800697 -0.3092388570741905
1060 0.39999999999999997 0.11461244221019556 -0.1870966095747893
1061 0.45 0.00012586913758344515 -0.17504240931401321
1062 0.44999999999999996 0.2574441528207472 -0.245449407567841
1063 0.5 0.08340316294934694 -0.3471846568134144
1064 0.5 0.2262210834654548 -0.3862105504936505
1065 0.5 0.14295757974813506 -0.23339520730706492
1066 0.3999999999999999 0.21951392065408984 -0.10966879196583934
1067 0.4 0.10501355748703398 -0.07828768739224767
1068 0.5 0.27392333784338196 -0.1367453128151554
1069 0.5 0.13110541732727407 -0.0977194191349193
1070 0.3999999999999999 -0.18312990088945447 -0.30924125111481604
1071 0.39999999999999997 -0.3145105855700732 -0.3092412511148161
1072 0.44999999999999996 -0.25734098372905523 -0.2454549982410119
1073 0.5 -0.22616373149231533 -0.3862137471261958
1074 0.5 -0.392830398158982 -0.3862137471261958
1075 0.3999999999999999 -0.2193503607068209 -0.10968403129232962
1076 0.4 -0.11445454604850339 -0.18709900361541493
1077 0.39999999999999997 -0.10478373561517781 -0.07830053267811232
1078 0.44999999999999996 -0.2357282622143381 -0.0009935256617447184
1079 0.5 -0.27371888523657245 -0.136764492610427
1080 0.5 -0.14276056854296842 -0.2333984039396102
1081 0.5 -0.13081865746157684 -0.09773540229764563
1082 0.39999999999999997 -0.10474433045991356 0.07654467563963754
1083 0.39999999999999997 -0.11440626791394955 0.18587903717188856
1084 0.3999999999999999 -0.21934148772753131 0.108448801177224
1085 0.44999999999999996 -0.2573222894106857 0.24466765294303747
1086 0.5 -0.13076955076617677 0.09554702460816648
1087 0.5 -0.14270164050848835 0.23187384168069766
1088 0.5 -0.27370906389749244 0.13522532610406873
1089 0.39999999999999997 -0.31450171259078363 0.17751089667411876
1090 0.39999999999999997 -0.30483977513674765 0.06817653514186775
1091 0.5 -0.392820576819902 0.2191094049216333
1092 0.5 -0.38088848707759043 0.08278258784910213
1093 0.4 0.0001514841984039549 -0.0008702966834477632
1094 0.5 0.0001887659274272654 -0.0010868867210167138
1095 0.4 -0.06852387064254715 0.27698745581715106
1096 0.39999999999999997 -0.1831210279101649 0.3088915813547375
1097 0.5 -0.08321439702191967 0.3460977700923977
1098 0.5 -0.22615391015323535 0.38577607158829996
1099 0.3999999999999999 0.18318255557740973 0.30889435047949915
1100 0.3999999999999999 0.06871475999621533 0.276987455817151
1101 0.5 0.22623090480453478 0.38577926822084524
1102 0.5 0.08345226964474699 0.3460977700923977
1103 0.3999999999999999 0.3145564026886256 -0.1778581723935717
1104 0.3999999999999999 0.30495751796546405 -0.06904925021103009
1105 0.5 0.39288775013212146 -0.21954388382698384
1106 0.5 0.38103558771126045 -0.0838680956548382
1107 0.3999999999999999 -0.3048397751367476 -0.06906209549689474
1108 0.5 -0.38088848707759043 -0.08388407881756453
1109 0.3999999999999999 0.3145632402580285 0.3088943504794992
1110 0.5 0.39289757147120147 0.38577926822084524
1111 0.3999999999999999 0.3145564026886257 -0.30923885707419047
1112 0.5 0.39288775013212146 -0.3862105504936505
1113 0.3999999999999999 -0.06856327579781138 -0.27785775250059874
1114 0.5 -0.08326350371731972 -0.3471846568134144
1115 0.3999999999999999 -0.31451058557007316 -0.17786056643419734
1116 0.5 -0.392830398158982 -0.21954708045952911
1117 0.3999999999999999 -0.31450171259078363 0.3088915813547375
1118 0.5 -0.392820576819902 0.38577607158829996
1119 0.2799999999999999 0.21365283494774456 0.050653939022696735
1120 0.2799999999999999 0.22086963868753193 0.12800619146447828
1121 0.2799999999999999 0.15452247363527655 0.07673514308189754
1122 0.33999999999999997 0.1786103529132087 -0.0007384895715908632
1123 0.3399999999999999 0.19543287894556047 0.18593804824133875
1124 0.2799999999999999 0.08093739277635538 0.1311313984551536
1125 0.2799999999999999 0.073720589036568 0.05377914601337207
1126 0.33999999999999997 0.00016319876565751073 0.1310751565104651
1127 0.2799999999999999 0.051002284611837895 -0.19469720008286712
1128 0.2799999999999999 0.13183214997688675 -0.21728116976523237
1129 0.2799999999999999 0.08090944718344716 -0.13197836984809957
1130 0.33999999999999997 9.583043076901145e-05 -0.132554952583466
1131 0.3399999999999999 0.1954260589628737 -0.18652002683942287
1132 0.2799999999999999 0.15452249122199258 -0.0775897244451744
1133 0.2799999999999999 0.07369262585694375 -0.055005754762809174
1134 0.2799999999999999 -0.13180056996199868 -0.21728208010779684
1135 0.2799999999999999 -0.22083807625935992 -0.21728208010779684
1136 0.33999999999999997 -0.1953486618294332 -0.186523331222613
1137 0.2799999999999999 -0.15440863899090548 -0.07759983382746607
1138 0.2799999999999999 -0.0807982853501608 -0.13197928019066407
1139 0.2799999999999999 -0.07353077182234637 -0.05501495380253636
1140 0.3399999999999999 -0.1784103378682932 -0.0007605338971826906
1141 0.2799999999999999 -0.07350280864272211 0.05376994697364488
1142 0.2799999999999999 -0.08075938966056763 0.13112848948635097
1143 0.2799999999999999 -0.15439770648093656 0.07672303507336771
1144 0.3399999999999999 -0.1953288563401747 0.18593237014777442
1145 0.2799999999999999 -0.220827143749391 0.12800328249567564
1146 0.2799999999999999 -0.21357056273154548 0.05064473998296955
1147 0.2799999999999999 0.00010754499802256731 -0.0006094993895531045
1148 0.2799999999999999 -0.05089473961381533 0.19408770069331402
1149 0.2799999999999999 -0.13178963745202976 0.21704078879303684
1150 0.2799999999999999 0.1318321323901707 0.2170436977618395
1151 0.2799999999999999 0.051030247791462126 0.19408770069331402
1152 0.2799999999999999 0.22086965627424796 -0.12824366346787114
1153 0.2799999999999999 0.21365283494774456 -0.051271048382580724
1154 0.2799999999999999 -0.21357056273154548 -0.05128024742230791
1155 0.2799999999999999 0.22086963868753193 0.2170436977618395
1156 0.2799999999999999 0.22086965627424796 -0.21728116976523237
1157 0.2799999999999999 -0.050922702793439564 -0.19469720008286712
1158 0.2799999999999999 -0.22083807625935992 -0.1282445738104356
1159 0.2799999999999999 -0.220827143749391 0.21704078879303684
1160 0.22073256184256151 -0.15796204585502796 0.2170407887930369
1161 0.21325647356861593 6.151651317653258e-05 0.19408770069331402
1162 0.20076317207299466 0.11310625608622515 0.1853791537607219
1163 0.2146591544770834 0.19096249370263868 0.21972898741184166
1164 0.13542232655007813 0.2021437623835864 0.12510814117256364
1165 0.14148062233748132 0.13930483247651618 0.18537915376072187
1166 0.15537660474157006 0.2171610700929297 0.21972898741184166
1167 -0.00322350915332034 0.19441244604959365 0.21476473534597235
1168 -0.2209644399347644 0.15184601191421923 0.21972898741184166
1169 0.007278968115651312 -0.05479776242042961 0.19744178717007616
1170 0.08078331569675472 -0.0005389999678175229 0.19744178717007616
1171 0.007197728021415557 0.053879683657423044 0.19744178717007616
1172 -0.00018011992366403785 -0.19426500002825892 0.19408770069331402
1173 -0.21386081208811994 -0.002800389898682017 0.21476473534597235
1174 -0.2209472395064625 -0.15561562319736705 0.22382894142644175
1175 -0.16177438325585358 -0.217121564571281 0.21704078879303684
1176 0.13401964564161067 0.062137524807939555 0.1853791537607219
1177 0.21325647356861593 -0.08083338132503791 0.21704078879303684
1178 0.0604340579662715 0.11655620843318013 0.1853791537607219
1179 -0.08385883498136155 0.21718685743713576 0.21476473534597235
1180 0.07433004037036023 0.19441244604959365 0.21972898741184166
1181 -0.12797732055225916 0.04396734432461812 0.20726257898878242
1182 -0.05444562257086238 0.09828578522629669 0.20726257898878242
1183 -0.1350809483989036 0.1210601966138388 0.2072625789887824
1184 -0.13387006835894086 -0.055068300305487324 0.21717462694154643
1185 -0.20000925627082083 -0.10612479915604117 0.21717462694154643
1186 -0.14095649577728342 -0.1322838700246835 0.21717462694154643
1187 0.12748948495479462 -0.06961707603838056 0.20728891004926464
1188 0.0539851373736912 -0.12387583849099265 0.20728891004926464
1189 0.1349655732287402 -0.14674574056837061 0.20728891004926467
1190 -0.06025713028330832 -0.10942730548166141 0.21717462694154643
1191 0.10519550508881736 -0.20961083846273365 0.20728891004926464
1192 -0.06633396995998123 -0.00043875724425552435 0.19744178717007616
1193 0.16160220053009353 -0.21713490210563688 0.21704369776183952
1194 0.22086963868753193 -0.220827143749391 0.15408448655487644
1195 0.2171625528332194 0.16142795301257745 -0.21728116976523237
1196 -0.15945849856085043 0.21718685743713576 0.22382894142644172
1197 -0.19411650846413914 0.09483583287934173 0.20726257898878242
1198 -0.11097174997345961 -0.1951623054534024 0.21717462694154643
1199 0.19096249370263868 0.22086965627424796 -0.21728116976523237
1200 0.04159000156501418 0.1660080755383198 -0.20043705782145527
1201 0.0925286100625548 0.2329458691823597 -0.20043705782145527
1202 0.11872866919313552 0.1735041659206892 -0.2004370578214553
1203 0.21719301276195918 -0.16202960962121293 -0.21728208010779687
1204 0.04379209060815 -0.12968415807480976 -0.20854131046063357
1205 0.09811055074311101 -0.05623925425111536 -0.20854131046063357
1206 0.12089105267225708 -0.13647662463605503 -0.2085413104606336
1207 0.15806266903620722 -0.22119153336185293 -0.21728116976523237
1208 0.0946605336129366 -0.19528509127420202 -0.20854131046063357
1209 -0.15796507342174748 -0.2211475535000603 -0.21728208010779684
1210 -0.22083807625935992 -0.19096249370263868 -0.21728208010779684
1211 0.20076317207299466 0.062211516472409835 0.099466854454036
1212 0.18369803991029782 -0.10624758497684078 -0.20854131046063357
1213 0.00010737326932724134 0.09681256210586703 -0.2054281266583025
1214 -0.054181550605568 0.023015872757668858 -0.2054281266583025
1215 -0.07704209842350068 0.10435028858550133 -0.2054281266583025
1216 0.00013384160705130595 -0.21439906680060766 -0.19469720008286712
1217 -0.21712558648772978 0.22059993283559431 -0.19096249370263868
1218 -0.09788236187631116 -0.055615323596658724 -0.20794867005398093
1219 -0.04352327250866187 -0.12927990740502832 -0.20794867005398093
1220 -0.12074432036890155 -0.13602839410448095 -0.20794867005398093
1221 -0.031178569733351803 0.21306220635596007 -0.2049120714376661
1222 -0.10832804142617973 0.22059993283559437 -0.2049120714376661
1223 0.0544959988970423 0.022796192772993672 -0.2054281266583025
1224 0.00017753876208128738 -0.05064871105070072 -0.2054281266583025
1225 -0.13284802926233152 0.05089923908079624 -0.20280461545094736
1226 -0.21858299059253433 0.10259621577567307 -0.20280461545094736
1227 -0.1557085770802642 0.1322336549086287 -0.20280461545094736
1228 -0.09457981690915274 -0.19488084060442057 -0.20794867005398093
1229 -0.18361732320651397 -0.10584333430705935 -0.20794867005398093
1230 -0.18361732320651403 -0.08608329554287052 -0.13286074149164712
1231 -0.19426503866979716 -0.03193693793068801 -0.2049120714376661
1232 -0.220827143749391 -0.21849405862608595 0.1608697302194787
1233 0.1351026500737106 -0.20961083846273365 0.1443326078111042
1234 -0.05994150218199747 -0.1951623054534024 0.13126232763486054
1235 0.21365283494774456 -0.220827143749391 0.0767322341130949
1236 0.22086965627424796 -0.22083807625935992 -0.15456324987302927
1237 -0.22083807625935997 -0.17120245493844985 -0.14219415154546305
1238 -0.21357056273154548 -0.1979692296350225 0.013774179668626225
1239 -0.220827143749391 -0.1979692296350225 0.09113272218133231
1240 0.04373783081949702 -0.19528509127420204 -0.12323851054350078
1241 -0.043577532297314855 -0.1948808406044206 -0.12264587013684815
1242 -0.11718788593805954 -0.19488084060442057 -0.06826642377365016
1243 -0.12445539946587397 -0.19488084060442057 -0.14523075016177786
1244 -0.005776244884642234 -0.12477314391613614 0.14446353699081116
1245 0.054300765475002045 -0.20961083846273365 0.12137661074257874
1246 0.1942330113861786 -0.06954308437391028 0.12137661074257874
1247 0.1942330113861786 -0.14318140119427922 0.0669711563295955
1248 0.12471290123457063 -0.0878351196241568 0.06541212415630854
1249 0.21047988984839194 -0.0181565270725997 0.05221091480035792
1250 0.21047988984839194 -0.09179484389296863 -0.002194539612625334
1251 0.19441251083281313 -0.0009143720677141383 -0.19469720008286712
1252 0.18369803991029782 -0.13612316753356202 -0.1458233905684305
1253 0.12456769618454586 -0.19528509127420202 -0.14582248022586602
1254 -0.21849405862608595 0.2146591544770834 0.16355792883828352
1255 -0.10978544553098428 0.19163372207303436 -0.12771668688861354
1256 -0.21858299059253433 0.1916337220730343 -0.11376710915358612
1257 -0.0981073700581406 -0.20559412124090265 -0.0006672180580758459
1258 -0.02446905323777167 -0.20559412124090265 0.05373823635490741
1259 -0.10536395107598612 -0.20559412124090265 0.07669132445463024
1260 -0.19411650846413914 0.04097894413010585 0.14202731433475485
1261 -0.20000925627082083 -0.13365636407948844 0.16100356836798826
1262 -0.14083640002021192 -0.1951623054534024 0.15421541573458336
1263 -0.024497016417395916 -0.20559412124090268 -0.05504666442127383
1264 -0.22083807625935992 -0.1979692296350225 -0.06319014671950147
1265 -0.18361732320651397 -0.11285007023944314 -0.053856736665685565
1266 -0.21858299059253433 0.09625318941182522 -0.06946041343289099
1267 -0.2185829905925344 0.020431267134584447 -0.12771668688861354
1268 -0.1979692296350225 0.1846194673387908 0.007436135406351828
1269 -0.1979692296350225 0.2146591544770834 0.09382092080013713
1270 -0.12220031379904839 -0.0032471185313862616 -0.13075328550492837
1271 -0.11412576473496006 -0.011288966276699453 0.14443720593032894
1272 -0.20000925627082083 -0.05805670049999959 0.15193936228751886
1273 -0.20949504627084692 -0.06065155236520113 0.015865285549329325
1274 -0.20949504627084692 -0.005576717776775741 0.07653808750700632
1275 -0.20949504627084692 0.04193714460861227 -0.00488244582090967
1276 0.13597709811180023 0.03277064647093398 -0.20343306644139914
1277 0.1587271401122065 0.11428310618617674 -0.20343306644139916
1278 0.22156458727898704 0.08468730315048602 -0.20343306644139914
1279 0.07724604089744858 0.10430865248823643 -0.20542812665830254
1280 0.21365283494774456 -0.21357056273154548 -0.0006263083996111881
1281 0.21365283494774456 -0.22083807625935992 -0.07759063478773888
1282 0.2146591544770834 0.22086963868753193 0.15677268517368126
1283 -0.05701090351073632 0.18387333917670295 0.14202731433475485
1284 0.057868777026397554 0.2021437623835864 0.12014388910669434
1285 0.10538263941178556 0.2021437623835864 0.03872335577877835
1286 0.20076317207299466 0.2021437623835864 0.09634164746336067
1287 0.18156611635991604 0.17381552545660775 -0.13771822758668772
1288 0.010363661421466181 0.23294586918235977 -0.12534912925912145
1289 0.041649604424145226 0.11669622493226672 -0.12586518447975786
1290 -0.03111896687422076 0.16375035574990698 -0.1303401980959687
1291 -0.07607078930354849 0.11703332522364351 0.06773816469463234
1292 -0.11208573809916171 0.18387333917670295 0.08135451237707787
1293 -0.07992351047443184 0.21315998604694048 0.014567519094145292
1294 -0.16195428083940927 0.11777945338573138 -0.006180212276093705
1295 -0.19411650846413914 0.08849280651549386 0.060606781006838875
1296 -0.13655222022755692 0.1916337220730343 -0.04871268206265199
1297 -0.024848675886006456 0.21315998604694048 0.07524032105182228
1298 -0.19411650846413914 0.11853249365378643 0.14699156640062416
1299 -0.13261056709022517 0.18387333917670295 0.15109152041522425
1300 0.12788584633392325 -0.20961083846273365 0.06698035536932269
1301 0.1846194673387908 0.21365283494774456 -0.006964352661885585
1302 0.18156611635991604 0.16659870413010436 -0.06074561250139731
1303 0.18156611635991604 0.2329458691823597 -0.11139955152409403
1304 0.08618558369870695 0.2329458691823597 -0.0670928558033989
1305 0.06829001420113345 0.06161099999141578 0.10282094093079813
1306 0.04911602762114951 -0.20559412124090265 -0.0006580190183486574
1307 0.1942330113861786 -0.15043798221212473 0.14432969884230157
1308 0.10232928843291078 0.15508963156594618 -0.015057904060733374
1309 0.20076317207299466 0.13579659733133104 0.045070599080779934
1310 0.11735087485804245 -0.19528509127420202 -0.0688498651405756
1311 0.12313070363890316 0.12667067863020703 -0.12387012426285449
1312 0.22156458727898704 0.11459446572209528 -0.1407142362066316
1313 0.18369803991029782 -0.12885565400574758 -0.0688590641803028
1314 0.18369803991029784 -0.0552453003650029 -0.12323851054350078
1315 0.11417792975868984 -0.07350937243562516 -0.07041809635358975
1316 0.21047988984839197 -0.018184490252223944 -0.05657398597582332
1317 0.22156458727898704 0.10737764439559187 -0.06374162112134117
1318 0.22156458727898706 0.03376460035704644 -0.11813026652426635
1319 0.20076317207299466 0.1430134010711184 0.12242285152256147
1320 0.21047988984839194 0.055428553786321486 -0.002185340572898145
1321 -0.16453680732659504 -0.12356335087592522 0.013742469049888755
1322 0.022665186499381554 0.21315998604694048 -0.006180212276093705
1323 -0.05315673577785922 0.21315998604694053 -0.06443648573181628
1324 0.1475268421281387 -0.000465008303347243 0.11152948786339026
1325 -0.20949504627084697 -0.033884777668628505 -0.06313871927663224
1326 0.038808891233585385 0.13530374843052695 0.045854739466571814
1327 0.006646663608855519 0.10601710156028943 0.1126417327495044
1328 -0.05248241414268212 -0.0556950678455731 0.13461641411162267
1329 -0.046589666336000424 0.04334057678453235 0.12470436615885866
1330 -0.014427438711270557 0.07262722365476987 0.057917372875926076
1331 -0.20000925627082083 -0.11313153508842498 0.09126656032984189
1332 -0.12361155473498614 0.0411910164465244 0.06903593114981638
1333 -0.12950430254166784 -0.05784462818358105 0.07894797910258039
1334 -0.061968204142708205 -0.0032150851223492483 0.05921513933111011
1335 0.01916123258370278 -0.12087921251510475 -0.06889077479904027
1336 -0.06815413053310909 -0.1204749618453233 -0.06829813439238763
1337 8.071670378384521e-05 -0.11016593187862267 -0.13648998051461458
1338 0.1441327247961366 -0.15822428116142306 -0.002185340572898145
1339 0.0617598535143174 -0.07014360085490434 0.12473069721934088
1340 0.07800673197653074 -0.018757043553593755 0.05556500127712005
1341 -0.02187079277518017 0.09691034179684749 -0.06495254095245268
1342 0.01961183552050677 0.16610585522930027 -0.05996147211560543
1343 0.15204447712737906 0.015500528286424176 -0.06530985233435532
1344 0.12526262718928494 -0.021560281826354777 -0.1319743769020328
1345 0.029696204059583564 -0.13520495970363638 0.06693944571085803
1346 -0.017009965198456323 -0.06612688363307334 0.05709232283166954
1347 -0.08454606359741595 -0.12075642669430514 0.07682516260313982
1348 -0.07849950252830523 0.07538407782294132 -0.12823274210924995
1349 -0.04353383514228487 -0.03113048485451364 -0.13337679671228353
1350 0.07056337791262113 0.005526074588483865 -0.0673049125512587
1351 -0.024453319262365936 -0.04184376549099572 -0.06577759099670921
1352 0.04594308252179691 -0.0838184024023258 -0.002226250231362803
1353 0.007610330192367898 0.02321759335773632 -0.007986339488226357
1354 -0.11311236947736097 -0.05756316333459921 -0.06617531789294706
1355 -0.09403185359744204 -0.06827644397108129 0.0014238878226272567
1356 -0.09144932711025627 0.07047766331676192 0.0022489378668837934
1357 0.043781527974527 -0.03153473552429509 -0.13396943711893616
1358 -0.06941155820661782 0.02106803301972837 -0.06365477449726864
1359 -0.14807803686338133 0.04895139934285575 -0.061031263289913484
1360 -0.10053727143194369 0.12479370811997487 -0.06232902974509752
1361 0.08164807534321622 0.05747516519775425 -0.12886119309970173
1362 0.06084666013722384 0.0858941181334934 -0.02004897289758062
1363 0.13124306192138668 0.043919481222163326 0.04350236786776579
1364 0.14232775935198178 0.09586857183143371 -0.018053912680677242
1365 0.00236235508251786 -0.09921135955503171 0.625
1366 -0.18948408362243263 -0.09938671782183583 0.75
1367 -0.19271660939648033 -0.19300319652030198 0.625
1368 -0.08335005936984369 -0.2991137532997906 0.625
1369 -0.08011753359579599 -0.2054972746013245 0.75
1370 -0.2751964980747942 -0.29928911156659477 0.75
1371 -0.4375 -0.625 0.625
1372 -0.3797815240507154 -0.47158927739355305 0.75
1373 -0.4422815240507154 -0.34658927739355305 0.625
1374 -0.625 -0.4375 0.625
1375 -0.5625 -0.5625 0.75
1376 -0.5672815240507154 -0.28408927739355305 0.75
1377 0.45322303120122576 -0.16588546660439937 0.625
1378 0.625 -0.08333333333333334 0.625
1379 0.5782230312012258 -0.08255213327106603 0.75
1380 0.5782230312012258 -0.27005213327106603 0.75
1381 0.625 -0.27083333333333337 0.625
1382 0.75 -0.1875 0.75
1383 0.3469228937826847 -0.44233025919925395 0.625
1384 0.2844228937826847 -0.567330259199254 0.75
1385 0.4375 -0.625 0.625
1386 0.625 -0.4375 0.625
1387 0.4719228937826847 -0.37983025919925395 0.75
1388 0.5625 -0.5625 0.75
1389 -0.45131765147894753 0.3322648232124823 0.625
1390 -0.29782185663041416 0.2744011228571357 0.75
1391 -0.3465042051514666 0.4421362996446534 0.625
1392 -0.625 0.4375 0.625
1393 -0.5763176514789475 0.2697648232124823 0.75
1394 -0.4715042051514666 0.3796362996446534 0.75
1395 0.625 0.08333333333333334 -0.625
1396 0.5767140536924289 0.08621191984695031 -0.75
1397 0.4517140536924289 0.16954525318028366 -0.625
1398 0.625 0.27083333333333337 -0.625
1399 0.75 0.1875 -0.75
1400 0.5767140536924289 0.2737119198469503 -0.75
1401 0.3536702860111962 0.4493214186383756 -0.625
1402 0.4786702860111962 0.3868214186383756 -0.75
1403 0.625 0.4375 -0.625
1404 0.4517140536924289 0.3362119198469503 -0.625
1405 0.3053843397036251 0.2855333384853259 -0.75
1406 0.35055656598675333 -0.4464845385547802 -0.625
1407 0.47555656598675333 -0.3839845385547802 -0.75
1408 0.625 -0.4375 -0.625
1409 0.4375 -0.625 -0.625
1410 0.28805656598675333 -0.5714845385547802 -0.75
1411 0.5625 -0.5625 -0.75
1412 -0.2708333333333333 -0.625 -0.625
1413 -0.08333333333333331 -0.625 -0.625
1414 -0.1875 -0.75 -0.75
1415 -0.28745662334980115 -0.5711067053427761 -0.75
1416 -0.18328995668313447 -0.4461067053427761 -0.625
1417 -0.09995662334980115 -0.5711067053427761 -0.75
1418 -0.625 0.625 -0.4375
1419 -0.5625 0.75 -0.5625
1420 -0.4375 0.625 -0.625
1421 -0.625 0.625 -0.625
1422 -0.75 0.75 -0.5625
1423 -0.5625 0.75 -0.75
1424 -0.1331437265865273 0.14520218401477414 -0.625
1425 0.002838857814314764 0.13277704107281008 -0.625
1426 -0.09361647869846616 0.0015082243828789651 -0.625
1427 0.10071945800660258 -0.3288544307434527 -0.625
1428 0.0005999426369521776 -0.3925912438975563 -0.75
1429 -0.09979373132995191 -0.3284765975314486 -0.625
1430 0.0029603324481320323 -0.12957245176038973 -0.625
1431 0.10335400641503611 -0.19368709812649743 -0.75
1432 -0.09715918292151837 -0.1933092649144933 -0.75
1433 0.18700361934452953 0.4493214186383756 -0.625
1434 0.10367028601119621 0.5743214186383756 -0.75
1435 0.08333333333333331 0.625 -0.625
1436 0.2708333333333333 0.625 -0.625
1437 0.2911702860111962 0.5743214186383756 -0.75
1438 0.1875 0.75 -0.75
1439 0.625 -0.09652815918472463 -0.28925530783556513
1440 0.625 -0.17993132213407154 -0.4420706510221507
1441 0.625 0.012997907679210885 -0.4419223349788005
1442 0.625 0.0964010706285578 -0.28910699179221494
1443 0.75 -0.0002667477881940217 -0.3839929860009512
1444 -0.4375 -0.625 -0.625
1445 -0.5625 -0.5625 -0.75
1446 -0.625 -0.4375 -0.625
1447 -0.34995662334980115 -0.4461067053427761 -0.625
1448 -0.47495662334980115 -0.3836067053427761 -0.75
1449 0.08333333333333334 -0.625 -0.625
1450 -0.016623290016467812 -0.4461067053427761 -0.625
1451 -0.44831265889632066 -0.625 -0.35228965254915534
1452 -0.44831265889632066 -0.625 -0.18562298588248866
1453 -0.625 -0.625 -0.4375
1454 -0.5733126588963207 -0.75 -0.28978965254915534
1455 -0.625 -0.625 -0.2708333333333333
1456 0.625 -0.08333333333333331 -0.625
1457 0.625 0.17966457434587754 -0.4419223349788005
1458 0.75 0.0963312410125442 -0.5669223349788005
1459 -0.0027276108122691878 -0.625 -0.09438721638513163
1460 0.08567004815001839 -0.625 -0.29693109700182546
1461 0.08280277810572201 -0.75 -0.19694899976012825
1462 -0.08911199679650306 -0.75 -0.19621447860602426
1463 -0.08624472675220668 -0.625 -0.29619657584772147
1464 -0.0007143378342154838 -0.75 -0.3987583592227181
1465 0.625 -0.625 0.625
1466 0.75 -0.5625 0.75
1467 0.5625 -0.75 0.75
1468 -0.625 -0.2708333333333333 0.625
1469 -0.4422815240507154 -0.17992261072688637 0.625
1470 -0.3353166993891183 -0.23250614948159964 0.625
1471 -0.3236889820636315 -0.09642638537370381 0.625
1472 -0.625 0.625 0.4375
1473 -0.75 0.75 0.5625
1474 -0.625 0.625 0.625
1475 -0.4375 0.625 0.625
1476 -0.5625 0.75 0.5625
1477 -0.5625 0.75 0.75
1478 -0.444094177220674 0.625 -0.34878706848527086
1479 -0.381594177220674 0.75 -0.47378706848527086
1480 -0.569094177220674 0.75 -0.28628706848527086
1481 -0.2291449545272023 -0.625 -0.33522566616050287
1482 -0.1696478897015536 -0.625 -0.44901191903430704
1483 -0.625 -0.08333333333333331 0.625
1484 -0.5672815240507154 -0.09658927739355305 0.75
1485 -0.75 -0.1875 0.75
1486 -0.5733126588963207 -0.75 -0.10228965254915534
1487 -0.625 -0.625 -0.08333333333333331
1488 -0.75 -0.75 -0.1875
1489 -0.625 -0.13794419639496672 -0.3156999151556909
1490 -0.625 -0.16666339358752444 -0.4504232887209145
1491 -0.625 -0.2465531389155148 -0.21181046230343475
1492 -0.75 -0.2752690630289303 -0.2969571245895729
1493 -0.625 -0.27527233610807256 -0.3465338358686584
1494 -0.75 0.5625 0.5625
1495 -0.625 0.44258077756213177 0.34671442214683534
1496 -0.75 0.38008077756213177 0.47171442214683534
1497 -0.75 0.5675807775621318 0.28421442214683534
1498 -0.625 -0.10019541052595186 0.027500567722555196
1499 -0.75 -0.09388324420184713 0.19502638899930358
1500 -0.625 -0.19967353558436457 0.2169320758652932
1501 -0.625 -0.002214049704571691 0.1358204439612966
1502 -0.625 -0.10169217476298438 0.3252519521040346
1503 -0.44868384818887486 -0.625 0.18539200167298872
1504 -0.5736838481888749 -0.75 0.2895586683396554
1505 -0.625 -0.625 0.27083333333333337
1506 -0.625 -0.625 0.08333333333333334
1507 -0.5736838481888749 -0.75 0.10205866833965538
1508 -0.75 -0.75 0.1875
1509 -0.625 0.07824578915350071 0.3362767285918336
1510 -0.75 0.08605471971463796 0.20605116548710256
1511 -0.75 -0.01342340534377473 0.3954826736298406
1512 0.75 0.5625 0.5625
1513 0.5625 0.5625 0.75
1514 0.5625 0.75 0.5625
1515 0.625 0.625 0.4375
1516 0.625 0.4375 0.625
1517 0.4375 0.625 0.625
1518 0.625 0.625 0.08333333333333334
1519 0.5733123592706273 0.75 -0.10229076892678968
1520 0.4483123592706273 0.625 -0.018957435593456334
1521 0.4486838432986806 0.625 0.1853919200077576
1522 0.5736838432986806 0.75 0.10205858667442425
1523 0.3969962025693079 0.75 -0.00023218225236543155
1524 -0.44643988751030383 0.625 0.3502735981538191
1525 -0.5714398875103038 0.75 0.2877735981538191
1526 -0.38393988751030383 0.75 0.4752735981538191
1527 0.2975861926494434 -0.08782627632167828 -0.625
1528 0.2983908961194166 0.08453721925552282 -0.625
1529 0.4026234039148846 6.034411669952888e-05 -0.75
1530 0.2037067906507385 -0.083354135301968 -0.75
1531 0.09947428285527052 0.001122739836855287 -0.625
1532 0.20451149412071168 0.0890093602752331 -0.75
1533 -0.625 0.44258077756213177 0.1800477554801687
1534 -0.625 0.625 0.27083333333333337
1535 -0.002419052219141099 0.625 0.4509984341036489
1536 -0.08575238555247444 0.75 0.5759984341036489
1537 0.08333333333333334 0.625 0.625
1538 0.16994089914337537 0.625 0.4513064249659775
1539 0.0008551802575675893 0.75 0.40230485906962643
1540 0.08660756581004203 0.75 0.5763064249659775
1541 0.625 0.34665866621165164 0.4422367322454668
1542 0.75 0.47165866621165164 0.3797367322454668
1543 0.75 0.28415866621165164 0.5672367322454668
1544 0.625 -0.0027276108122691878 -0.09438721638513163
1545 0.75 -0.099395429229021 -0.18927321059386792
1546 0.75 0.09353380058426142 -0.18912489455051773
1547 0.75 0.5758110100440323 0.08642099170379258
1548 0.625 0.45081101004403235 0.16975432503712592
1549 0.75 0.5758110100440323 0.2739209917037926
1550 0.75 0.75 0.1875
1551 0.625 0.625 0.27083333333333337
1552 0.75 0.4011404381400756 0.0009259634332620115
1553 0.75 0.19753198766776048 -0.08269758784224779
1554 0.75 0.19801356961574956 0.08921843213207536
1555 0.625 0.3318465977552928 0.0858862293822877
1556 0.625 0.3313650158073037 -0.08602979059203546
1557 0.625 0.1282381472829777 0.002262678106777901
1558 0.33660756581004203 0.625 0.4513064249659775
1559 0.27410756581004203 0.75 0.5763064249659775
1560 0.4486838432986806 0.625 0.35205858667442425
1561 0.28529140910872264 0.75 0.30336501164040175
1562 0.3861838432986806 0.75 0.47705858667442425
1563 0.19438804269685567 0.19581156579020767 0.625
1564 0.32529261405461996 0.09912390912518478 0.625
1565 0.1977631271275787 0.09633728293493715 0.75
1566 0.002219796425842512 0.09387940199870495 0.625
1567 0.1331243677836068 -0.002808254666317946 0.625
1568 0.27083333333333337 0.625 0.625
1569 0.1875 0.75 0.75
1570 -0.16908571888580776 0.625 0.4509984341036489
1571 -0.27325238555247444 0.75 0.5759984341036489
1572 -0.2708333333333333 0.625 0.625
1573 -0.08333333333333331 0.625 0.625
1574 -0.1875 0.75 0.75
1575 0.625 0.17999199954498496 0.4422367322454668
1576 0.625 0.2708333333333333 0.625
1577 0.625 0.08333333333333331 0.625
1578 0.75 0.09665866621165164 0.5672367322454668
1579 0.75 0.1875 0.75
1580 0.5736838432986806 0.75 0.28955858667442425
1581 0.2784941224667059 0.2996782343870571 0.75
1582 0.08632587619569276 0.19774607059555438 0.75
1583 0.08295079176496971 0.29722035345082487 0.625
1584 0.625 -0.16659804675189746 0.45325402776139034
1585 0.75 -0.2707647134185641 0.5782540277613903
1586 0.75 -0.08326471341856412 0.5782540277613903
1587 -0.12861001758463333 -0.0026345484084335327 0.625
1588 0.13883205398431683 -0.14067814479440388 -0.625
1589 0.625 -0.44258077756213177 0.34671442214683534
1590 0.75 -0.38008077756213177 0.47171442214683534
1591 0.625 -0.625 0.4375
1592 0.75 -0.5675807775621318 0.28421442214683534
1593 0.75 -0.5625 0.5625
1594 0.625 0.2395562376828531 0.328016000466312
1595 0.625 0.09677760252306532 0.2883345023378645
1596 0.625 -0.002678504116869112 0.09889521052068048
1597 0.625 0.14010013104291869 0.13857670864912802
1598 0.75 0.09386122578336886 0.19503417267374956
1599 0.4449656866992959 0.34913472336321993 0.625
1600 0.3824656866992959 0.47413472336321993 0.75
1601 0.5699656866992959 0.28663472336321993 0.75
1602 0.33019235417371257 0.625 0.2429842587717381
1603 0.218116076685074 0.625 0.3422320970632914
1604 0.4464304896042064 -0.625 0.3501931537415466
1605 0.3839304896042064 -0.75 0.4751931537415466
1606 0.3357619911954438 -0.625 0.4509970147808364
1607 0.2821924807996502 -0.75 0.301190168522383
1608 0.2732619911954438 -0.75 0.5759970147808364
1609 0.14544247549686126 -0.13874905376790628 0.625
1610 -0.23956789222120456 0.3281709132006875 0.625
1611 -0.0970818491539069 0.2888131420716411 0.625
1612 -0.09370676472318384 0.18933885921637061 0.75
1613 -0.14026624664145515 0.13323717312775127 0.625
1614 -0.3327251094918636 0.08242771523233154 0.625
1615 -0.19852021105066475 0.07946738278419951 0.75
1616 -0.39359917552966295 -0.014324454181070756 0.75
1617 -0.22595014936248164 -0.3386167062610883 0.625
1618 -0.44868384818887486 -0.625 0.3520586683396554
1619 -0.34150442500877687 -0.625 0.23783473992795534
1620 -0.3366063738742613 -0.625 0.4513064558714295
1621 -0.28529022206313615 -0.75 0.30336512421108486
1622 -0.2294269506941633 -0.625 0.33708252745972944
1623 -0.625 -0.45093951908237717 0.00036391774521876696
1624 -0.75 -0.5759395190823772 0.08369725107855208
1625 -0.75 -0.39287852185711636 -0.012836584790106298
1626 -0.625 -0.4419390027747392 -0.1798671692019917
1627 -0.75 -0.5669390027747392 -0.09653383586865838
1628 -0.33291497402407877 -0.4526998341730417 0.625
1629 -0.1662483073574121 -0.4526998341730417 0.625
1630 0.18025622711601802 -0.44233025919925395 0.625
1631 0.09648780843691979 -0.28874417832600285 0.625
1632 0.0004183593092545457 -0.4526998341730417 0.625
1633 0.014007919758605936 -0.39503009337229567 0.75
1634 0.09972033421096749 -0.19512769962753673 0.75
1635 0.3335499585565498 -0.08256294750910119 0.625
1636 0.20602047162950854 -0.08534957369934881 0.75
1637 0.34586806626980426 -0.21850374661068953 0.625
1638 -0.625 -0.18001401796346322 0.4422289485710208
1639 -0.75 -0.09668068463012991 0.5672289485710208
1640 -0.75 0.08325727928635518 0.5782537250588198
1641 -0.625 -7.605404697813567e-05 0.4532537250588198
1642 -0.45131765147894753 -0.0010685101208510184 0.625
1643 -0.45131765147894753 0.16559815654581564 0.625
1644 -0.625 0.16659061261968852 0.4532537250588198
1645 -0.625 -0.625 0.625
1646 -0.5625 -0.75 0.75
1647 -0.75 -0.5625 0.75
1648 0.27083333333333337 -0.625 -0.625
1649 0.1875 -0.75 -0.75
1650 0.2731002185340048 -0.75 -0.574746440188411
1651 0.16893355186733813 -0.625 -0.44974644018841103
1652 0.08560021853400479 -0.75 -0.574746440188411
1653 0.4509093502224557 -0.1694849090635841 -0.625
1654 0.4509093502224557 -0.3361515757302508 -0.625
1655 0.3369439637784898 -0.22962716095293745 -0.625
1656 0.625 -0.3465979888007382 -0.4420706510221507
1657 0.75 -0.4715979888007382 -0.3795706510221507
1658 0.625 -0.625 -0.4375
1659 0.75 -0.2840979888007382 -0.5670706510221507
1660 0.75 -0.5625 -0.5625
1661 0.44616220495866066 -0.625 -0.3503285927483114
1662 0.5711622049586607 -0.75 -0.2878285927483114
1663 0.44616220495866066 -0.625 -0.18366192608164472
1664 0.625 -0.625 -0.2708333333333333
1665 -0.08631455636822027 -0.75 -0.574011919034307
1666 0.0022668852006714757 -0.625 -0.44974644018841103
1667 -0.16993970720759463 -0.625 0.4513064558714295
1668 -0.08648743756284762 -0.625 0.2974042259638272
1669 0.08588092750685748 -0.625 0.29709478487323415
1670 0.002428657862110467 -0.625 0.4509970147808364
1671 -0.0008443826788174791 -0.75 0.4023034706522659
1672 -0.625 -0.4419390027747392 -0.3465338358686584
1673 -0.75 -0.3794390027747392 -0.4715338358686584
1674 -0.75 -0.5669390027747392 -0.2840338358686584
1675 -0.75 -0.5625 -0.5625
1676 -0.2738145563682203 -0.75 -0.574011919034307
1677 -0.625 -0.625 -0.625
1678 -0.75 -0.75 -0.5625
1679 -0.75 -0.5625 -0.75
1680 -0.47875547414041786 0.38650697189664984 -0.75
1681 -0.625 0.4375 -0.625
1682 -0.35375547414041786 0.44900697189664984 -0.625
1683 -0.29125547414041786 0.5740069718966498 -0.75
1684 -0.5625 0.5625 -0.75
1685 -0.75 0.5625 -0.75
1686 -0.75 0.5625 -0.5625
1687 -0.27083333333333337 0.625 -0.625
1688 -0.2774275105540074 0.625 -0.34878706848527086
1689 -0.16912972453904904 0.625 -0.45011116938210605
1690 -0.2732963912057157 0.75 -0.575111169382106
1691 -0.2798905684263897 0.75 -0.2988982378673769
1692 -0.5736358366745041 -0.08604679522342829 -0.75
1693 -0.44863583667450413 -0.16938012855676163 -0.625
1694 -0.625 -0.08333333333333334 -0.625
1695 -0.75 -0.1875 -0.75
1696 -0.5736358366745041 -0.2735467952234283 -0.75
1697 -0.625 -0.27083333333333337 -0.625
1698 -0.625 0.17993132213407154 -0.4420706510221508
1699 -0.625 0.3465979888007382 -0.27540398435548413
1700 -0.625 0.3465979888007382 -0.4420706510221508
1701 -0.44863583667450413 -0.3360467952234283 -0.625
1702 -0.2985924600243053 -0.28215350056620436 -0.75
1703 -0.19637054247655011 -0.1973959213881799 -0.625
1704 0.625 -0.4527905596901892 -0.3330188329956091
1705 0.75 -0.5777905596901892 -0.2705188329956091
1706 0.75 -0.29938854849092744 -0.2750894840177598
1707 0.18388989932008667 -0.4464845385547802 -0.625
1708 0.10055656598675333 -0.5714845385547802 -0.75
1709 0.22848796866612625 -0.625 -0.33595699068206153
1710 0.4517140536924289 0.0028785865136169986 -0.625
1711 0.5759093502224557 -0.08615157573025078 -0.75
1712 -0.2950497558012531 -0.0873360112688321 -0.625
1713 -0.19583839624622135 -0.0832493547951455 -0.75
1714 -0.3345527087625507 -0.22944528353691024 -0.625
1715 -0.23587349543784775 -0.33950519365625803 -0.625
1716 0.13880775905755338 0.14512508710556943 -0.625
1717 0.3377243723216995 0.22853956652423696 -0.625
1718 0.625 0.23921899114466566 -0.328132885472451
1719 0.625 0.3463312410125442 -0.4419223349788005
1720 -0.444094177220674 0.625 -0.18212040181860417
1721 -0.23969664115522793 0.3414117154831412 -0.625
1722 -0.30419438323843107 0.2850706506905111 -0.75
1723 -0.3363800761128233 0.2284684223803526 -0.625
1724 -0.4504389090980132 0.33606367879386123 -0.625
1725 -0.1870888074737512 0.44900697189664984 -0.625
1726 -0.08333333333333334 0.625 -0.625
1727 -0.10375547414041786 0.5740069718966498 -0.75
1728 -0.1875 0.75 -0.75
1729 0.2396806046404668 0.34164906531566225 -0.625
1730 0.106467726439479 0.20211885906665839 -0.75
1731 0.02033695267786287 0.4493214186383756 -0.625
1732 0.625 -0.34562095784917124 -0.21923258012180488
1733 0.625 -0.23942838695972024 -0.32828439814834653
1734 0.625 -0.1456278385872648 -0.13341630669791302
1735 0.75 -0.205588000118472 -0.0802213925673263
1736 -0.625 -0.2349482195142144 0.34044084140314473
1737 -0.13368592750587321 -0.625 0.0022466949440515666
1738 -0.1456278385872648 -0.625 -0.13341630669791302
1739 -0.002678504116869112 -0.625 0.09889521052068048
1740 0.14010013104291869 -0.625 0.13857670864912802
1741 0.08296455076716103 -0.75 0.2037944552091192
1742 0.22865956266664528 -0.625 0.33677628300168166
1743 -0.625 -0.3466806846301299 0.4422289485710208
1744 -0.75 -0.2841806846301299 0.5672289485710208
1745 0.2708333333333333 -0.625 0.625
1746 0.16909532452877712 -0.625 0.4509970147808364
1747 0.19336476453037788 -0.75 -0.09753115232002862
1748 0.28176242349266545 -0.75 -0.30007503293672244
1749 0.19623203457467425 -0.625 -0.19751324956172583
1750 0.3390499550907821 -0.625 -0.23653914324196193
1751 0.3271977926699211 -0.625 -0.1008633550698163
1752 -0.08940381430254407 -0.75 0.20410389629971226
1753 0.1282381472829777 -0.625 0.002262678106777901
1754 -0.625 0.625 -0.2708333333333333
1755 -0.75 0.4715979888007382 -0.3795706510221508
1756 -0.5714398875103038 0.75 0.10027359815381909
1757 -0.625 0.625 0.08333333333333334
1758 -0.44643988751030383 0.625 0.18360693148715243
1759 -0.75 0.75 0.1875
1760 -0.625 0.3332572792863552 0.4532537250588198
1761 -0.625 0.21476579016138714 0.34417939715613366
1762 -0.625 0.28201127086487043 -0.09474680937538726
1763 -0.625 0.45279055969018955 0.0003145003377239275
1764 -0.625 0.45279055969018955 -0.16635216632894273
1765 -0.625 0.625 -0.08333333333333331
1766 -0.75 0.75 -0.1875
1767 -0.569094177220674 0.75 -0.09878706848527086
1768 -0.444094177220674 0.625 -0.015453735151937514
1769 -0.2970870281749087 0.625 -0.07408394119099844
1770 -0.75 0.5777905596901896 -0.08301883299560942
1771 -0.75 0.5777905596901896 -0.2705188329956094
1772 -0.625 0.13430595130331474 0.14372311252559664
1773 -0.625 0.3240892884371637 0.2376400942441492
1774 -0.75 0.19537821799041455 0.09951186257511813
1775 -0.75 0.27583805684848695 0.2999681472056551
1776 -0.625 0.08201815160296368 -0.00893053595149507
1777 -0.625 0.27180148873681265 0.0849864457670575
1778 0.625 0.625 -0.4375
1779 0.75 0.4713312410125442 -0.3794223349788005
1780 0.75 0.5625 -0.5625
1781 0.75 0.2838312410125442 -0.5669223349788005
1782 0.3362851138610884 0.625 -0.4490029049442883
1783 0.2845974731317157 0.75 -0.30129367387107797
1784 0.4483123592706273 0.625 -0.3522907689267897
1785 0.4375 0.625 -0.625
1786 0.2737851138610884 0.75 -0.5740029049442883
1787 0.3858123592706273 0.75 -0.4772907689267897
1788 0.625 0.45081101004403235 0.3364209917037926
1789 0.75 0.297469676255684 0.27865772394925936
1790 0.031670977720312764 0.625 -0.31427953137906467
1791 0.16550582503576927 0.625 -0.21073088132406614
1792 0.1696184471944217 0.625 -0.4490029049442883
1793 -0.2994327384645385 0.625 0.1249767254480915
1794 -0.39053406473097785 0.75 0.001486529668548231
1795 0.27753307044530817 0.625 -0.11401874530656753
1796 0.4483123592706273 0.625 -0.185624102260123
1797 0.625 0.625 -0.08333333333333331
1798 0.625 0.45081101004403235 0.0030876583704592675
1799 0.08201815160296368 0.625 -0.00893053595149507
1800 0.20110979969891007 0.75 -0.0994933284985069
1801 0.08908255428937117 0.75 -0.1962054645160055
1802 0.2779045544733615 0.625 0.0903306102946464
1803 -0.17983753848479994 0.4421362996446534 0.625
1804 -0.012975769384056646 0.39267981066849056 0.75
1805 0.00019510243407666605 0.45054351102383716 0.625
1806 -0.09650420515146663 0.5671362996446534 0.75
1807 0.08352843576740998 0.5755435110238372 0.75
1808 0.2014812837269634 0.75 0.10485602710270703
1809 0.13430595130331474 0.625 0.14372311252559664
1810 0.08940500623832481 0.75 0.2041038653942603
1811 0.75 -0.395371337252321 0.013695589151226262
1812 0.625 -0.33367904676777965 -0.0835695784798403
1813 0.625 -0.3234692646397222 0.09616367666260413
1814 0.75 -0.19537821799041455 0.09951186257511813
1815 0.625 -0.13368592750587321 0.0022466949440515666
1816 0.4464304896042064 -0.625 0.18352648707487992
1817 0.33932806107540786 -0.625 0.23597242196239182
1818 0.625 0.3437085815152338 0.22220025992463782
1819 0.625 0.14009030970383868 -0.13341311006536774
1820 0.5625 0.75 0.75
1821 0.75 0.5625 0.75
1822 0.75 0.75 0.5625
1823 0.33352843576741 0.45054351102383716 0.625
1824 0.27102843576741 0.5755435110238372 0.75
1825 0.4449656866992959 0.18246805669655325 0.625
1826 0.3375822100365393 0.2351345956676771 0.625
1827 0.2261449591046534 0.33654338332829437 0.625
1828 0.45322303120122576 -0.33255213327106603 0.625
1829 0.45322303120122576 0.0007812000622672843 0.625
1830 0.3981887179005217 0.016582590092153904 0.75
1831 0.23956792885126318 -0.3282818725388774 0.625
1832 0.08159607567718756 0.625 0.33432942849899133
1833 -0.625 0.08333333333333334 0.625
1834 -0.34438133854868547 0.21829943676851635 0.625
1835 -0.2840042051514666 0.5671362996446534 0.75
1836 -0.5625 0.5625 0.75
1837 -0.75 0.1875 0.75
1838 -0.625 0.27083333333333337 0.625
1839 -0.75 0.2707572792863552 0.5782537250588198
1840 -0.5763176514789475 0.0822648232124823 0.75
1841 -0.08333333333333334 -0.625 0.625
1842 -0.08660637387426129 -0.75 0.5763064558714295
1843 0.08576199119544381 -0.75 0.5759970147808364
1844 0.08333333333333331 -0.625 0.625
1845 0.1875 -0.75 0.75
1846 -0.1875 -0.75 0.75
1847 -0.27083333333333337 -0.625 0.625
1848 -0.2741063738742613 -0.75 0.5763064558714295
1849 0.30014592498391046 -0.27488239247032 0.75
1850 0.625 -0.625 -0.625
1851 0.75 -0.5625 -0.75
1852 0.75 -0.75 -0.5625
1853 0.3356002185340048 -0.625 -0.44974644018841103
1854 0.30146591620920904 -0.282636114285031 -0.75
1855 0.23659117954278738 -0.33996012377746687 -0.625
1856 0.5625 0.75 -0.5625
1857 0.5733123592706273 0.75 -0.2897907689267897
1858 0.75 -0.09659798880073822 -0.5670706510221507
1859 0.625 -0.2708333333333333 -0.625
1860 0.75 -0.1875 -0.75
1861 -0.4504389090980132 0.16939701212719455 -0.625
1862 -0.29685282822476217 0.08477446274845742 -0.625
1863 -0.3363145563682203 -0.625 -0.44901191903430704
1864 -0.4504389090980132 0.0027303454605278887 -0.625
1865 -0.5754389090980132 0.27356367879386123 -0.75
1866 -0.625 0.2708333333333333 -0.625
1867 -0.625 3.273079142218638e-06 -0.4504232887209145
1868 -0.75 -0.0833300602541911 -0.5754232887209145
1869 -0.625 0.08333333333333331 -0.625
1870 -0.75 0.2993885484909278 -0.27508948401776023
1871 -0.39907474577251734 1.6883570432946193e-05 -0.75
1872 -0.19764146866973042 0.08886111922214401 -0.75
1873 -0.5754389090980132 0.08606367879386123 -0.75
1874 -8.51881292216472e-05 0.39832839053502545 -0.75
1875 -0.10371405675438587 0.32898657254117714 -0.625
1876 0.1037117033972282 0.3293010192829029 -0.625
1877 -0.10095803371213508 0.20180441232493262 -0.75
1878 0.5625 0.5625 -0.75
1879 0.1936330491759236 -0.75 0.10299059416982936
1880 0.32746607731546684 -0.625 0.0996583914200417
1881 0.39259269456286705 -0.75 -0.0001354390067648259
1882 0.4464304896042064 -0.625 0.016859820408213266
1883 -0.44868384818887486 -0.625 0.018725335006322064
1884 -0.20148128861715764 -0.75 0.10485610876793816
1885 -0.1456180172481848 -0.625 0.13857351201658274
1886 -0.3411430570553027 -0.625 -0.23850339967535114
1887 -0.3295723352664653 -0.625 0.10150792285542416
1888 -0.3292011459739111 -0.625 -0.10284039803338656
1889 -0.20111009932460344 -0.75 -0.09949221212087256
1890 -0.3969965070851955 -0.75 -0.00023098420949996257
1891 -0.38618384818887486 -0.75 0.4770586683396554
1892 -0.625 -0.625 0.4375
1893 -0.5625 -0.75 0.5625
1894 0.5714304896042064 -0.75 0.2876931537415466
1895 0.5625 -0.75 0.5625
1896 0.5711622049586607 -0.75 -0.10032859274831141
1897 0.625 -0.625 -0.08333333333333331
1898 0.75 -0.75 -0.1875
1899 0.5714304896042064 -0.75 0.10019315374154658
1900 0.625 -0.625 0.08333333333333334
1901 0.75 -0.75 0.1875
1902 0.625 -0.625 0.27083333333333337
1903 0.625 -0.4527905596901892 -0.1663521663289424
1904 -0.75 0.2840979888007382 -0.5670706510221508
1905 -0.75 0.5675807775621318 0.09671442214683534
1906 -0.625 0.1758186999754191 -0.20379862740192867
1907 -0.75 0.1875 -0.75
1908 -0.75 0.3953713372523213 0.013695589151225929
1909 -0.75 -0.2708300602541911 -0.5754232887209145
1910 -0.625 -0.30393237003661183 0.1084003783728245
1911 -0.625 -0.29493185372897385 -0.07183070857438596
1912 -0.002214049704571691 0.625 0.1358204439612966
1913 -0.08295494512419166 0.75 0.2037958745319317
1914 -0.09076387568532891 0.625 0.33402143763666275
1915 0.625 0.45032942809604326 -0.33549502827053057
1916 0.625 0.3432171782281647 -0.2217055787641811
1917 0.75 0.29666066910858746 -0.2774173632493311
1918 0.625 0.45032942809604326 -0.16882836160386389
1919 0.75 0.75 -0.1875
1920 0.625 0.625 -0.2708333333333333
1921 -0.0024630578723823793 0.625 -0.45011116938210605
1922 0.0004887226553726975 0.75 -0.39911407432639434
1923 -0.0857963912057157 0.75 -0.575111169382106
1924 0.08628511386108839 0.75 -0.5740029049442883
1925 -0.24870831336144963 0.625 -0.21406369492004723
1926 -0.33470742239438833 0.625 0.24848549098594302
1927 -0.10019541052595186 0.625 0.027500567722555196
1928 -0.1887452365067091 0.625 0.22570156139792133
1929 -0.33575238555247444 0.625 0.4509984341036489
1930 -0.2821922730627783 0.75 0.301272032257468
1931 0.75 0.5753294280960433 -0.08549502827053057
1932 0.75 0.5753294280960433 -0.27299502827053057
1933 0.75 -0.5777905596901892 -0.08301883299560908
1934 0.625 -0.4527905596901892 0.00031450033772426056
1935 0.625 6.861991476919682e-05 0.45325402776139034
1936 0.75 0.013393952793087527 0.3954907600068571
1937 0.625 -0.3332647134185641 0.45325402776139034
1938 0.625 -0.1924618412507181 0.19281219223923304
1939 0.16686176910074332 0.45054351102383716 0.625
1940 -0.22401992043655894 0.625 0.34921032693577286
1941 0.5699656866992959 0.09913472336321993 0.75
1942 -0.75 0.5625 0.75
1943 -0.75 -0.75 0.5625
1944 -0.75 -0.5625 0.5625
1945 -0.27041497402407877 -0.5776998341730417 0.75
1946 -0.75 -0.4716806846301299 0.3797289485710208
1947 -0.625 -0.45093951908237717 0.3336972510785521
1948 -0.75 -0.5759395190823772 0.2711972510785521
1949 -0.75 -0.2976202037125071 0.2759261996495729
1950 0.0969228937826847 -0.567330259199254 0.75
1951 -0.08291497402407877 -0.5776998341730417 0.75
1952 0.75 -0.75 0.5625
1953 0.625 -0.22608529023846613 0.3390300993496903
1954 0.75 -0.2758454909806959 0.2999684499082257
1955 -0.75 0.013267928546547125 -0.39249393974306535
1956 -0.75 0.09659798880073822 -0.5670706510221508
1957 -0.625 -0.051816695712492845 -0.11247918600649358
1958 -0.75 0.099395429229021 -0.18927321059386804
1959 -0.625 0.041983852659962594 -0.3073472774569272
1960 -0.75 -0.08053261982590831 -0.19762584829263175
1961 -0.5625 -0.75 -0.75
1962 -0.5625 -0.75 -0.5625
1963 -0.38581265889632066 -0.75 -0.47728965254915534
1964 -0.28462721526454093 -0.75 -0.3013015715834624
1965 0.5759093502224557 -0.2736515757302508 -0.75
1966 0.5625 -0.75 -0.75
1967 0.5625 -0.75 -0.5625
1968 0.38366220495866066 -0.75 -0.4753285927483114
1969 -0.051816695712492845 0.625 -0.11247918600649358
1970 -0.14041052734649132 0.625 -0.3153877958168824
1971 -0.08299895077743291 0.75 -0.19731372895382326
1972 -0.19129673679239123 0.75 -0.09598962805698807
1973 0.3362851138610884 0.625 -0.2823362382776216
1974 0.5625 0.75 -0.75
1975 0.75 0.75 -0.5625
1976 0.75 0.5625 -0.75
1977 -0.625 -0.45093951908237717 0.16703058441188542
1978 -0.625 -0.33920705396646167 0.23190914391067602
1979 0.625 -0.3354013543820338 0.2324904937351353
1980 0.625 -0.44258077756213177 0.1800477554801687
1981 0.75 -0.5675807775621318 0.09671442214683534
1982 -0.75 -0.1891415623464564 -0.0937363954403756
1983 -0.75 -0.1981420786540944 0.08649469150683486
1984 -0.75 0.20558800011847234 -0.08022139256732663
1985 -0.19364244708202105 0.75 0.10307103858210187
1986 0.625 -0.08314577710715045 0.29935179785378807
1987 0.75 -0.0860621538468469 0.20605146818967313
$EndNodes
$Elements
1402
1 18 2 1 1 107 96 83 20 10 8 342 344 345 343 346 347 348 350 349
2 18 2 1 1 103 106 107 16 15 20 351 353 354 352 355 345 356 358 357
3 18 2 1 1 102 105 106 14 19 15 359 361 362 360 363 355 364 366 365
4 18 2 1 1 102 92 105 14 7 19 367 359 362 368 369 363 370 364 371
5 18 2 1 1 104 101 102 13 18 14 372 374 375 373 376 362 377 379 378
6 18 2 1 1 104 88 101 13 4 18 380 372 375 381 382 376 383 377 384
7 18 2 1 1 100 108 103 12 17 16 385 387 388 386 389 354 390 392 391
8 18 2 1 1 100 77 108 12 1 17 393 385 388 394 395 389 396 390 397
9 18 2 1 1 107 106 96 20 15 10 352 342 345 398 355 346 357 348 399
10 18 2 1 1 108 104 103 17 13 16 400 386 389 401 375 354 402 391 403
11 18 2 1 1 100 103 99 12 16 11 387 405 388 404 354 406 392 408 407
12 18 2 1 1 105 95 106 19 9 15 409 360 363 410 411 355 412 365 413
13 18 2 1 1 105 92 81 19 7 5 368 415 363 414 369 416 371 418 417
14 18 2 1 1 95 96 106 9 10 15 419 410 411 398 346 355 420 413 399
15 18 2 1 1 101 88 79 18 4 2 381 422 376 421 382 423 384 425 424
16 18 2 1 1 103 107 99 16 20 11 353 404 354 426 345 406 358 407 427
17 18 2 1 1 77 87 108 1 3 17 428 394 395 429 430 389 431 397 432
18 18 2 1 1 87 104 108 3 13 17 433 429 430 400 375 389 434 432 402
19 18 2 1 1 99 107 83 11 20 8 426 435 406 344 345 347 427 436 350
20 18 2 1 1 106 103 102 15 16 14 351 361 355 437 354 362 356 366 438
21 18 2 1 1 95 105 81 9 19 5 409 439 411 415 363 416 412 440 418
22 18 2 1 1 104 87 88 13 3 4 433 380 375 441 430 382 434 383 442
23 18 2 1 1 91 101 79 6 18 2 443 444 445 422 376 423 446 447 425
24 18 2 1 1 91 92 102 6 7 14 448 449 445 367 369 362 450 451 370
25 18 2 1 1 103 104 102 16 13 14 401 437 354 374 375 362 403 438 379
26 18 2 1 1 101 91 102 18 6 14 443 373 376 449 445 362 446 378 451
27 18 2 1 1 115 93 84 107 96 83 452 454 455 453 456 457 342 344 343
28 18 2 1 1 111 114 115 103 106 107 458 460 461 459 462 455 351 353 352
29 18 2 1 1 110 113 114 102 105 106 463 465 466 464 467 462 359 361 360
30 18 2 1 1 110 89 113 102 92 105 468 463 466 469 470 467 367 359 368
31 18 2 1 1 112 109 110 104 101 102 471 473 474 472 475 466 372 374 373
32 18 2 1 1 112 85 109 104 88 101 476 471 474 477 478 475 380 372 381
33 18 2 1 1 97 116 111 100 108 103 479 481 482 480 483 461 385 387 386
34 18 2 1 1 97 78 116 100 77 108 484 479 482 485 486 483 393 385 394
35 18 2 1 1 115 114 93 107 106 96 459 452 455 487 462 456 352 342 398
36 18 2 1 1 116 112 111 108 104 103 488 480 483 489 474 461 400 386 401
37 18 2 1 1 97 111 98 100 103 99 481 491 482 490 461 492 387 405 404
38 18 2 1 1 113 94 114 105 95 106 493 464 467 494 495 462 409 360 410
39 18 2 1 1 113 89 82 105 92 81 469 497 467 496 470 498 368 415 414
40 18 2 1 1 94 93 114 95 96 106 499 494 495 487 456 462 419 410 398
41 18 2 1 1 109 85 80 101 88 79 477 501 475 500 478 502 381 422 421
42 18 2 1 1 111 115 98 103 107 99 460 490 461 503 455 492 353 404 426
43 18 2 1 1 78 86 116 77 87 108 504 485 486 505 506 483 428 394 429
44 18 2 1 1 86 112 116 87 104 108 507 505 506 488 474 483 433 429 400
45 18 2 1 1 98 115 84 99 107 83 503 508 492 454 455 457 426 435 344
46 18 2 1 1 114 111 110 106 103 102 458 465 462 509 461 466 351 361 437
47 18 2 1 1 94 113 82 95 105 81 493 510 495 497 467 498 409 439 415
48 18 2 1 1 112 86 85 104 87 88 507 476 474 511 506 478 433 380 441
49 18 2 1 1 90 109 80 91 101 79 512 513 514 501 475 502 443 444 422
50 18 2 1 1 90 89 110 91 92 102 515 516 514 468 470 466 448 449 367
51 18 2 1 1 111 112 110 103 104 102 489 509 461 473 474 466 401 437 374
52 18 2 1 1 109 90 110 101 91 102 512 472 475 516 514 466 443 373 449
53 18 2 1 1 146 136 142 35 30 40 517 519 520 518 521 522 523 525 524
54 18 2 1 1 146 142 148 35 40 36 519 527 520 526 522 528 525 530 529
55 18 2 1 1 141 132 143 34 27 39 531 533 534 532 535 536 537 539 538
56 18 2 1 1 141 143 146 34 39 35 533 541 534 540 536 520 539 543 542
57 18 2 1 1 131 141 144 26 34 38 544 546 547 545 534 548 549 551 550
58 18 2 1 1 131 144 119 26 38 22 546 553 547 552 548 554 551 556 555
59 18 2 1 1 127 147 117 23 37 21 557 559 560 558 561 562 563 565 564
60 18 2 1 1 148 147 145 36 37 33 566 568 528 567 561 569 570 572 571
61 18 2 1 1 148 139 140 36 31 32 573 575 528 574 576 577 578 580 579
62 18 2 1 1 146 148 145 35 36 33 527 581 520 568 528 569 530 582 572
63 18 2 1 1 146 145 141 35 33 34 581 541 520 583 569 534 582 543 584
64 18 2 1 1 148 142 139 36 40 31 526 573 528 585 522 576 529 578 586
65 18 2 1 1 147 127 145 37 23 33 557 567 561 587 560 569 563 571 588
66 18 2 1 1 146 143 135 35 39 29 540 590 520 589 536 591 542 593 592
67 18 2 1 1 127 128 145 23 24 33 594 587 560 595 596 569 597 588 598
68 18 2 1 1 148 140 147 36 32 37 575 566 528 599 577 561 580 570 600
69 18 2 1 1 117 147 140 21 37 32 558 601 562 599 561 577 564 602 600
70 18 2 1 1 146 135 136 35 29 30 590 517 520 603 591 521 593 523 604
71 18 2 1 1 142 123 139 40 28 31 605 585 522 606 607 576 608 586 609
72 18 2 1 1 144 141 145 38 34 33 545 610 548 583 534 569 550 611 584
73 18 2 1 1 128 144 145 24 38 33 612 595 596 610 548 569 613 598 611
74 18 2 1 1 119 144 128 22 38 24 552 614 554 612 548 596 555 615 613
75 18 2 1 1 143 121 135 39 25 29 616 589 536 617 618 591 619 592 620
76 18 2 1 1 132 121 143 27 25 39 621 532 535 616 618 536 622 538 619
77 18 2 1 1 136 123 142 30 28 40 623 518 521 605 607 522 624 524 608
78 18 2 1 1 132 141 131 27 34 26 531 625 535 544 534 547 537 626 549
79 18 2 1 1 154 133 150 146 136 142 627 629 630 628 631 632 517 519 518
80 18 2 1 1 154 150 156 146 142 148 629 634 630 633 632 635 519 527 526
81 18 2 1 1 149 129 151 141 132 143 636 638 639 637 640 641 531 533 532
82 18 2 1 1 149 151 154 141 143 146 638 643 639 642 641 630 533 541 540
83 18 2 1 1 130 149 152 131 141 144 644 646 647 645 639 648 544 546 545
84 18 2 1 1 130 152 120 131 144 119 646 650 647 649 648 651 546 553 552
85 18 2 1 1 126 155 118 127 147 117 652 654 655 653 656 657 557 559 558
86 18 2 1 1 156 155 153 148 147 145 658 660 635 659 656 661 566 568 567
87 18 2 1 1 156 138 137 148 139 140 662 664 635 663 665 666 573 575 574
88 18 2 1 1 154 156 153 146 148 145 634 667 630 660 635 661 527 581 568
89 18 2 1 1 154 153 149 146 145 141 667 643 630 668 661 639 581 541 583
90 18 2 1 1 156 150 138 148 142 139 633 662 635 669 632 665 526 573 585
91 18 2 1 1 155 126 153 147 127 145 652 659 656 670 655 661 557 567 587
92 18 2 1 1 154 151 134 146 143 135 642 672 630 671 641 673 540 590 589
93 18 2 1 1 126 125 153 127 128 145 674 670 655 675 676 661 594 587 595
94 18 2 1 1 156 137 155 148 140 147 664 658 635 677 666 656 575 566 599
95 18 2 1 1 118 155 137 117 147 140 653 678 657 677 656 666 558 601 599
96 18 2 1 1 154 134 133 146 135 136 672 627 630 679 673 631 590 517 603
97 18 2 1 1 150 124 138 142 123 139 680 669 632 681 682 665 605 585 606
98 18 2 1 1 152 149 153 144 141 145 645 683 648 668 639 661 545 610 583
99 18 2 1 1 125 152 153 128 144 145 684 675 676 683 648 661 612 595 610
100 18 2 1 1 120 152 125 119 144 128 649 685 651 684 648 676 552 614 612
101 18 2 1 1 151 122 134 143 121 135 686 671 641 687 688 673 616 589 617
102 18 2 1 1 129 122 151 132 121 143 689 637 640 686 688 641 621 532 616
103 18 2 1 1 133 124 150 136 123 142 690 628 631 680 682 632 623 518 605
104 18 2 1 1 129 149 130 132 141 131 636 691 640 644 639 647 531 625 544
105 18 2 1 1 171 163 169 47 43 52 692 694 695 693 696 697 698 700 699
106 18 2 1 1 171 169 172 47 52 48 694 702 695 701 697 703 700 705 704
107 18 2 1 1 166 131 170 46 26 51 706 708 709 707 547 710 711 713 712
108 18 2 1 1 166 170 171 46 51 47 708 715 709 714 710 695 713 717 716
109 18 2 1 1 132 165 121 27 50 25 718 621 535 719 720 618 721 622 722
110 18 2 1 1 167 165 166 45 50 46 723 725 726 724 720 709 727 729 728
111 18 2 1 1 167 172 168 45 48 49 730 732 726 731 703 733 734 736 735
112 18 2 1 1 167 168 159 45 49 41 732 738 726 737 733 739 736 741 740
113 18 2 1 1 171 172 166 47 48 46 702 715 695 742 703 709 705 717 743
114 18 2 1 1 168 172 99 49 48 11 731 745 733 744 703 406 735 747 746
115 18 2 1 1 166 172 167 46 48 45 742 725 709 730 703 726 743 729 734
116 18 2 1 1 172 169 100 48 52 12 701 749 703 748 697 388 704 751 750
117 18 2 1 1 99 172 100 11 48 12 744 405 406 749 703 388 746 408 751
118 18 2 1 1 171 170 164 47 51 44 714 753 695 752 710 754 716 756 755
119 18 2 1 1 167 159 160 45 41 42 738 758 726 757 739 759 741 761 760
120 18 2 1 1 171 164 163 47 44 43 753 692 695 762 754 696 756 698 763
121 18 2 1 1 77 169 163 1 52 43 764 765 395 693 697 696 766 767 699
122 18 2 1 1 164 170 119 44 51 22 752 769 754 768 710 554 755 771 770
123 18 2 1 1 119 170 131 22 51 26 768 553 554 707 710 547 770 556 712
124 18 2 1 1 166 132 131 46 27 26 772 706 709 625 535 547 773 711 626
125 18 2 1 1 121 165 160 25 50 42 719 775 618 774 720 759 722 777 776
126 18 2 1 1 100 169 77 12 52 1 748 393 388 764 697 395 750 396 766
127 18 2 1 1 159 168 83 41 49 8 737 779 739 778 733 347 740 781 780
128 18 2 1 1 83 168 99 8 49 11 778 435 347 745 733 406 780 436 747
129 18 2 1 1 167 160 165 45 42 50 758 723 726 774 759 720 761 727 776
130 18 2 1 1 165 132 166 50 27 46 718 724 720 772 535 709 721 728 773
131 18 2 1 1 179 162 177 171 163 169 782 784 785 783 786 787 692 694 693
132 18 2 1 1 179 177 180 171 169 172 784 789 785 788 787 790 694 702 701
133 18 2 1 1 174 130 178 166 131 170 791 793 794 792 647 795 706 708 707
134 18 2 1 1 174 178 179 166 170 171 793 797 794 796 795 785 708 715 714
135 18 2 1 1 129 173 122 132 165 121 798 689 640 799 800 688 718 621 719
136 18 2 1 1 175 173 174 167 165 166 801 803 804 802 800 794 723 725 724
137 18 2 1 1 175 180 176 167 172 168 805 807 804 806 790 808 730 732 731
138 18 2 1 1 175 176 158 167 168 159 807 810 804 809 808 811 732 738 737
139 18 2 1 1 179 180 174 171 172 166 789 797 785 812 790 794 702 715 742
140 18 2 1 1 176 180 98 168 172 99 806 814 808 813 790 492 731 745 744
141 18 2 1 1 174 180 175 166 172 167 812 803 794 805 790 804 742 725 730
142 18 2 1 1 180 177 97 172 169 100 788 816 790 815 787 482 701 749 748
143 18 2 1 1 98 180 97 99 172 100 813 491 492 816 790 482 744 405 749
144 18 2 1 1 179 178 161 171 170 164 796 818 785 817 795 819 714 753 752
145 18 2 1 1 175 158 157 167 159 160 810 821 804 820 811 822 738 758 757
146 18 2 1 1 179 161 162 171 164 163 818 782 785 823 819 786 753 692 762
147 18 2 1 1 78 177 162 77 169 163 824 825 486 783 787 786 764 765 693
148 18 2 1 1 161 178 120 164 170 119 817 827 819 826 795 651 752 769 768
149 18 2 1 1 120 178 130 119 170 131 826 650 651 792 795 647 768 553 707
150 18 2 1 1 174 129 130 166 132 131 828 791 794 691 640 647 772 706 625
151 18 2 1 1 122 173 157 121 165 160 799 830 688 829 800 822 719 775 774
152 18 2 1 1 97 177 78 100 169 77 815 484 482 824 787 486 748 393 764
153 18 2 1 1 158 176 84 159 168 83 809 832 811 831 808 457 737 779 778
154 18 2 1 1 84 176 98 83 168 99 831 508 457 814 808 492 778 435 745
155 18 2 1 1 175 157 173 167 160 165 821 801 804 829 822 800 758 723 774
156 18 2 1 1 173 129 174 165 132 166 798 802 800 828 640 794 718 724 772
157 18 2 1 1 185 159 189 57 41 60 833 835 836 834 739 837 838 840 839
158 18 2 1 1 185 189 188 57 60 58 835 842 836 841 837 843 840 845 844
159 18 2 1 1 187 188 186 55 58 59 846 848 849 847 843 850 851 853 852
160 18 2 1 1 187 186 183 55 59 53 848 855 849 854 850 856 853 858 857
161 18 2 1 1 188 96 95 58 10 9 859 860 843 419 346 411 861 862 420
162 18 2 1 1 185 188 187 57 58 55 842 863 836 846 843 849 845 864 851
163 18 2 1 1 187 190 185 55 56 57 865 863 849 866 867 836 868 864 869
164 18 2 1 1 186 81 183 59 5 53 870 854 850 871 416 856 872 857 873
165 18 2 1 1 135 160 190 29 42 56 874 876 591 875 759 867 877 879 878
166 18 2 1 1 135 190 136 29 56 30 876 603 591 880 867 521 879 604 881
167 18 2 1 1 136 190 187 30 56 55 880 882 521 865 867 849 881 883 868
168 18 2 1 1 95 186 188 9 59 58 884 860 411 847 850 843 885 862 852
169 18 2 1 1 83 189 159 8 60 41 886 779 347 834 837 739 887 781 839
170 18 2 1 1 160 185 190 42 57 56 888 875 759 866 836 867 889 878 869
171 18 2 1 1 96 189 83 10 60 8 890 343 346 886 837 347 891 349 887
172 18 2 1 1 188 189 96 58 60 10 841 859 843 890 837 346 844 861 891
173 18 2 1 1 183 184 187 53 54 55 892 855 856 893 894 849 895 858 896
174 18 2 1 1 187 184 136 55 54 30 893 882 849 897 894 521 896 883 898
175 18 2 1 1 95 81 186 9 5 59 439 884 411 870 416 850 440 885 872
176 18 2 1 1 159 185 160 41 57 42 833 757 739 888 836 759 838 760 889
177 18 2 1 1 160 135 121 42 29 25 874 775 759 617 591 618 877 777 620
178 18 2 1 1 136 184 123 30 54 28 897 623 521 899 894 607 898 624 900
179 18 2 1 1 191 158 195 185 159 189 901 903 904 902 811 905 833 835 834
180 18 2 1 1 191 195 194 185 189 188 903 907 904 906 905 908 835 842 841
181 18 2 1 1 193 194 192 187 188 186 909 911 912 910 908 913 846 848 847
182 18 2 1 1 193 192 182 187 186 183 911 915 912 914 913 916 848 855 854
183 18 2 1 1 194 93 94 188 96 95 917 918 908 499 456 495 859 860 419
184 18 2 1 1 191 194 193 185 188 187 907 919 904 909 908 912 842 863 846
185 18 2 1 1 193 196 191 187 190 185 920 919 912 921 922 904 865 863 866
186 18 2 1 1 192 82 182 186 81 183 923 914 913 924 498 916 870 854 871
187 18 2 1 1 134 157 196 135 160 190 925 927 673 926 822 922 874 876 875
188 18 2 1 1 134 196 133 135 190 136 927 679 673 928 922 631 876 603 880
189 18 2 1 1 133 196 193 136 190 187 928 929 631 920 922 912 880 882 865
190 18 2 1 1 94 192 194 95 186 188 930 918 495 910 913 908 884 860 847
191 18 2 1 1 84 195 158 83 189 159 931 832 457 902 905 811 886 779 834
192 18 2 1 1 157 191 196 160 185 190 932 926 822 921 904 922 888 875 866
193 18 2 1 1 93 195 84 96 189 83 933 453 456 931 905 457 890 343 886
194 18 2 1 1 194 195 93 188 189 96 906 917 908 933 905 456 841 859 890
195 18 2 1 1 182 181 193 183 184 187 934 915 916 935 936 912 892 855 893
196 18 2 1 1 193 181 133 187 184 136 935 929 912 937 936 631 893 882 897
197 18 2 1 1 94 82 192 95 81 186 510 930 495 923 498 913 439 884 870
198 18 2 1 1 158 191 157 159 185 160 901 820 811 932 904 822 833 757 888
199 18 2 1 1 157 134 122 160 135 121 925 830 822 687 673 688 874 775 617
200 18 2 1 1 133 181 124 136 184 123 937 690 631 938 936 682 897 623 899
201 18 2 1 1 201 183 205 65 53 68 939 941 942 940 856 943 944 946 945
202 18 2 1 1 201 205 204 65 68 66 941 948 942 947 943 949 946 951 950
203 18 2 1 1 203 204 202 63 66 67 952 954 955 953 949 956 957 959 958
204 18 2 1 1 203 202 199 63 67 61 954 961 955 960 956 962 959 964 963
205 18 2 1 1 204 92 91 66 7 6 965 966 949 448 369 445 967 968 450
206 18 2 1 1 201 204 203 65 66 63 948 969 942 952 949 955 951 970 957
207 18 2 1 1 203 206 201 63 64 65 971 969 955 972 973 942 974 970 975
208 18 2 1 1 202 79 199 67 2 61 976 960 956 977 423 962 978 963 979
209 18 2 1 1 139 184 206 31 54 64 980 982 576 981 894 973 983 985 984
210 18 2 1 1 139 206 140 31 64 32 982 574 576 986 973 577 985 579 987
211 18 2 1 1 140 206 203 32 64 63 986 988 577 971 973 955 987 989 974
212 18 2 1 1 91 202 204 6 67 66 990 966 445 953 956 949 991 968 958
213 18 2 1 1 81 205 183 5 68 53 992 871 416 940 943 856 993 873 945
214 18 2 1 1 184 201 206 54 65 64 994 981 894 972 942 973 995 984 975
215 18 2 1 1 92 205 81 7 68 5 996 414 369 992 943 416 997 417 993
216 18 2 1 1 204 205 92 66 68 7 947 965 949 996 943 369 950 967 997
217 18 2 1 1 199 200 203 61 62 63 998 961 962 999 1000 955 1001 964 1002
218 18 2 1 1 203 200 140 63 62 32 999 988 955 1003 1000 577 1002 989 1004
219 18 2 1 1 91 79 202 6 2 67 444 990 445 976 423 956 447 991 978
220 18 2 1 1 183 201 184 53 65 54 939 892 856 994 942 894 944 895 995
221 18 2 1 1 184 139 123 54 31 28 980 899 894 606 576 607 983 900 609
222 18 2 1 1 140 200 117 32 62 21 1003 601 577 1005 1000 562 1004 602 1006
223 18 2 1 1 207 182 211 201 183 205 1007 1009 1010 1008 916 1011 939 941 940
224 18 2 1 1 207 211 210 201 205 204 1009 1013 1010 1012 1011 1014 941 948 947
225 18 2 1 1 209 210 208 203 204 202 1015 1017 1018 1016 1014 1019 952 954 953
226 18 2 1 1 209 208 198 203 202 199 1017 1021 1018 1020 1019 1022 954 961 960
227 18 2 1 1 210 89 90 204 92 91 1023 1024 1014 515 470 514 965 966 448
228 18 2 1 1 207 210 209 201 204 203 1013 1025 1010 1015 1014 1018 948 969 952
229 18 2 1 1 209 212 207 203 206 201 1026 1025 1018 1027 1028 1010 971 969 972
230 18 2 1 1 208 80 198 202 79 199 1029 1020 1019 1030 502 1022 976 960 977
231 18 2 1 1 138 181 212 139 184 206 1031 1033 665 1032 936 1028 980 982 981
232 18 2 1 1 138 212 137 139 206 140 1033 663 665 1034 1028 666 982 574 986
233 18 2 1 1 137 212 209 140 206 203 1034 1035 666 1026 1028 1018 986 988 971
234 18 2 1 1 90 208 210 91 202 204 1036 1024 514 1016 1019 1014 990 966 953
235 18 2 1 1 82 211 182 81 205 183 1037 924 498 1008 1011 916 992 871 940
236 18 2 1 1 181 207 212 184 201 206 1038 1032 936 1027 1010 1028 994 981 972
237 18 2 1 1 89 211 82 92 205 81 1039 496 470 1037 1011 498 996 414 992
238 18 2 1 1 210 211 89 204 205 92 1012 1023 1014 1039 1011 470 947 965 996
239 18 2 1 1 198 197 209 199 200 203 1040 1021 1022 1041 1042 1018 998 961 999
240 18 2 1 1 209 197 137 203 200 140 1041 1035 1018 1043 1042 666 999 988 1003
241 18 2 1 1 90 80 208 91 79 202 513 1036 514 1029 502 1019 444 990 976
242 18 2 1 1 182 207 181 183 201 184 1007 934 916 1038 1010 936 939 892 994
243 18 2 1 1 181 138 124 184 139 123 1031 938 936 681 665 682 980 899 606
244 18 2 1 1 137 197 118 140 200 117 1043 678 666 1044 1042 657 1003 601 1005
245 18 2 1 1 219 199 217 71 61 76 1045 1047 1048 1046 962 1049 1050 1052 1051
246 18 2 1 1 219 217 220 71 76 72 1047 1054 1048 1053 1049 1055 1052 1057 1056
247 18 2 1 1 214 127 218 70 23 75 1058 1060 1061 1059 560 1062 1063 1065 1064
248 18 2 1 1 214 218 219 70 75 71 1060 1067 1061 1066 1062 1048 1065 1069 1068
249 18 2 1 1 128 213 119 24 74 22 1070 614 596 1071 1072 554 1073 615 1074
250 18 2 1 1 215 213 214 69 74 70 1075 1077 1078 1076 1072 1061 1079 1081 1080
251 18 2 1 1 215 220 216 69 72 73 1082 1084 1078 1083 1055 1085 1086 1088 1087
252 18 2 1 1 215 216 163 69 73 43 1084 1090 1078 1089 1085 696 1088 1092 1091
253 18 2 1 1 219 220 214 71 72 70 1054 1067 1048 1093 1055 1061 1057 1069 1094
254 18 2 1 1 216 220 87 73 72 3 1083 1096 1085 1095 1055 430 1087 1098 1097
255 18 2 1 1 214 220 215 70 72 69 1093 1077 1061 1082 1055 1078 1094 1081 1086
256 18 2 1 1 220 217 88 72 76 4 1053 1100 1055 1099 1049 382 1056 1102 1101
257 18 2 1 1 87 220 88 3 72 4 1095 441 430 1100 1055 382 1097 442 1102
258 18 2 1 1 219 218 200 71 75 62 1066 1104 1048 1103 1062 1000 1068 1106 1105
259 18 2 1 1 215 163 164 69 43 44 1090 1107 1078 762 696 754 1092 1108 763
260 18 2 1 1 219 200 199 71 62 61 1104 1045 1048 998 1000 962 1106 1050 1001
261 18 2 1 1 79 217 199 2 76 61 1109 977 423 1046 1049 962 1110 979 1051
262 18 2 1 1 200 218 117 62 75 21 1103 1005 1000 1111 1062 562 1105 1006 1112
263 18 2 1 1 117 218 127 21 75 23 1111 559 562 1059 1062 560 1112 565 1064
264 18 2 1 1 214 128 127 70 24 23 1113 1058 1061 594 596 560 1114 1063 597
265 18 2 1 1 119 213 164 22 74 44 1071 769 554 1115 1072 754 1074 771 1116
266 18 2 1 1 88 217 79 4 76 2 1099 421 382 1109 1049 423 1101 424 1110
267 18 2 1 1 163 216 77 43 73 1 1089 765 696 1117 1085 395 1091 767 1118
268 18 2 1 1 77 216 87 1 73 3 1117 428 395 1096 1085 430 1118 431 1098
269 18 2 1 1 215 164 213 69 44 74 1107 1075 1078 1115 754 1072 1108 1079 1116
270 18 2 1 1 213 128 214 74 24 70 1070 1076 1072 1113 596 1061 1073 1080 1114
271 18 2 1 1 227 198 225 219 199 217 1119 1121 1122 1120 1022 1123 1045 1047 1046
272 18 2 1 1 227 225 228 219 217 220 1121 1125 1122 1124 1123 1126 1047 1054 1053
273 18 2 1 1 222 126 226 214 127 218 1127 1129 1130 1128 655 1131 1058 1060 1059
274 18 2 1 1 222 226 227 214 218 219 1129 1133 1130 1132 1131 1122 1060 1067 1066
275 18 2 1 1 125 221 120 128 213 119 1134 685 676 1135 1136 651 1070 614 1071
276 18 2 1 1 223 221 222 215 213 214 1137 1139 1140 1138 1136 1130 1075 1077 1076
277 18 2 1 1 223 228 224 215 220 216 1141 1143 1140 1142 1126 1144 1082 1084 1083
278 18 2 1 1 223 224 162 215 216 163 1143 1146 1140 1145 1144 786 1084 1090 1089
279 18 2 1 1 227 228 222 219 220 214 1125 1133 1122 1147 1126 1130 1054 1067 1093
280 18 2 1 1 224 228 86 216 220 87 1142 1149 1144 1148 1126 506 1083 1096 1095
281 18 2 1 1 222 228 223 214 220 215 1147 1139 1130 1141 1126 1140 1093 1077 1082
282 18 2 1 1 228 225 85 220 217 88 1124 1151 1126 1150 1123 478 1053 1100 1099
283 18 2 1 1 86 228 85 87 220 88 1148 511 506 1151 1126 478 1095 441 1100
284 18 2 1 1 227 226 197 219 218 200 1132 1153 1122 1152 1131 1042 1066 1104 1103
285 18 2 1 1 223 162 161 215 163 164 1146 1154 1140 823 786 819 1090 1107 762
286 18 2 1 1 227 197 198 219 200 199 1153 1119 1122 1040 1042 1022 1104 1045 998
287 18 2 1 1 80 225 198 79 217 199 1155 1030 502 1120 1123 1022 1109 977 1046
288 18 2 1 1 197 226 118 200 218 117 1152 1044 1042 1156 1131 657 1103 1005 1111
289 18 2 1 1 118 226 126 117 218 127 1156 654 657 1128 1131 655 1111 559 1059
290 18 2 1 1 222 125 126 214 128 127 1157 1127 1130 674 676 655 1113 1058 594
291 18 2 1 1 120 221 161 119 213 164 1135 827 651 1158 1136 819 1071 769 1115
292 18 2 1 1 85 225 80 88 217 79 1150 500 478 1155 1123 502 1099 421 1109
293 18 2 1 1 162 224 78 163 216 77 1145 825 786 1159 1144 486 1089 765 1117
294 18 2 1 1 78 224 86 77 216 87 1159 504 486 1149 1144 506 1117 428 1096
295 18 2 1 1 223 161 221 215 164 213 1154 1137 1140 1158 819 1136 1107 1075 1115
296 18 2 1 1 221 125 222 213 128 214 1134 1138 1136 1157 676 1130 1070 1076 1113
297 11 2 2 2 224 86 116 78 1149 505 1160 1159 485 504
298 11 2 2 2 228 112 86 85 1161 507 1148 1151 511 476
299 11 2 2 2 239 85 208 109 1162 1163 1164 1165 1166 477
300 11 2 2 2 208 90 109 80 1036 512 1166 1029 501 513
301 11 2 2 2 210 110 90 89 1167 516 1024 1023 515 468
302 11 2 2 2 192 94 113 82 930 493 1168 923 497 510
303 11 2 2 2 229 111 112 110 1169 489 1170 1171 473 509
304 11 2 2 2 180 111 98 97 1172 490 813 816 491 481
305 11 2 2 2 194 114 94 93 1173 494 918 917 499 487
306 11 2 2 2 195 93 84 115 933 453 931 1174 454 452
307 11 2 2 2 176 98 115 84 814 503 1175 831 454 508
308 11 2 2 2 239 112 85 109 1176 476 1162 1165 477 471
309 11 2 2 2 224 112 116 86 1177 488 1160 1149 505 507
310 11 2 2 2 239 110 112 109 1178 473 1176 1165 471 472
311 11 2 2 2 210 110 89 113 1167 468 1023 1179 469 463
312 11 2 2 2 90 110 208 109 516 1180 1036 512 1166 472
313 11 2 2 2 230 114 110 113 1181 465 1182 1183 463 464
314 11 2 2 2 231 114 93 115 1184 487 1185 1186 452 459
315 11 2 2 2 232 112 111 116 1187 489 1188 1189 480 488
316 11 2 2 2 231 111 114 115 1190 458 1184 1186 459 460
317 11 2 2 2 232 111 97 116 1188 481 1191 1189 479 480
318 11 2 2 2 229 111 110 114 1169 509 1171 1192 465 458
319 11 2 2 2 177 97 78 116 815 484 824 1193 485 479
320 11 2 2 2 224 162 78 177 1145 825 1159 1194 824 783
321 11 2 2 2 226 155 118 126 1195 653 1156 1128 654 652
322 11 2 2 2 211 89 82 113 1039 496 1037 1196 497 469
323 11 2 2 2 230 114 113 94 1181 464 1183 1197 493 494
324 11 2 2 2 231 111 115 98 1190 460 1186 1198 503 490
325 11 2 2 2 226 137 118 155 1199 678 1156 1195 653 677
326 11 2 2 2 233 156 137 155 1200 664 1201 1202 677 658
327 11 2 2 2 221 125 120 152 1134 685 1135 1203 649 684
328 11 2 2 2 237 149 153 152 1204 668 1205 1206 683 645
329 11 2 2 2 178 152 120 130 1207 649 826 792 650 646
330 11 2 2 2 237 149 152 130 1204 645 1206 1208 646 644
331 11 2 2 2 173 151 122 134 1209 686 799 1210 687 671
332 11 2 2 2 239 228 85 112 1211 1151 1162 1176 476 1161
333 11 2 2 2 237 153 125 152 1205 675 1212 1206 684 683
334 11 2 2 2 234 156 154 150 1213 634 1214 1215 629 633
335 11 2 2 2 173 129 122 151 798 689 799 1209 686 637
336 11 2 2 2 174 149 130 129 1216 644 791 828 691 636
337 11 2 2 2 181 133 124 150 937 690 938 1217 680 628
338 11 2 2 2 236 154 149 151 1218 643 1219 1220 638 642
339 11 2 2 2 212 156 150 138 1221 633 1222 1033 669 662
340 11 2 2 2 181 150 124 138 1217 680 938 1031 681 669
341 11 2 2 2 234 154 153 149 1214 667 1223 1224 668 643
342 11 2 2 2 238 154 133 150 1225 627 1226 1227 628 629
343 11 2 2 2 236 149 129 151 1219 636 1228 1220 637 638
344 11 2 2 2 134 236 154 196 1229 1218 672 927 1231 1230
345 11 2 2 2 195 176 115 84 1232 1175 1174 931 454 831
346 11 2 2 2 232 177 116 97 1233 1193 1189 1191 479 815
347 11 2 2 2 231 180 111 98 1234 1172 1190 1198 490 813
348 11 2 2 2 224 179 162 177 1235 782 1145 1194 783 784
349 11 2 2 2 221 178 120 161 1236 826 1135 1158 827 817
350 11 2 2 2 157 173 122 134 829 799 830 925 687 1210
351 11 2 2 2 196 157 134 173 926 925 927 1237 1210 829
352 11 2 2 2 191 175 176 158 1238 807 1239 901 809 810
353 11 2 2 2 237 174 149 130 1240 1216 1204 1208 644 791
354 11 2 2 2 154 236 134 151 1218 1229 672 642 671 1220
355 11 2 2 2 236 174 129 149 1241 828 1228 1219 636 1216
356 11 2 2 2 236 175 173 174 1242 801 1243 1241 802 803
357 11 2 2 2 232 231 180 111 1244 1234 1245 1188 1172 1190
358 11 2 2 2 196 154 134 133 1231 672 927 928 679 627
359 11 2 2 2 236 173 134 151 1243 1210 1229 1220 671 1209
360 11 2 2 2 232 228 223 240 1246 1141 1247 1248 1250 1249
361 11 2 2 2 222 153 126 125 1251 670 1127 1157 674 675
362 11 2 2 2 237 221 178 152 1252 1236 1253 1206 1207 1203
363 11 2 2 2 212 156 138 137 1221 662 1033 1034 663 664
364 11 2 2 2 191 175 158 157 1238 810 901 932 820 821
365 11 2 2 2 211 192 113 82 1254 1168 1196 1037 497 923
366 11 2 2 2 238 212 150 181 1255 1222 1227 1256 1217 1032
367 11 2 2 2 195 176 84 158 1232 831 931 902 832 809
368 11 2 2 2 241 175 180 176 1257 805 1258 1259 806 807
369 11 2 2 2 230 194 114 94 1260 1173 1181 1197 494 918
370 11 2 2 2 231 195 115 93 1261 1174 1186 1185 452 933
371 11 2 2 2 231 195 176 115 1261 1232 1262 1186 1175 1174
372 11 2 2 2 241 175 174 180 1257 803 1263 1258 812 805
373 11 2 2 2 173 191 175 236 1264 1238 801 1243 1242 1265
374 11 2 2 2 238 181 150 133 1256 1217 1227 1226 628 937
375 11 2 2 2 238 193 133 196 1266 929 1226 1267 928 920
376 11 2 2 2 207 193 192 182 1268 911 1269 1007 914 915
377 11 2 2 2 234 156 153 154 1213 660 1223 1214 667 634
378 11 2 2 2 191 195 158 176 903 902 901 1239 809 1232
379 11 2 2 2 191 196 173 157 921 1237 1264 932 829 926
380 11 2 2 2 238 236 196 154 1270 1230 1267 1225 1231 1218
381 11 2 2 2 231 230 194 114 1271 1260 1272 1184 1173 1181
382 11 2 2 2 242 191 194 193 1273 907 1274 1275 909 919
383 11 2 2 2 235 153 155 126 1276 659 1277 1278 652 670
384 11 2 2 2 234 156 155 153 1213 658 1279 1223 659 660
385 11 2 2 2 223 221 161 179 1137 1158 1154 1280 818 1281
386 11 2 2 2 223 179 161 162 1280 818 1154 1146 823 782
387 11 2 2 2 207 193 182 181 1268 915 1007 1038 934 935
388 11 2 2 2 208 80 85 225 1029 500 1163 1282 1150 1155
389 11 2 2 2 211 192 82 182 1254 923 1037 1008 924 914
390 11 2 2 2 210 211 113 89 1012 1196 1179 1023 469 1039
391 11 2 2 2 230 210 113 110 1283 1179 1183 1182 463 1167
392 11 2 2 2 208 110 90 210 1180 516 1036 1016 1024 1167
393 11 2 2 2 208 239 110 210 1164 1178 1180 1016 1167 1284
394 11 2 2 2 239 209 208 198 1285 1017 1164 1286 1020 1021
395 11 2 2 2 233 226 155 137 1287 1195 1202 1201 677 1199
396 11 2 2 2 212 181 138 150 1032 1031 1033 1222 669 1217
397 11 2 2 2 233 212 137 156 1288 1034 1201 1200 664 1221
398 11 2 2 2 234 233 156 212 1289 1200 1213 1290 1221 1288
399 11 2 2 2 243 230 207 193 1291 1292 1293 1294 1268 1295
400 11 2 2 2 207 211 182 192 1009 1008 1007 1269 914 1254
401 11 2 2 2 238 207 181 193 1296 1038 1256 1266 935 1268
402 11 2 2 2 210 207 243 230 1013 1293 1297 1283 1291 1292
403 11 2 2 2 230 207 193 192 1292 1268 1295 1298 911 1269
404 11 2 2 2 230 211 192 113 1299 1254 1298 1183 1168 1196
405 11 2 2 2 230 210 211 113 1283 1012 1299 1183 1196 1179
406 11 2 2 2 232 179 177 180 1300 784 1233 1245 788 789
407 11 2 2 2 224 177 78 116 1194 824 1159 1160 485 1193
408 11 2 2 2 227 209 198 197 1301 1021 1119 1153 1040 1041
409 11 2 2 2 233 227 197 209 1302 1153 1303 1304 1041 1301
410 11 2 2 2 225 208 80 198 1282 1029 1155 1120 1030 1020
411 11 2 2 2 112 110 239 229 473 1178 1176 1170 1305 1171
412 11 2 2 2 221 179 178 161 1281 796 1236 1158 817 818
413 11 2 2 2 228 224 86 112 1142 1149 1148 1161 507 1177
414 11 2 2 2 241 179 180 174 1306 789 1258 1263 812 797
415 11 2 2 2 85 80 208 109 500 1029 1163 477 1166 501
416 11 2 2 2 232 224 112 116 1307 1177 1187 1189 488 1160
417 11 2 2 2 226 197 118 137 1152 1044 1156 1199 678 1043
418 11 2 2 2 239 233 209 227 1308 1304 1285 1309 1301 1302
419 11 2 2 2 233 209 197 137 1304 1041 1303 1201 1043 1035
420 11 2 2 2 221 178 152 120 1236 1207 1203 1135 649 826
421 11 2 2 2 237 179 174 178 1310 797 1240 1253 793 796
422 11 2 2 2 235 233 226 155 1311 1287 1312 1277 1195 1202
423 11 2 2 2 237 223 222 240 1313 1139 1314 1315 1316 1250
424 11 2 2 2 235 226 126 155 1312 1128 1278 1277 652 1195
425 11 2 2 2 237 222 125 153 1314 1157 1212 1205 675 1251
426 11 2 2 2 240 223 222 228 1250 1139 1316 1249 1147 1141
427 11 2 2 2 232 224 177 179 1307 1194 1233 1300 784 1235
428 11 2 2 2 223 224 179 162 1143 1235 1280 1146 782 1145
429 11 2 2 2 237 221 179 178 1252 1281 1310 1253 796 1236
430 11 2 2 2 235 227 222 226 1317 1133 1318 1312 1129 1132
431 11 2 2 2 239 225 198 208 1319 1120 1286 1164 1020 1282
432 11 2 2 2 240 227 228 222 1320 1125 1249 1316 1147 1133
433 11 2 2 2 232 228 112 224 1246 1161 1187 1307 1177 1142
434 11 2 2 2 232 224 116 177 1307 1160 1189 1233 1193 1194
435 11 2 2 2 239 209 210 208 1285 1015 1284 1164 1016 1017
436 11 2 2 2 241 176 191 175 1259 1239 1321 1257 1238 807
437 11 2 2 2 243 207 209 212 1293 1025 1322 1323 1026 1027
438 11 2 2 2 239 229 228 112 1305 1324 1211 1176 1161 1170
439 11 2 2 2 239 227 225 228 1309 1121 1319 1211 1124 1125
440 11 2 2 2 242 191 193 196 1273 919 1275 1325 920 921
441 11 2 2 2 230 193 194 192 1295 909 1260 1298 910 911
442 11 2 2 2 232 223 224 179 1247 1143 1307 1300 1235 1280
443 11 2 2 2 230 207 211 210 1292 1009 1299 1283 1012 1013
444 11 2 2 2 230 207 192 211 1292 1269 1298 1299 1254 1009
445 11 2 2 2 210 243 239 230 1297 1326 1284 1283 1327 1291
446 11 2 2 2 230 194 94 192 1260 918 1197 1298 930 910
447 11 2 2 2 231 230 114 229 1271 1181 1184 1328 1192 1329
448 11 2 2 2 230 192 94 113 1298 930 1197 1183 493 1168
449 11 2 2 2 230 229 110 114 1329 1171 1182 1181 465 1192
450 11 2 2 2 243 239 230 229 1326 1327 1291 1330 1329 1305
451 11 2 2 2 243 207 210 209 1293 1013 1297 1322 1015 1025
452 11 2 2 2 231 191 195 194 1331 903 1261 1272 906 907
453 11 2 2 2 239 230 110 210 1327 1182 1178 1284 1167 1283
454 11 2 2 2 231 191 176 195 1331 1239 1262 1261 1232 903
455 11 2 2 2 231 176 98 115 1262 814 1198 1186 503 1175
456 11 2 2 2 231 229 114 111 1328 1192 1184 1190 458 1169
457 11 2 2 2 231 180 98 176 1234 813 1198 1262 814 806
458 11 2 2 2 242 194 230 193 1274 1260 1332 1275 1295 909
459 11 2 2 2 242 231 229 230 1333 1328 1334 1332 1329 1271
460 11 2 2 2 231 194 195 93 1272 906 1261 1185 933 917
461 11 2 2 2 230 194 242 231 1260 1274 1332 1271 1333 1272
462 11 2 2 2 231 194 93 114 1272 917 1185 1184 487 1173
463 11 2 2 2 241 237 179 174 1335 1310 1306 1263 797 1240
464 11 2 2 2 232 180 177 97 1245 788 1233 1191 815 816
465 11 2 2 2 241 236 237 174 1336 1337 1335 1263 1240 1241
466 11 2 2 2 240 232 179 223 1248 1300 1338 1250 1280 1247
467 11 2 2 2 232 180 97 111 1245 816 1191 1188 481 1172
468 11 2 2 2 111 112 232 229 489 1187 1188 1169 1339 1170
469 11 2 2 2 232 231 111 229 1244 1190 1188 1339 1169 1328
470 11 2 2 2 240 232 228 229 1248 1246 1249 1340 1324 1339
471 11 2 2 2 232 229 112 228 1339 1170 1187 1246 1161 1324
472 11 2 2 2 233 209 137 212 1304 1035 1201 1288 1034 1026
473 11 2 2 2 233 226 137 197 1287 1199 1201 1303 1043 1152
474 11 2 2 2 233 227 226 197 1302 1132 1287 1303 1152 1153
475 11 2 2 2 243 234 212 233 1341 1290 1323 1342 1288 1289
476 11 2 2 2 239 243 210 209 1326 1297 1284 1285 1015 1322
477 11 2 2 2 240 235 222 237 1343 1318 1316 1315 1314 1344
478 11 2 2 2 237 222 221 125 1314 1138 1252 1212 1134 1157
479 11 2 2 2 237 221 152 125 1252 1203 1206 1212 684 1134
480 11 2 2 2 241 232 229 231 1345 1339 1346 1347 1328 1244
481 11 2 2 2 234 238 154 236 1348 1225 1214 1349 1218 1270
482 11 2 2 2 237 223 179 221 1313 1280 1310 1252 1281 1137
483 11 2 2 2 237 178 130 152 1253 792 1208 1206 646 1207
484 11 2 2 2 237 174 130 178 1240 791 1208 1253 792 793
485 11 2 2 2 236 237 174 149 1337 1240 1241 1219 1216 1204
486 11 2 2 2 134 173 236 196 1210 1243 1229 927 1230 1237
487 11 2 2 2 175 191 173 157 1238 1264 801 821 829 932
488 11 2 2 2 173 196 191 236 1237 921 1264 1243 1265 1230
489 11 2 2 2 194 191 242 231 907 1273 1274 1272 1333 1331
490 11 2 2 2 234 236 154 149 1349 1218 1214 1224 643 1219
491 11 2 2 2 236 173 151 129 1243 1209 1220 1228 637 798
492 11 2 2 2 236 174 173 129 1241 802 1243 1228 798 828
493 11 2 2 2 241 232 231 180 1345 1244 1347 1258 1234 1245
494 11 2 2 2 240 234 241 229 1350 1351 1352 1340 1346 1353
495 11 2 2 2 234 150 212 156 1215 1222 1290 1213 1221 633
496 11 2 2 2 242 236 191 196 1354 1265 1273 1325 921 1230
497 11 2 2 2 238 196 133 154 1267 928 1226 1225 627 1231
498 11 2 2 2 238 193 181 133 1266 935 1256 1226 937 929
499 11 2 2 2 238 207 212 181 1296 1027 1255 1256 1032 1038
500 11 2 2 2 242 241 231 191 1355 1347 1333 1273 1331 1321
501 11 2 2 2 243 242 229 230 1356 1334 1330 1291 1329 1332
502 11 2 2 2 241 231 176 180 1347 1262 1259 1258 806 1234
503 11 2 2 2 191 176 241 231 1239 1259 1321 1331 1347 1262
504 11 2 2 2 241 236 174 175 1336 1241 1263 1257 803 1242
505 11 2 2 2 241 236 175 191 1336 1242 1257 1321 1238 1265
506 11 2 2 2 241 232 180 179 1345 1245 1258 1306 789 1300
507 11 2 2 2 240 241 232 229 1352 1345 1248 1340 1339 1346
508 11 2 2 2 242 241 191 236 1355 1321 1273 1354 1265 1336
509 11 2 2 2 240 241 179 232 1352 1306 1338 1248 1300 1345
510 11 2 2 2 234 241 236 237 1351 1336 1349 1357 1337 1335
511 11 2 2 2 242 234 236 238 1358 1349 1354 1359 1270 1348
512 11 2 2 2 243 238 207 212 1360 1296 1293 1323 1027 1255
513 11 2 2 2 234 238 150 154 1348 1227 1215 1214 629 1225
514 11 2 2 2 212 150 234 238 1222 1215 1290 1255 1348 1227
515 11 2 2 2 235 234 155 153 1361 1279 1277 1276 659 1223
516 11 2 2 2 234 233 155 156 1289 1202 1279 1213 658 1200
517 11 2 2 2 235 237 153 222 1344 1205 1276 1318 1251 1314
518 11 2 2 2 234 237 149 153 1357 1204 1224 1223 668 1205
519 11 2 2 2 234 236 149 237 1349 1219 1224 1357 1204 1337
520 11 2 2 2 235 222 153 126 1318 1251 1276 1278 670 1127
521 11 2 2 2 235 234 233 155 1361 1289 1311 1277 1202 1279
522 11 2 2 2 235 222 126 226 1318 1127 1278 1312 1128 1129
523 11 2 2 2 235 233 227 226 1311 1302 1317 1312 1132 1287
524 11 2 2 2 235 234 153 237 1361 1223 1276 1344 1205 1357
525 11 2 2 2 240 235 237 234 1343 1344 1315 1350 1357 1361
526 11 2 2 2 239 234 229 243 1362 1353 1305 1326 1330 1341
527 11 2 2 2 239 240 227 228 1363 1320 1309 1211 1125 1249
528 11 2 2 2 240 235 227 222 1343 1317 1320 1316 1133 1318
529 11 2 2 2 222 223 237 221 1139 1313 1314 1138 1252 1137
530 11 2 2 2 239 235 233 227 1364 1311 1308 1309 1302 1317
531 11 2 2 2 240 234 237 241 1350 1357 1315 1352 1335 1351
532 11 2 2 2 239 235 234 233 1364 1361 1362 1308 1289 1311
533 11 2 2 2 223 228 232 224 1141 1246 1247 1143 1307 1142
534 11 2 2 2 240 237 223 179 1315 1313 1250 1338 1280 1310
535 11 2 2 2 240 241 237 179 1352 1335 1315 1338 1310 1306
536 11 2 2 2 239 227 209 198 1309 1301 1285 1286 1021 1119
537 11 2 2 2 239 227 198 225 1309 1119 1286 1319 1120 1121
538 11 2 2 2 110 239 208 109 1178 1164 1180 472 1166 1165
539 11 2 2 2 239 230 229 110 1327 1329 1305 1178 1171 1182
540 11 2 2 2 239 240 228 229 1363 1249 1211 1305 1324 1340
541 11 2 2 2 243 239 234 233 1326 1362 1341 1342 1289 1308
542 11 2 2 2 239 240 235 227 1363 1343 1364 1309 1317 1320
543 11 2 2 2 208 85 239 225 1163 1162 1164 1282 1319 1150
544 11 2 2 2 239 228 225 85 1211 1124 1319 1162 1150 1151
545 11 2 2 2 239 240 234 235 1363 1350 1362 1364 1361 1343
546 11 2 2 2 242 241 229 231 1355 1346 1334 1333 1328 1347
547 11 2 2 2 243 238 193 207 1360 1266 1294 1293 1268 1296
548 11 2 2 2 242 234 229 241 1358 1353 1334 1355 1346 1351
549 11 2 2 2 243 242 238 234 1356 1359 1360 1341 1348 1358
550 11 2 2 2 242 234 241 236 1358 1351 1355 1354 1336 1349
551 11 2 2 2 242 238 196 193 1359 1267 1325 1275 920 1266
552 11 2 2 2 242 238 236 196 1359 1270 1354 1325 1230 1267
553 11 2 2 2 243 233 212 209 1342 1288 1323 1322 1026 1304
554 11 2 2 2 243 239 233 209 1326 1308 1342 1322 1304 1285
555 11 2 2 2 243 242 230 193 1356 1332 1291 1294 1295 1275
556 11 2 2 2 243 242 234 229 1356 1358 1341 1330 1353 1334
557 11 2 2 2 243 234 238 212 1341 1348 1360 1323 1255 1290
558 11 2 2 2 243 242 193 238 1356 1275 1294 1360 1266 1359
559 11 2 2 2 229 234 239 240 1353 1362 1305 1340 1363 1350
560 11 2 3 3 16 272 269 270 1365 1366 1367 1368 1370 1369
561 11 2 3 3 8 261 269 260 1371 1372 1373 1374 1376 1375
562 11 2 3 3 265 3 253 252 1377 1378 1379 1380 1382 1381
563 11 2 3 3 1 271 263 252 1383 1384 1385 1386 1388 1387
564 11 2 3 3 5 268 267 258 1389 1390 1391 1392 1394 1393
565 11 2 3 3 23 274 286 273 1395 1396 1397 1398 1400 1399
566 11 2 3 3 21 292 273 286 1401 1402 1403 1404 1400 1405
567 11 2 3 3 22 285 275 276 1406 1407 1408 1409 1411 1410
568 11 2 3 3 278 27 277 288 1412 1413 1414 1415 1417 1416
569 11 2 3 3 28 311 282 251 1418 1419 1420 1421 1423 1422
570 11 2 3 3 40 36 35 293 529 530 525 1424 1426 1425
571 11 2 3 3 34 285 288 293 1427 1428 1429 1430 1432 1431
572 11 2 3 3 32 292 283 284 1433 1434 1435 1436 1438 1437
573 11 2 3 3 24 70 336 337 1114 1439 1440 1441 1443 1442
574 11 2 3 3 25 278 279 288 1444 1445 1446 1447 1448 1415
575 11 2 3 3 27 26 277 288 626 1449 1413 1416 1417 1450
576 11 2 3 3 25 301 42 296 1451 1452 777 1453 1455 1454
577 11 2 3 3 23 24 274 337 597 1456 1395 1457 1458 1441
578 11 2 3 3 308 46 304 303 1459 1460 1461 1462 1464 1463
579 11 2 3 3 1 244 252 263 1465 1466 1386 1385 1388 1467
580 11 2 3 3 8 10 260 269 349 1468 1374 1373 1376 1469
581 11 2 3 3 10 20 15 269 348 357 399 1469 1471 1470
582 11 2 3 3 5 309 246 257 1472 1473 1474 1475 1477 1476
583 11 2 3 3 28 328 282 311 1478 1479 1420 1418 1419 1480
584 11 2 3 3 50 46 303 27 728 1463 1481 721 1482 773
585 11 2 3 3 259 10 269 260 1483 1469 1484 1485 1376 1468
586 11 2 3 3 301 42 296 295 1452 1455 1454 1486 1488 1487
587 11 2 3 3 56 315 29 316 1489 1490 879 1491 1493 1492
588 11 2 3 3 5 258 309 313 1392 1494 1472 1495 1497 1496
589 11 2 3 3 57 320 318 58 1498 1499 1500 845 1502 1501
590 11 2 3 3 41 302 294 295 1503 1504 1505 1506 1508 1507
591 11 2 3 3 320 58 319 318 1501 1509 1510 1499 1511 1502
592 11 2 3 3 23 21 273 286 565 1403 1398 1397 1400 1404
593 11 2 3 3 321 254 255 2 1512 1513 1514 1515 1517 1516
594 11 2 3 3 61 322 324 325 1518 1519 1520 1521 1523 1522
595 11 2 3 3 5 329 309 257 1524 1525 1472 1475 1476 1526
596 11 2 3 3 287 33 286 293 1527 1528 1529 1530 1532 1531
597 11 2 3 3 5 53 313 309 873 1533 1495 1472 1497 1534
598 11 2 3 3 6 330 256 331 1535 1536 1537 1538 1540 1539
599 11 2 3 3 2 339 321 254 1541 1542 1515 1516 1512 1543
600 11 2 3 3 70 341 336 337 1544 1545 1439 1442 1443 1546
601 11 2 3 3 338 322 61 321 1547 1518 1548 1549 1551 1550
602 11 2 3 3 338 333 341 71 1552 1553 1554 1555 1557 1556
603 11 2 3 3 2 331 255 325 1558 1559 1517 1560 1562 1561
604 11 2 3 3 264 14 13 272 1563 379 1564 1565 1567 1566
605 11 2 3 3 6 331 256 255 1538 1540 1537 1568 1569 1559
606 11 2 3 3 7 330 257 256 1570 1571 1572 1573 1574 1536
607 11 2 3 3 4 339 254 253 1575 1543 1576 1577 1579 1578
608 11 2 3 3 2 325 255 321 1560 1562 1517 1515 1514 1580
609 11 2 3 3 61 2 321 325 979 1515 1551 1521 1580 1560
610 11 2 3 3 266 264 272 14 1581 1565 1582 1583 1566 1563
611 11 2 3 3 340 3 252 253 1584 1381 1585 1586 1382 1378
612 11 2 3 3 15 16 272 269 356 1365 1587 1471 1366 1367
613 11 2 3 3 34 33 38 293 584 611 550 1430 1588 1531
614 11 2 3 3 1 335 252 299 1589 1590 1386 1591 1593 1592
615 11 2 3 3 72 76 339 341 1056 1594 1595 1596 1598 1597
616 11 2 3 3 264 2 255 254 1599 1517 1600 1601 1513 1516
617 11 2 3 3 4 2 254 339 424 1516 1576 1575 1543 1541
618 11 2 3 3 4 76 2 339 1101 1110 424 1575 1541 1594
619 11 2 3 3 67 2 325 331 978 1560 1602 1603 1561 1558
620 11 2 3 3 6 2 331 255 447 1558 1538 1568 1559 1517
621 11 2 3 3 1 305 263 306 1604 1605 1385 1606 1608 1607
622 11 2 3 3 13 17 272 16 402 1609 1567 403 1365 391
623 11 2 3 3 7 6 330 256 450 1535 1570 1573 1536 1537
624 11 2 3 3 267 19 14 272 1610 364 1611 1612 1566 1613
625 11 2 3 3 15 16 14 272 356 438 366 1587 1566 1365
626 11 2 3 3 268 15 272 269 1614 1587 1615 1616 1366 1471
627 11 2 3 3 20 16 269 270 358 1367 1470 1617 1370 1368
628 11 2 3 3 15 19 272 14 365 1613 1587 366 1566 364
629 11 2 3 3 8 302 49 307 1618 1619 780 1620 1622 1621
630 11 2 3 3 20 15 269 16 357 1471 1470 358 1367 356
631 11 2 3 3 317 42 295 316 1623 1487 1624 1625 1627 1626
632 11 2 3 3 11 8 270 20 436 1628 1629 427 1617 350
633 11 2 3 3 12 271 16 270 1630 1631 392 1632 1368 1633
634 11 2 3 3 271 16 270 272 1631 1368 1633 1634 1369 1365
635 11 2 3 3 13 265 272 17 1635 1636 1567 402 1609 1637
636 11 2 3 3 259 10 318 319 1483 1638 1639 1640 1511 1641
637 11 2 3 3 268 10 15 269 1642 399 1614 1616 1471 1469
638 11 2 3 3 9 268 10 15 1643 1642 420 413 399 1614
639 11 2 3 3 9 58 10 319 862 861 420 1644 1641 1509
640 11 2 3 3 8 261 260 247 1371 1375 1374 1645 1647 1646
641 11 2 3 3 276 26 277 304 1648 1449 1649 1650 1652 1651
642 11 2 3 3 22 24 287 38 615 1653 1654 555 1655 613
643 11 2 3 3 22 336 297 275 1656 1657 1658 1408 1660 1659
644 11 2 3 3 22 300 297 44 1661 1662 1658 771 1664 1663
645 11 2 3 3 27 303 277 304 1482 1665 1413 1666 1652 1464
646 11 2 3 3 48 11 307 306 746 1667 1668 1669 1671 1670
647 11 2 3 3 25 316 279 296 1672 1673 1446 1453 1675 1674
648 11 2 3 3 278 27 303 277 1412 1482 1676 1414 1665 1413
649 11 2 3 3 27 26 304 277 626 1651 1666 1413 1652 1449
650 11 2 3 3 46 27 304 303 773 1666 1460 1463 1464 1482
651 11 2 3 3 25 296 279 250 1453 1675 1446 1677 1679 1678
652 11 2 3 3 291 281 28 282 1680 1681 1682 1683 1420 1684
653 11 2 3 3 281 28 251 311 1681 1421 1685 1686 1422 1418
654 11 2 3 3 281 28 282 251 1681 1420 1684 1685 1423 1421
655 11 2 3 3 31 282 328 327 1687 1479 1688 1689 1691 1690
656 11 2 3 3 34 27 288 26 537 1416 1429 549 1450 626
657 11 2 3 3 280 289 29 279 1692 1693 1694 1695 1697 1696
658 11 2 3 3 30 314 54 28 1698 1699 898 624 900 1700
659 11 2 3 3 56 42 316 29 878 1626 1491 879 1493 877
660 11 2 3 3 25 289 288 279 1701 1702 1447 1446 1448 1696
661 11 2 3 3 34 35 293 288 543 1426 1430 1429 1432 1703
662 11 2 3 3 22 334 297 336 1704 1705 1658 1656 1657 1706
663 11 2 3 3 285 26 288 277 1707 1450 1428 1708 1417 1449
664 11 2 3 3 51 46 26 304 713 711 712 1709 1651 1460
665 11 2 3 3 24 287 286 274 1653 1529 1710 1456 1396 1711
666 11 2 3 3 34 35 33 293 543 582 584 1430 1531 1426
667 11 2 3 3 289 35 288 293 1712 1703 1702 1713 1432 1426
668 11 2 3 3 289 35 39 288 1712 542 1714 1702 1715 1703
669 11 2 3 3 37 33 293 286 571 1531 1716 1717 1532 1528
670 11 2 3 3 36 35 293 33 530 1426 1425 572 1531 582
671 11 2 3 3 75 23 21 337 1064 565 1112 1718 1719 1457
672 11 2 3 3 31 54 328 28 983 1720 1688 609 1478 900
673 11 2 3 3 40 291 290 28 1721 1722 1723 608 1724 1682
674 11 2 3 3 31 291 282 283 1725 1683 1687 1726 1728 1727
675 11 2 3 3 292 37 293 286 1729 1716 1730 1405 1532 1717
676 11 2 3 3 32 31 283 292 579 1726 1435 1433 1434 1731
677 11 2 3 3 36 37 33 293 570 571 572 1425 1531 1716
678 11 2 3 3 46 27 26 304 773 626 711 1460 1651 1666
679 11 2 3 3 74 334 336 341 1732 1706 1733 1734 1545 1735
680 11 2 3 3 42 316 296 295 1626 1674 1455 1487 1488 1627
681 11 2 3 3 60 58 318 10 844 1502 1736 891 1638 861
682 11 2 3 3 25 42 29 316 777 877 620 1672 1493 1626
683 11 2 3 3 45 50 46 308 727 728 729 1737 1459 1738
684 11 2 3 3 11 20 270 16 427 1617 1629 407 1368 358
685 11 2 3 3 48 308 52 306 1739 1740 704 1669 1742 1741
686 11 2 3 3 8 10 318 260 349 1638 1743 1374 1744 1468
687 11 2 3 3 12 1 263 306 396 1385 1745 1746 1608 1606
688 11 2 3 3 308 300 304 46 1747 1748 1461 1459 1460 1749
689 11 2 3 3 51 300 44 47 1750 1663 755 716 756 1751
690 11 2 3 3 48 308 306 307 1739 1741 1669 1668 1671 1752
691 11 2 3 3 48 308 46 47 1739 1459 743 705 717 1753
692 11 2 3 3 54 28 311 328 900 1418 1754 1720 1480 1478
693 11 2 3 3 311 54 314 28 1754 1699 1755 1418 1700 900
694 11 2 3 3 329 310 53 309 1756 1757 1758 1525 1534 1759
695 11 2 3 3 9 5 59 319 440 872 885 1644 1761 1760
696 11 2 3 3 58 10 319 318 861 1641 1509 1502 1511 1638
697 11 2 3 3 55 312 53 54 1762 1763 858 896 895 1764
698 11 2 3 3 310 54 311 328 1765 1754 1766 1767 1480 1720
699 11 2 3 3 65 53 328 54 944 1768 1769 995 1720 895
700 11 2 3 3 310 312 311 54 1770 1771 1766 1765 1754 1764
701 11 2 3 3 320 59 313 319 1772 1773 1774 1510 1775 1761
702 11 2 3 3 55 320 59 313 1776 1772 853 1777 1773 1774
703 11 2 3 3 21 323 337 273 1778 1779 1719 1403 1781 1780
704 11 2 3 3 21 326 324 284 1782 1783 1784 1785 1787 1786
705 11 2 3 3 338 2 339 321 1788 1541 1789 1549 1542 1515
706 11 2 3 3 61 67 2 325 963 978 979 1521 1560 1602
707 11 2 3 3 64 63 32 326 974 989 987 1790 1792 1791
708 11 2 3 3 65 329 328 53 1793 1794 1769 944 1768 1758
709 11 2 3 3 63 324 61 62 1795 1520 964 1002 1001 1796
710 11 2 3 3 338 322 62 61 1547 1797 1798 1548 1001 1518
711 11 2 3 3 63 332 324 326 1799 1800 1795 1791 1783 1801
712 11 2 3 3 61 324 63 325 1520 1795 964 1521 1802 1523
713 11 2 3 3 322 61 321 325 1518 1551 1550 1522 1580 1521
714 11 2 3 3 7 267 266 256 1803 1804 1805 1573 1807 1806
715 11 2 3 3 63 332 325 324 1799 1808 1802 1795 1523 1800
716 11 2 3 3 332 67 325 331 1809 1602 1808 1810 1561 1603
717 11 2 3 3 23 37 286 33 563 1717 1397 588 1528 571
718 11 2 3 3 74 70 341 336 1080 1544 1734 1733 1545 1439
719 11 2 3 3 335 334 69 341 1811 1812 1813 1814 1815 1735
720 11 2 3 3 43 1 52 305 767 766 699 1816 1817 1604
721 11 2 3 3 72 69 70 341 1086 1081 1094 1596 1544 1815
722 11 2 3 3 338 76 339 2 1818 1594 1789 1788 1541 1110
723 11 2 3 3 75 70 337 341 1065 1442 1718 1819 1546 1544
724 11 2 3 3 72 71 76 341 1057 1052 1056 1596 1597 1557
725 11 2 3 3 338 76 341 339 1818 1597 1554 1789 1598 1594
726 11 2 3 3 338 71 76 61 1555 1052 1818 1548 1051 1050
727 11 2 3 3 255 254 321 245 1513 1512 1514 1820 1822 1821
728 11 2 3 3 266 264 2 255 1581 1599 1823 1824 1517 1600
729 11 2 3 3 4 264 2 18 1825 1599 424 384 425 1826
730 11 2 3 3 266 264 14 18 1581 1563 1583 1827 378 1826
731 11 2 3 3 13 14 264 18 379 1563 1564 377 1826 378
732 11 2 3 3 4 13 264 18 383 1564 1825 384 1826 377
733 11 2 3 3 13 265 17 3 1635 1637 402 434 432 1377
734 11 2 3 3 1 265 252 3 1828 1380 1386 431 1381 1377
735 11 2 3 3 4 13 265 264 383 1635 1829 1825 1830 1564
736 11 2 3 3 4 265 3 253 1829 1377 442 1577 1378 1379
737 11 2 3 3 271 17 16 272 1831 391 1631 1634 1365 1609
738 11 2 3 3 266 264 18 2 1581 1826 1827 1823 425 1599
739 11 2 3 3 6 67 331 2 991 1603 1538 447 1558 978
740 11 2 3 3 6 66 331 67 968 1832 1538 991 1603 958
741 11 2 3 3 9 259 319 10 1833 1640 1644 420 1641 1483
742 11 2 3 3 9 5 268 19 440 1389 1643 412 1834 418
743 11 2 3 3 5 267 257 258 1391 1835 1475 1392 1836 1394
744 11 2 3 3 5 59 319 313 872 1761 1760 1495 1775 1773
745 11 2 3 3 267 266 272 14 1804 1582 1612 1611 1566 1583
746 11 2 3 3 268 15 19 272 1614 365 1834 1615 1613 1587
747 11 2 3 3 5 7 267 19 417 1803 1391 418 1610 371
748 11 2 3 3 7 267 14 266 1803 1611 370 1805 1583 1804
749 11 2 3 3 268 267 272 19 1390 1612 1615 1834 1613 1610
750 11 2 3 3 9 259 258 319 1833 1837 1838 1644 1839 1640
751 11 2 3 3 259 268 269 10 1840 1616 1484 1483 1469 1642
752 11 2 3 3 259 10 260 318 1483 1468 1485 1639 1744 1638
753 11 2 3 3 11 262 307 306 1841 1842 1667 1670 1671 1843
754 11 2 3 3 11 8 49 307 436 780 747 1667 1622 1620
755 11 2 3 3 8 20 269 270 350 1470 1373 1628 1370 1617
756 11 2 3 3 12 11 306 262 408 1670 1746 1844 1843 1841
757 11 2 3 3 12 262 306 263 1844 1843 1746 1745 1608 1845
758 11 2 3 3 11 262 261 307 1841 1846 1847 1667 1848 1842
759 11 2 3 3 1 271 265 17 1383 1849 1828 397 1637 1831
760 11 2 3 3 12 271 17 16 1630 1831 390 392 391 1631
761 11 2 3 3 271 265 17 272 1849 1637 1831 1634 1609 1636
762 11 2 3 3 22 249 275 297 1850 1851 1408 1658 1660 1852
763 11 2 3 3 22 276 304 26 1409 1650 1853 556 1651 1648
764 11 2 3 3 34 285 26 288 1427 1707 549 1429 1450 1428
765 11 2 3 3 293 38 287 33 1588 1655 1530 1531 1527 611
766 11 2 3 3 287 38 293 285 1655 1588 1530 1854 1431 1855
767 11 2 3 3 22 285 26 38 1406 1707 556 555 551 1855
768 11 2 3 3 285 276 26 277 1410 1648 1707 1708 1449 1649
769 11 2 3 3 22 287 285 38 1654 1854 1406 555 1855 1655
770 11 2 3 3 21 323 284 324 1778 1856 1785 1784 1787 1857
771 11 2 3 3 24 274 336 275 1456 1858 1440 1859 1659 1860
772 11 2 3 3 24 286 33 23 1710 1528 598 597 588 1397
773 11 2 3 3 30 40 35 290 524 525 523 1861 1862 1723
774 11 2 3 3 25 289 29 39 1701 1693 620 619 592 1714
775 11 2 3 3 289 35 29 39 1712 593 1693 1714 592 542
776 11 2 3 3 25 39 27 288 619 538 622 1447 1416 1715
777 11 2 3 3 25 278 27 303 1444 1412 622 1863 1482 1676
778 11 2 3 3 29 316 279 25 1493 1673 1697 620 1446 1672
779 11 2 3 3 290 29 35 30 1864 593 1862 1861 523 604
780 11 2 3 3 30 290 281 28 1861 1865 1866 624 1681 1724
781 11 2 3 3 30 315 280 29 1867 1868 1869 604 1694 1490
782 11 2 3 3 314 54 311 312 1699 1754 1755 1870 1771 1764
783 11 2 3 3 290 289 293 35 1871 1713 1872 1862 1426 1712
784 11 2 3 3 290 280 289 29 1873 1692 1871 1864 1693 1694
785 11 2 3 3 31 291 292 36 1725 1874 1731 578 1876 1875
786 11 2 3 3 30 290 29 280 1861 1864 604 1869 1694 1873
787 11 2 3 3 292 36 293 37 1876 1425 1730 1729 1716 570
788 11 2 3 3 291 292 36 293 1874 1876 1875 1877 1425 1730
789 11 2 3 3 21 292 284 273 1401 1437 1785 1403 1878 1402
790 11 2 3 3 40 290 293 35 1723 1872 1424 525 1426 1862
791 11 2 3 3 291 290 28 281 1722 1724 1682 1680 1681 1865
792 11 2 3 3 51 22 44 300 770 771 755 1750 1663 1661
793 11 2 3 3 305 308 47 300 1879 1753 1880 1881 1751 1747
794 11 2 3 3 305 300 47 44 1881 1751 1880 1882 756 1663
795 11 2 3 3 41 302 295 42 1503 1507 1506 760 1487 1883
796 11 2 3 3 308 302 307 49 1884 1621 1752 1885 1622 1619
797 11 2 3 3 50 25 301 42 722 1451 1886 776 1452 777
798 11 2 3 3 60 8 10 318 887 349 891 1736 1638 1743
799 11 2 3 3 45 308 302 301 1737 1884 1887 1888 1890 1889
800 11 2 3 3 302 301 295 42 1890 1486 1507 1883 1487 1452
801 11 2 3 3 45 302 42 301 1887 1883 761 1888 1452 1890
802 11 2 3 3 8 302 261 294 1618 1891 1371 1892 1893 1504
803 11 2 3 3 50 308 303 46 1738 1462 1481 728 1463 1459
804 11 2 3 3 305 308 306 52 1879 1741 1607 1817 1742 1740
805 11 2 3 3 48 45 308 49 734 1737 1739 735 1885 736
806 11 2 3 3 45 50 301 42 727 1886 1888 761 1452 776
807 11 2 3 3 1 305 299 263 1604 1894 1591 1385 1895 1605
808 11 2 3 3 305 308 52 47 1879 1740 1817 1880 700 1753
809 11 2 3 3 298 300 44 297 1896 1663 1897 1898 1664 1662
810 11 2 3 3 298 305 44 300 1899 1882 1897 1896 1663 1881
811 11 2 3 3 43 298 299 305 1900 1901 1902 1816 1894 1899
812 11 2 3 3 74 334 69 44 1732 1812 1079 1116 1108 1903
813 11 2 3 3 314 281 311 28 1904 1686 1755 1700 1418 1681
814 11 2 3 3 310 53 309 313 1757 1534 1759 1905 1497 1533
815 11 2 3 3 55 53 313 59 858 1533 1777 853 1773 857
816 11 2 3 3 55 320 58 59 1776 1501 851 853 852 1772
817 11 2 3 3 55 314 312 54 1906 1870 1762 896 1764 1699
818 11 2 3 3 30 290 280 281 1861 1873 1869 1866 1907 1865
819 11 2 3 3 30 40 290 28 524 1723 1861 624 1724 608
820 11 2 3 3 310 312 53 313 1770 1763 1757 1905 1533 1908
821 11 2 3 3 310 312 54 53 1770 1764 1765 1757 895 1763
822 11 2 3 3 329 310 328 53 1756 1767 1794 1758 1768 1757
823 11 2 3 3 310 53 54 328 1757 895 1765 1767 1720 1768
824 11 2 3 3 315 280 29 279 1868 1694 1490 1909 1697 1695
825 11 2 3 3 56 30 29 315 881 604 879 1489 1490 1867
826 11 2 3 3 320 58 59 319 1501 852 1772 1510 1761 1509
827 11 2 3 3 57 317 316 42 1910 1625 1911 889 1626 1623
828 11 2 3 3 41 45 49 302 741 736 740 1503 1619 1887
829 11 2 3 3 41 8 294 302 781 1892 1505 1503 1504 1618
830 11 2 3 3 32 292 37 36 1433 1729 600 580 570 1876
831 11 2 3 3 31 40 28 291 586 608 609 1725 1682 1721
832 11 2 3 3 21 32 292 37 602 1433 1401 564 1729 600
833 11 2 3 3 332 66 331 330 1912 1832 1810 1913 1539 1914
834 11 2 3 3 324 322 61 62 1519 1518 1520 1796 1001 1797
835 11 2 3 3 75 21 333 337 1112 1915 1916 1718 1917 1719
836 11 2 3 3 62 338 71 333 1798 1555 1106 1918 1556 1552
837 11 2 3 3 322 323 62 324 1919 1920 1797 1519 1796 1857
838 11 2 3 3 75 333 62 71 1916 1918 1105 1068 1106 1556
839 11 2 3 3 31 291 28 282 1725 1682 609 1687 1420 1683
840 11 2 3 3 32 327 326 283 1921 1922 1792 1435 1924 1923
841 11 2 3 3 64 31 54 328 985 983 984 1925 1720 1688
842 11 2 3 3 68 65 53 329 946 944 945 1926 1758 1793
843 11 2 3 3 332 66 67 331 1912 958 1809 1810 1603 1832
844 11 2 3 3 63 332 66 67 1799 1912 957 959 958 1809
845 11 2 3 3 65 332 330 66 1927 1913 1928 951 1914 1912
846 11 2 3 3 5 329 257 330 1524 1526 1475 1929 1571 1930
847 11 2 3 3 75 71 70 341 1068 1069 1065 1819 1544 1557
848 11 2 3 3 71 338 62 61 1555 1798 1106 1050 1001 1548
849 11 2 3 3 333 322 323 62 1931 1919 1932 1918 1920 1797
850 11 2 3 3 62 322 338 333 1797 1547 1798 1918 1552 1931
851 11 2 3 3 334 298 44 297 1933 1897 1903 1705 1664 1898
852 11 2 3 3 43 334 44 69 1934 1903 763 1092 1108 1812
853 11 2 3 3 43 334 298 44 1934 1933 1900 763 1897 1903
854 11 2 3 3 43 298 305 44 1900 1899 1816 763 1882 1897
855 11 2 3 3 4 340 339 253 1935 1936 1575 1577 1578 1586
856 11 2 3 3 338 61 2 321 1548 979 1788 1549 1515 1551
857 11 2 3 3 338 71 341 76 1555 1557 1554 1818 1597 1052
858 11 2 3 3 338 76 2 61 1818 1110 1788 1548 979 1051
859 11 2 3 3 1 340 3 252 1937 1584 431 1386 1381 1585
860 11 2 3 3 72 4 339 76 1102 1575 1595 1056 1594 1101
861 11 2 3 3 72 335 69 341 1938 1813 1086 1596 1815 1814
862 11 2 3 3 6 266 2 255 1939 1823 447 1568 1517 1824
863 11 2 3 3 6 266 18 2 1939 1827 446 447 425 1823
864 11 2 3 3 6 266 14 18 1939 1583 451 446 378 1827
865 11 2 3 3 6 66 330 331 968 1914 1535 1538 1539 1832
866 11 2 3 3 6 266 255 256 1939 1824 1568 1537 1569 1807
867 11 2 3 3 7 6 66 330 450 968 967 1570 1914 1535
868 11 2 3 3 7 267 19 14 1803 1610 371 370 364 1611
869 11 2 3 3 13 16 272 14 403 1365 1567 379 1566 438
870 11 2 3 3 13 265 264 272 1635 1830 1564 1567 1565 1636
871 11 2 3 3 68 7 66 330 997 967 950 1940 1914 1570
872 11 2 3 3 7 267 256 257 1803 1806 1573 1572 1574 1835
873 11 2 3 3 7 6 256 266 450 1537 1573 1805 1807 1939
874 11 2 3 3 7 6 266 14 450 1939 1805 370 1583 451
875 11 2 3 3 5 329 53 309 1524 1758 873 1472 1534 1525
876 11 2 3 3 4 264 254 2 1825 1601 1576 424 1516 1599
877 11 2 3 3 4 13 3 265 383 434 442 1829 1377 1635
878 11 2 3 3 4 264 253 254 1825 1941 1577 1576 1579 1601
879 11 2 3 3 4 340 253 3 1935 1586 1577 442 1378 1584
880 11 2 3 3 4 265 253 264 1829 1379 1577 1825 1941 1830
881 11 2 3 3 5 258 257 246 1392 1836 1475 1474 1477 1942
882 11 2 3 3 5 258 246 309 1392 1942 1474 1472 1473 1494
883 11 2 3 3 5 7 257 267 417 1572 1475 1391 1835 1803
884 11 2 3 3 5 268 19 267 1389 1834 418 1391 1610 1390
885 11 2 3 3 5 7 330 257 417 1570 1929 1475 1571 1572
886 11 2 3 3 68 5 330 329 993 1929 1940 1926 1930 1524
887 11 2 3 3 68 5 329 53 993 1524 1926 945 1758 873
888 11 2 3 3 9 5 319 258 440 1760 1644 1838 1839 1392
889 11 2 3 3 5 53 59 313 873 857 872 1495 1773 1533
890 11 2 3 3 5 258 313 319 1392 1496 1495 1760 1775 1839
891 11 2 3 3 9 58 319 59 862 1509 1644 885 1761 852
892 11 2 3 3 9 268 15 19 1643 1614 413 412 365 1834
893 11 2 3 3 9 259 10 268 1833 1483 420 1643 1642 1840
894 11 2 3 3 9 259 268 258 1833 1840 1643 1838 1393 1837
895 11 2 3 3 9 5 258 268 440 1392 1838 1643 1393 1389
896 11 2 3 3 8 294 247 260 1892 1943 1645 1374 1647 1944
897 11 2 3 3 8 294 261 247 1892 1893 1371 1645 1646 1943
898 11 2 3 3 8 10 269 20 349 1469 1373 350 1470 348
899 11 2 3 3 8 261 270 269 1371 1945 1628 1373 1370 1372
900 11 2 3 3 8 294 260 318 1892 1944 1374 1743 1744 1946
901 11 2 3 3 11 8 261 270 436 1371 1847 1629 1945 1628
902 11 2 3 3 8 317 294 318 1947 1948 1892 1743 1946 1949
903 11 2 3 3 8 302 307 261 1618 1621 1620 1371 1848 1891
904 11 2 3 3 41 8 302 49 781 1618 1503 740 1619 780
905 11 2 3 3 48 12 306 52 751 1746 1669 704 1742 750
906 11 2 3 3 12 271 270 262 1630 1633 1632 1844 1951 1950
907 11 2 3 3 11 262 270 261 1841 1951 1629 1847 1945 1846
908 11 2 3 3 11 8 307 261 436 1620 1667 1847 1848 1371
909 11 2 3 3 1 244 299 252 1465 1952 1591 1386 1593 1466
910 11 2 3 3 1 244 263 299 1465 1467 1385 1591 1895 1952
911 11 2 3 3 43 1 305 299 767 1604 1816 1902 1894 1591
912 11 2 3 3 1 305 306 52 1604 1607 1606 766 1742 1817
913 11 2 3 3 1 271 252 265 1383 1387 1386 1828 1380 1849
914 11 2 3 3 1 265 3 17 1828 1377 431 397 432 1637
915 11 2 3 3 12 1 17 271 396 397 390 1630 1831 1383
916 11 2 3 3 73 1 340 3 1118 1937 1953 1098 1584 431
917 11 2 3 3 1 340 252 335 1937 1585 1386 1589 1590 1954
918 11 2 3 3 12 1 306 52 396 1606 1746 750 1742 766
919 11 2 3 3 12 1 271 263 396 1383 1630 1745 1384 1385
920 11 2 3 3 48 12 11 306 751 408 746 1669 1670 1746
921 11 2 3 3 12 11 270 16 408 1629 1632 392 1368 407
922 11 2 3 3 12 271 262 263 1630 1950 1844 1745 1845 1384
923 11 2 3 3 12 11 262 270 408 1841 1844 1632 1951 1629
924 11 2 3 3 34 35 288 39 543 1703 1429 539 1715 542
925 11 2 3 3 34 285 293 38 1427 1431 1430 550 1588 1855
926 11 2 3 3 34 39 288 27 539 1715 1429 537 1416 538
927 11 2 3 3 34 285 38 26 1427 1855 550 549 551 1707
928 11 2 3 3 40 291 36 293 1721 1875 529 1424 1425 1877
929 11 2 3 3 40 291 293 290 1721 1877 1424 1723 1872 1722
930 11 2 3 3 31 40 291 36 586 1721 1725 578 1875 529
931 11 2 3 3 55 30 314 54 883 1698 1906 896 1699 898
932 11 2 3 3 30 315 314 280 1867 1955 1698 1869 1956 1868
933 11 2 3 3 30 314 281 280 1698 1904 1866 1869 1907 1956
934 11 2 3 3 35 29 290 289 593 1864 1862 1712 1871 1693
935 11 2 3 3 30 314 28 281 1698 1700 624 1866 1681 1904
936 11 2 3 3 56 320 314 315 1957 1958 1959 1489 1955 1960
937 11 2 3 3 55 57 58 320 864 845 851 1776 1501 1498
938 11 2 3 3 25 278 250 279 1444 1961 1677 1446 1679 1445
939 11 2 3 3 25 278 296 250 1444 1962 1453 1677 1678 1961
940 11 2 3 3 25 42 316 296 777 1626 1672 1453 1674 1455
941 11 2 3 3 25 301 296 278 1451 1454 1453 1444 1962 1963
942 11 2 3 3 25 289 39 288 1701 1714 619 1447 1715 1702
943 11 2 3 3 25 278 288 27 1444 1415 1447 622 1416 1412
944 11 2 3 3 25 289 279 29 1701 1696 1446 620 1697 1693
945 11 2 3 3 279 316 29 315 1673 1493 1697 1909 1490 1492
946 11 2 3 3 50 25 27 303 722 622 721 1481 1482 1863
947 11 2 3 3 25 301 278 303 1451 1963 1444 1863 1676 1964
948 11 2 3 3 24 287 38 33 1653 1655 613 598 611 1527
949 11 2 3 3 74 24 70 336 1073 1114 1080 1733 1439 1440
950 11 2 3 3 24 287 274 275 1653 1711 1456 1859 1860 1965
951 11 2 3 3 74 22 24 336 1074 615 1073 1733 1440 1656
952 11 2 3 3 24 274 337 336 1456 1458 1441 1440 1443 1858
953 11 2 3 3 23 24 337 70 597 1441 1457 1063 1442 1114
954 11 2 3 3 22 249 276 275 1850 1966 1409 1408 1411 1851
955 11 2 3 3 22 249 297 276 1850 1852 1658 1409 1967 1966
956 11 2 3 3 22 24 336 275 615 1440 1656 1408 1659 1859
957 11 2 3 3 22 24 275 287 615 1859 1408 1654 1965 1653
958 11 2 3 3 22 287 275 285 1654 1965 1408 1406 1407 1854
959 11 2 3 3 22 285 276 26 1406 1410 1409 556 1648 1707
960 11 2 3 3 22 300 276 297 1661 1968 1409 1658 1967 1662
961 11 2 3 3 22 334 44 297 1704 1903 771 1658 1664 1705
962 11 2 3 3 74 22 334 44 1074 1704 1732 1116 1903 771
963 11 2 3 3 51 22 304 26 770 1853 1709 712 1651 556
964 11 2 3 3 22 300 304 276 1661 1748 1853 1409 1650 1968
965 11 2 3 3 31 291 283 292 1725 1727 1726 1731 1434 1874
966 11 2 3 3 31 327 283 282 1689 1923 1726 1687 1728 1690
967 11 2 3 3 328 282 31 28 1479 1687 1688 1478 609 1420
968 11 2 3 3 32 31 292 36 579 1731 1433 580 1876 578
969 11 2 3 3 64 332 326 327 1969 1801 1790 1970 1922 1971
970 11 2 3 3 64 332 327 328 1969 1971 1970 1925 1691 1972
971 11 2 3 3 32 326 284 283 1792 1786 1436 1435 1438 1924
972 11 2 3 3 32 31 327 283 579 1689 1921 1435 1923 1726
973 11 2 3 3 64 32 327 326 987 1921 1970 1790 1922 1792
974 11 2 3 3 62 63 326 32 1002 1791 1973 1004 1792 989
975 11 2 3 3 21 323 324 62 1778 1857 1784 1006 1796 1920
976 11 2 3 3 273 323 284 21 1780 1856 1878 1403 1785 1778
977 11 2 3 3 284 323 273 248 1856 1780 1878 1974 1976 1975
978 11 2 3 3 21 32 284 292 602 1436 1785 1401 1437 1433
979 11 2 3 3 21 292 286 37 1401 1405 1404 564 1717 1729
980 11 2 3 3 23 21 286 37 565 1404 1397 563 1717 564
981 11 2 3 3 21 333 323 62 1915 1932 1778 1006 1920 1918
982 11 2 3 3 21 333 337 323 1915 1917 1719 1778 1779 1932
983 11 2 3 3 326 63 62 324 1791 1002 1973 1783 1796 1795
984 11 2 3 3 21 32 326 284 602 1792 1782 1785 1786 1436
985 11 2 3 3 62 326 21 32 1973 1782 1006 1004 602 1792
986 11 2 3 3 23 24 286 274 597 1710 1397 1395 1396 1456
987 11 2 3 3 23 21 337 273 565 1719 1457 1398 1781 1403
988 11 2 3 3 23 274 273 337 1395 1399 1398 1457 1781 1458
989 11 2 3 3 33 286 24 287 1528 1710 598 1527 1653 1529
990 11 2 3 3 75 23 337 70 1064 1457 1718 1065 1442 1063
991 11 2 3 3 50 25 303 301 722 1863 1481 1886 1964 1451
992 11 2 3 3 50 308 301 303 1738 1889 1886 1481 1964 1462
993 11 2 3 3 45 50 308 301 727 1738 1737 1888 1889 1886
994 11 2 3 3 48 308 47 52 1739 1753 705 704 700 1740
995 11 2 3 3 45 308 49 302 1737 1885 736 1887 1619 1884
996 11 2 3 3 41 45 302 42 741 1887 1503 760 1883 761
997 11 2 3 3 41 8 317 294 781 1947 1977 1505 1948 1892
998 11 2 3 3 41 317 42 295 1977 1623 760 1506 1487 1624
999 11 2 3 3 41 317 295 294 1977 1624 1506 1505 1508 1948
1000 11 2 3 3 60 8 318 317 887 1743 1736 1978 1949 1947
1001 11 2 3 3 60 57 317 318 840 1910 1978 1736 1949 1500
1002 11 2 3 3 57 41 317 42 838 1977 1910 889 1623 760
1003 11 2 3 3 51 22 300 304 770 1661 1750 1709 1748 1853
1004 11 2 3 3 51 300 46 304 1750 1749 713 1709 1460 1748
1005 11 2 3 3 46 300 47 308 1749 1751 717 1459 1753 1747
1006 11 2 3 3 47 300 46 51 1751 1749 717 716 713 1750
1007 11 2 3 3 43 305 52 47 1816 1817 699 698 700 1880
1008 11 2 3 3 73 43 69 335 1091 1092 1088 1979 1813 1980
1009 11 2 3 3 43 305 47 44 1816 1880 698 763 756 1882
1010 11 2 3 3 73 43 335 1 1091 1980 1979 1118 1589 767
1011 11 2 3 3 43 335 334 69 1980 1811 1934 1092 1812 1813
1012 11 2 3 3 43 1 299 335 767 1591 1902 1980 1592 1589
1013 11 2 3 3 43 335 298 334 1980 1981 1900 1934 1933 1811
1014 11 2 3 3 43 335 299 298 1980 1592 1902 1900 1901 1981
1015 11 2 3 3 48 308 307 49 1739 1752 1668 735 1622 1885
1016 11 2 3 3 48 45 46 308 734 729 743 1739 1459 1737
1017 11 2 3 3 48 11 49 307 746 747 735 1668 1622 1667
1018 11 2 3 3 56 320 315 316 1957 1960 1489 1491 1492 1982
1019 11 2 3 3 57 317 320 316 1910 1983 1498 1911 1982 1625
1020 11 2 3 3 57 317 318 320 1910 1949 1500 1498 1499 1983
1021 11 2 3 3 55 320 312 314 1776 1984 1762 1906 1870 1958
1022 11 2 3 3 55 320 313 312 1776 1774 1777 1762 1908 1984
1023 11 2 3 3 56 30 315 314 881 1867 1489 1959 1955 1698
1024 11 2 3 3 56 55 320 57 868 1776 1957 869 1498 864
1025 11 2 3 3 55 312 313 53 1762 1908 1777 858 1533 1763
1026 11 2 3 3 60 57 318 58 840 1500 1736 844 1502 845
1027 11 2 3 3 60 57 41 317 840 838 839 1978 1977 1910
1028 11 2 3 3 60 41 8 317 839 781 887 1978 1947 1977
1029 11 2 3 3 56 55 30 314 868 883 881 1959 1698 1906
1030 11 2 3 3 56 57 316 42 869 1911 1491 878 1626 889
1031 11 2 3 3 56 57 320 316 869 1498 1957 1491 1982 1911
1032 11 2 3 3 56 55 314 320 868 1906 1959 1957 1958 1776
1033 11 2 3 3 64 31 328 327 985 1688 1925 1970 1691 1689
1034 11 2 3 3 64 63 332 65 974 1799 1969 975 1927 970
1035 11 2 3 3 63 65 66 332 970 951 957 1799 1912 1927
1036 11 2 3 3 65 329 332 328 1793 1985 1927 1769 1972 1794
1037 11 2 3 3 65 329 330 332 1793 1930 1928 1927 1913 1985
1038 11 2 3 3 68 65 329 330 946 1793 1926 1940 1930 1928
1039 11 2 3 3 63 61 325 67 964 1521 1802 959 1602 963
1040 11 2 3 3 63 332 67 325 1799 1809 959 1802 1602 1808
1041 11 2 3 3 21 326 62 324 1782 1973 1006 1784 1796 1783
1042 11 2 3 3 68 5 7 330 993 417 997 1940 1570 1929
1043 11 2 3 3 68 65 330 66 946 1928 1940 950 1914 951
1044 11 2 3 3 64 65 332 328 975 1927 1969 1925 1972 1769
1045 11 2 3 3 64 65 328 54 975 1769 1925 984 1720 995
1046 11 2 3 3 64 32 31 327 987 579 985 1970 1689 1921
1047 11 2 3 3 64 63 326 332 974 1791 1790 1969 1801 1799
1048 11 2 3 3 74 22 336 334 1074 1656 1733 1732 1706 1704
1049 11 2 3 3 74 334 341 69 1732 1735 1734 1079 1815 1812
1050 11 2 3 3 74 69 341 70 1079 1815 1734 1080 1544 1081
1051 11 2 3 3 72 340 335 341 1986 1954 1938 1596 1814 1987
1052 11 2 3 3 73 1 335 340 1118 1589 1979 1953 1954 1937
1053 11 2 3 3 72 4 3 340 1102 442 1097 1986 1584 1935
1054 11 2 3 3 75 21 62 333 1112 1006 1105 1916 1918 1915
1055 11 2 3 3 75 333 341 337 1916 1553 1819 1718 1546 1917
1056 11 2 3 3 75 333 71 341 1916 1556 1068 1819 1557 1553
1057 11 2 3 3 72 71 341 70 1057 1557 1596 1094 1544 1069
1058 11 2 3 3 72 340 341 339 1986 1987 1596 1595 1598 1936
1059 11 2 3 3 69 335 72 73 1813 1938 1086 1088 1087 1979
1060 11 2 3 3 72 73 335 340 1087 1979 1938 1986 1954 1953
1061 11 2 3 3 72 4 340 339 1102 1935 1986 1595 1936 1575
1062 11 2 3 3 72 73 340 3 1087 1953 1986 1097 1584 1098
1063 9 2 4 4 18 6 14 446 451 378
1064 9 2 4 4 16 13 14 403 379 438
1065 9 2 4 4 6 7 14 450 370 451
1066 9 2 4 4 6 18 2 446 425 447
1067 9 2 4 4 13 3 4 434 442 383
1068 9 2 4 4 9 19 5 412 418 440
1069 9 2 4 4 15 16 14 356 438 366
1070 9 2 4 4 11 20 8 427 350 436
1071 9 2 4 4 3 13 17 434 402 432
1072 9 2 4 4 1 3 17 431 432 397
1073 9 2 4 4 16 20 11 358 427 407
1074 9 2 4 4 18 4 2 384 424 425
1075 9 2 4 4 9 10 15 420 399 413
1076 9 2 4 4 19 7 5 371 417 418
1077 9 2 4 4 19 9 15 412 413 365
1078 9 2 4 4 12 16 11 392 407 408
1079 9 2 4 4 17 13 16 402 403 391
1080 9 2 4 4 20 15 10 357 399 348
1081 9 2 4 4 12 1 17 396 397 390
1082 9 2 4 4 12 17 16 390 391 392
1083 9 2 4 4 13 4 18 383 384 377
1084 9 2 4 4 13 18 14 377 378 379
1085 9 2 4 4 14 7 19 370 371 364
1086 9 2 4 4 14 19 15 364 365 366
1087 9 2 4 4 16 15 20 356 357 358
1088 9 2 4 4 20 10 8 348 349 350
1089 9 2 4 4 27 34 26 537 549 626
1090 9 2 4 4 30 28 40 624 608 524
1091 9 2 4 4 27 25 39 622 619 538
1092 9 2 4 4 39 25 29 619 620 592
1093 9 2 4 4 22 38 24 555 613 615
1094 9 2 4 4 24 38 33 613 611 598
1095 9 2 4 4 38 34 33 550 584 611
1096 9 2 4 4 40 28 31 608 609 586
1097 9 2 4 4 35 29 30 593 604 523
1098 9 2 4 4 21 37 32 564 600 602
1099 9 2 4 4 36 32 37 580 600 570
1100 9 2 4 4 23 24 33 597 598 588
1101 9 2 4 4 35 39 29 542 592 593
1102 9 2 4 4 37 23 33 563 588 571
1103 9 2 4 4 36 40 31 529 586 578
1104 9 2 4 4 35 33 34 582 584 543
1105 9 2 4 4 35 36 33 530 572 582
1106 9 2 4 4 36 31 32 578 579 580
1107 9 2 4 4 36 37 33 570 571 572
1108 9 2 4 4 23 37 21 563 564 565
1109 9 2 4 4 26 38 22 551 555 556
1110 9 2 4 4 26 34 38 549 550 551
1111 9 2 4 4 34 39 35 539 542 543
1112 9 2 4 4 34 27 39 537 538 539
1113 9 2 4 4 35 40 36 525 529 530
1114 9 2 4 4 35 30 40 523 524 525
1115 9 2 4 4 50 27 46 721 773 728
1116 9 2 4 4 45 42 50 761 776 727
1117 9 2 4 4 8 49 11 780 747 436
1118 9 2 4 4 41 49 8 740 780 781
1119 9 2 4 4 12 52 1 750 766 396
1120 9 2 4 4 25 50 42 722 776 777
1121 9 2 4 4 46 27 26 773 626 711
1122 9 2 4 4 22 51 26 770 712 556
1123 9 2 4 4 44 51 22 755 770 771
1124 9 2 4 4 1 52 43 766 699 767
1125 9 2 4 4 47 44 43 756 763 698
1126 9 2 4 4 45 41 42 741 760 761
1127 9 2 4 4 47 51 44 716 755 756
1128 9 2 4 4 11 48 12 746 751 408
1129 9 2 4 4 48 52 12 704 750 751
1130 9 2 4 4 46 48 45 743 734 729
1131 9 2 4 4 49 48 11 735 746 747
1132 9 2 4 4 47 48 46 705 743 717
1133 9 2 4 4 45 49 41 736 740 741
1134 9 2 4 4 45 48 49 734 735 736
1135 9 2 4 4 45 50 46 727 728 729
1136 9 2 4 4 27 50 25 721 722 622
1137 9 2 4 4 46 51 47 713 716 717
1138 9 2 4 4 46 26 51 711 712 713
1139 9 2 4 4 47 52 48 700 704 705
1140 9 2 4 4 47 43 52 698 699 700
1141 9 2 4 4 30 54 28 898 900 624
1142 9 2 4 4 42 29 25 877 620 777
1143 9 2 4 4 41 57 42 838 889 760
1144 9 2 4 4 9 5 59 440 872 885
1145 9 2 4 4 55 54 30 896 898 883
1146 9 2 4 4 53 54 55 895 896 858
1147 9 2 4 4 58 60 10 844 891 861
1148 9 2 4 4 10 60 8 891 887 349
1149 9 2 4 4 42 57 56 889 869 878
1150 9 2 4 4 8 60 41 887 839 781
1151 9 2 4 4 9 59 58 885 852 862
1152 9 2 4 4 30 56 55 881 868 883
1153 9 2 4 4 29 56 30 879 881 604
1154 9 2 4 4 29 42 56 877 878 879
1155 9 2 4 4 59 5 53 872 873 857
1156 9 2 4 4 55 56 57 868 869 864
1157 9 2 4 4 57 58 55 845 851 864
1158 9 2 4 4 58 10 9 861 420 862
1159 9 2 4 4 55 59 53 853 857 858
1160 9 2 4 4 55 58 59 851 852 853
1161 9 2 4 4 57 60 58 840 844 845
1162 9 2 4 4 57 41 60 838 839 840
1163 9 2 4 4 32 62 21 1004 1006 602
1164 9 2 4 4 54 31 28 983 609 900
1165 9 2 4 4 53 65 54 944 995 895
1166 9 2 4 4 6 2 67 447 978 991
1167 9 2 4 4 63 62 32 1002 1004 989
1168 9 2 4 4 61 62 63 1001 1002 964
1169 9 2 4 4 66 68 7 950 997 967
1170 9 2 4 4 7 68 5 997 993 417
1171 9 2 4 4 54 65 64 995 975 984
1172 9 2 4 4 5 68 53 993 945 873
1173 9 2 4 4 6 67 66 991 958 968
1174 9 2 4 4 32 64 63 987 974 989
1175 9 2 4 4 31 64 32 985 987 579
1176 9 2 4 4 31 54 64 983 984 985
1177 9 2 4 4 67 2 61 978 979 963
1178 9 2 4 4 63 64 65 974 975 970
1179 9 2 4 4 65 66 63 951 957 970
1180 9 2 4 4 66 7 6 967 450 968
1181 9 2 4 4 63 67 61 959 963 964
1182 9 2 4 4 63 66 67 957 958 959
1183 9 2 4 4 65 68 66 946 950 951
1184 9 2 4 4 65 53 68 944 945 946
1185 9 2 4 4 74 24 70 1073 1114 1080
1186 9 2 4 4 69 44 74 1108 1116 1079
1187 9 2 4 4 1 73 3 1118 1098 431
1188 9 2 4 4 43 73 1 1091 1118 767
1189 9 2 4 4 4 76 2 1101 1110 424
1190 9 2 4 4 22 74 44 1074 1116 771
1191 9 2 4 4 70 24 23 1114 597 1063
1192 9 2 4 4 21 75 23 1112 1064 565
1193 9 2 4 4 62 75 21 1105 1112 1006
1194 9 2 4 4 2 76 61 1110 1051 979
1195 9 2 4 4 71 62 61 1106 1001 1050
1196 9 2 4 4 69 43 44 1092 763 1108
1197 9 2 4 4 71 75 62 1068 1105 1106
1198 9 2 4 4 3 72 4 1097 1102 442
1199 9 2 4 4 72 76 4 1056 1101 1102
1200 9 2 4 4 70 72 69 1094 1086 1081
1201 9 2 4 4 73 72 3 1087 1097 1098
1202 9 2 4 4 71 72 70 1057 1094 1069
1203 9 2 4 4 69 73 43 1088 1091 1092
1204 9 2 4 4 69 72 73 1086 1087 1088
1205 9 2 4 4 69 74 70 1079 1080 1081
1206 9 2 4 4 24 74 22 1073 1074 615
1207 9 2 4 4 70 75 71 1065 1068 1069
1208 9 2 4 4 70 23 75 1063 1064 1065
1209 9 2 4 4 71 76 72 1052 1056 1057
1210 9 2 4 4 71 61 76 1050 1051 1052
1211 9 2 5 5 254 245 255 1821 1820 1513
1212 9 2 5 5 254 264 253 1601 1941 1579
1213 9 2 5 5 265 252 253 1380 1382 1379
1214 9 2 5 5 264 255 266 1600 1824 1581
1215 9 2 5 5 263 244 252 1467 1466 1388
1216 9 2 5 5 246 258 257 1942 1836 1477
1217 9 2 5 5 267 256 257 1806 1574 1835
1218 9 2 5 5 267 258 268 1394 1393 1390
1219 9 2 5 5 269 268 259 1616 1840 1484
1220 9 2 5 5 247 261 260 1646 1375 1647
1221 9 2 5 5 262 270 261 1951 1945 1846
1222 9 2 5 5 263 271 262 1384 1950 1845
1223 9 2 5 5 264 254 255 1601 1513 1600
1224 9 2 5 5 268 258 259 1393 1837 1840
1225 9 2 5 5 252 271 263 1387 1384 1388
1226 9 2 5 5 265 253 264 1379 1941 1830
1227 9 2 5 5 269 261 270 1372 1945 1370
1228 9 2 5 5 266 255 256 1824 1569 1807
1229 9 2 5 5 272 265 264 1636 1830 1565
1230 9 2 5 5 267 266 256 1804 1807 1806
1231 9 2 5 5 272 264 266 1565 1581 1582
1232 9 2 5 5 267 257 258 1835 1836 1394
1233 9 2 5 5 270 262 271 1951 1950 1633
1234 9 2 5 5 272 266 267 1582 1804 1612
1235 9 2 5 5 269 259 260 1484 1485 1376
1236 9 2 5 5 271 265 272 1849 1636 1634
1237 9 2 5 5 272 268 269 1615 1616 1366
1238 9 2 5 5 269 260 261 1376 1375 1372
1239 9 2 5 5 252 265 271 1380 1849 1387
1240 9 2 5 5 272 269 270 1366 1370 1369
1241 9 2 5 5 272 270 271 1369 1633 1634
1242 9 2 5 5 272 267 268 1612 1390 1615
1243 9 2 5 5 276 277 285 1649 1708 1410
1244 9 2 5 5 275 249 276 1851 1966 1411
1245 9 2 5 5 273 274 286 1399 1396 1400
1246 9 2 5 5 248 273 284 1976 1878 1974
1247 9 2 5 5 274 275 287 1860 1965 1711
1248 9 2 5 5 279 289 288 1696 1702 1448
1249 9 2 5 5 279 278 250 1445 1961 1679
1250 9 2 5 5 289 279 280 1696 1695 1692
1251 9 2 5 5 282 281 251 1684 1685 1423
1252 9 2 5 5 280 281 290 1907 1865 1873
1253 9 2 5 5 286 293 292 1532 1730 1405
1254 9 2 5 5 273 286 292 1400 1405 1402
1255 9 2 5 5 276 285 275 1410 1407 1411
1256 9 2 5 5 277 278 288 1414 1415 1417
1257 9 2 5 5 283 284 292 1438 1437 1434
1258 9 2 5 5 274 287 286 1711 1529 1396
1259 9 2 5 5 290 281 291 1865 1680 1722
1260 9 2 5 5 285 288 293 1428 1432 1431
1261 9 2 5 5 285 287 275 1854 1965 1407
1262 9 2 5 5 285 277 288 1708 1417 1428
1263 9 2 5 5 286 287 293 1529 1530 1532
1264 9 2 5 5 278 279 288 1445 1448 1415
1265 9 2 5 5 282 283 291 1728 1727 1683
1266 9 2 5 5 287 285 293 1854 1431 1530
1267 9 2 5 5 289 280 290 1692 1873 1871
1268 9 2 5 5 283 292 291 1434 1874 1727
1269 9 2 5 5 289 290 293 1871 1872 1713
1270 9 2 5 5 281 282 291 1684 1683 1680
1271 9 2 5 5 284 273 292 1878 1402 1437
1272 9 2 5 5 290 291 293 1722 1877 1872
1273 9 2 5 5 291 292 293 1874 1730 1877
1274 9 2 5 5 288 289 293 1702 1713 1432
1275 9 2 5 5 304 276 300 1650 1968 1748
1276 9 2 5 5 278 303 301 1676 1964 1963
1277 9 2 5 5 278 296 250 1962 1678 1961
1278 9 2 5 5 294 295 302 1508 1507 1504
1279 9 2 5 5 304 303 277 1464 1665 1652
1280 9 2 5 5 247 294 261 1943 1893 1646
1281 9 2 5 5 297 276 249 1967 1966 1852
1282 9 2 5 5 301 303 308 1964 1462 1889
1283 9 2 5 5 277 276 304 1649 1650 1652
1284 9 2 5 5 263 306 305 1608 1607 1605
1285 9 2 5 5 263 299 244 1895 1952 1467
1286 9 2 5 5 262 306 263 1843 1608 1845
1287 9 2 5 5 294 302 261 1504 1891 1893
1288 9 2 5 5 297 298 300 1898 1896 1662
1289 9 2 5 5 298 299 305 1901 1894 1899
1290 9 2 5 5 295 296 301 1488 1454 1486
1291 9 2 5 5 278 277 303 1414 1665 1676
1292 9 2 5 5 262 261 307 1846 1848 1842
1293 9 2 5 5 295 301 302 1486 1890 1507
1294 9 2 5 5 300 305 308 1881 1879 1747
1295 9 2 5 5 300 308 304 1747 1461 1748
1296 9 2 5 5 296 278 301 1962 1963 1454
1297 9 2 5 5 276 297 300 1967 1662 1968
1298 9 2 5 5 302 301 308 1890 1889 1884
1299 9 2 5 5 300 298 305 1896 1899 1881
1300 9 2 5 5 262 307 306 1842 1671 1843
1301 9 2 5 5 302 308 307 1884 1752 1621
1302 9 2 5 5 299 263 305 1895 1605 1894
1303 9 2 5 5 261 302 307 1891 1621 1848
1304 9 2 5 5 305 306 308 1607 1741 1879
1305 9 2 5 5 306 307 308 1671 1752 1741
1306 9 2 5 5 303 304 308 1464 1461 1462
1307 9 2 5 5 312 311 314 1771 1755 1870
1308 9 2 5 5 281 311 251 1686 1422 1685
1309 9 2 5 5 309 310 313 1759 1905 1497
1310 9 2 5 5 311 281 314 1686 1904 1755
1311 9 2 5 5 246 309 258 1473 1494 1942
1312 9 2 5 5 296 279 250 1675 1679 1678
1313 9 2 5 5 280 279 315 1695 1909 1868
1314 9 2 5 5 296 316 279 1674 1673 1675
1315 9 2 5 5 260 294 247 1944 1943 1647
1316 9 2 5 5 312 314 320 1870 1958 1984
1317 9 2 5 5 313 320 319 1774 1510 1775
1318 9 2 5 5 309 313 258 1497 1496 1494
1319 9 2 5 5 310 311 312 1766 1771 1770
1320 9 2 5 5 296 295 316 1488 1627 1674
1321 9 2 5 5 313 319 258 1775 1839 1496
1322 9 2 5 5 310 312 313 1770 1908 1905
1323 9 2 5 5 295 294 317 1508 1948 1624
1324 9 2 5 5 281 280 314 1907 1956 1904
1325 9 2 5 5 314 280 315 1956 1868 1955
1326 9 2 5 5 313 312 320 1908 1984 1774
1327 9 2 5 5 317 294 318 1948 1946 1949
1328 9 2 5 5 316 315 279 1492 1909 1673
1329 9 2 5 5 260 259 318 1485 1639 1744
1330 9 2 5 5 314 315 320 1955 1960 1958
1331 9 2 5 5 316 295 317 1627 1624 1625
1332 9 2 5 5 259 319 318 1640 1511 1639
1333 9 2 5 5 316 317 320 1625 1983 1982
1334 9 2 5 5 294 260 318 1944 1744 1946
1335 9 2 5 5 259 258 319 1837 1839 1640
1336 9 2 5 5 317 318 320 1949 1499 1983
1337 9 2 5 5 318 319 320 1511 1510 1499
1338 9 2 5 5 315 316 320 1492 1982 1960
1339 9 2 5 5 284 326 324 1786 1783 1787
1340 9 2 5 5 284 323 248 1856 1975 1974
1341 9 2 5 5 321 322 325 1550 1522 1580
1342 9 2 5 5 323 284 324 1856 1787 1857
1343 9 2 5 5 245 321 255 1822 1514 1820
1344 9 2 5 5 311 282 251 1419 1423 1422
1345 9 2 5 5 283 282 327 1728 1690 1923
1346 9 2 5 5 311 328 282 1480 1479 1419
1347 9 2 5 5 257 309 246 1476 1473 1477
1348 9 2 5 5 324 326 332 1783 1801 1800
1349 9 2 5 5 325 332 331 1808 1810 1561
1350 9 2 5 5 255 321 325 1514 1580 1562
1351 9 2 5 5 322 323 324 1919 1857 1519
1352 9 2 5 5 311 310 328 1766 1767 1480
1353 9 2 5 5 331 255 325 1559 1562 1561
1354 9 2 5 5 322 324 325 1519 1523 1522
1355 9 2 5 5 310 309 329 1759 1525 1756
1356 9 2 5 5 284 283 326 1438 1924 1786
1357 9 2 5 5 326 283 327 1924 1923 1922
1358 9 2 5 5 325 324 332 1523 1800 1808
1359 9 2 5 5 257 330 329 1571 1930 1526
1360 9 2 5 5 328 327 282 1691 1690 1479
1361 9 2 5 5 257 256 330 1574 1536 1571
1362 9 2 5 5 326 327 332 1922 1971 1801
1363 9 2 5 5 328 310 329 1767 1756 1794
1364 9 2 5 5 256 331 330 1540 1539 1536
1365 9 2 5 5 328 329 332 1794 1985 1972
1366 9 2 5 5 309 257 329 1476 1526 1525
1367 9 2 5 5 256 255 331 1569 1559 1540
1368 9 2 5 5 329 330 332 1930 1913 1985
1369 9 2 5 5 330 331 332 1539 1810 1913
1370 9 2 5 5 327 328 332 1691 1972 1971
1371 9 2 5 5 333 337 323 1917 1779 1932
1372 9 2 5 5 334 297 336 1705 1657 1706
1373 9 2 5 5 275 297 249 1660 1852 1851
1374 9 2 5 5 299 298 335 1901 1981 1592
1375 9 2 5 5 337 336 274 1443 1858 1458
1376 9 2 5 5 244 299 252 1952 1593 1466
1377 9 2 5 5 323 273 248 1780 1976 1975
1378 9 2 5 5 334 336 341 1706 1545 1735
1379 9 2 5 5 274 273 337 1399 1781 1458
1380 9 2 5 5 338 321 339 1549 1542 1789
1381 9 2 5 5 254 321 245 1512 1822 1821
1382 9 2 5 5 253 339 254 1578 1543 1579
1383 9 2 5 5 299 335 252 1592 1590 1593
1384 9 2 5 5 323 322 333 1919 1931 1932
1385 9 2 5 5 322 321 338 1550 1549 1547
1386 9 2 5 5 298 297 334 1898 1705 1933
1387 9 2 5 5 275 274 336 1860 1858 1659
1388 9 2 5 5 253 252 340 1382 1585 1586
1389 9 2 5 5 298 334 335 1933 1811 1981
1390 9 2 5 5 333 338 341 1552 1554 1553
1391 9 2 5 5 333 341 337 1553 1546 1917
1392 9 2 5 5 297 275 336 1660 1659 1657
1393 9 2 5 5 337 273 323 1781 1780 1779
1394 9 2 5 5 335 334 341 1811 1735 1814
1395 9 2 5 5 333 322 338 1931 1547 1552
1396 9 2 5 5 253 340 339 1586 1936 1578
1397 9 2 5 5 335 341 340 1814 1987 1954
1398 9 2 5 5 321 254 339 1512 1543 1542
1399 9 2 5 5 252 335 340 1590 1954 1585
1400 9 2 5 5 338 339 341 1789 1598 1554
1401 9 2 5 5 339 340 341 1936 1987 1598
1402 9 2 5 5 336 337 341 1443 1546 1545
$EndElements
