$MeshFormat
2.2 0 8
$EndMeshFormat
$PhysicalNames
1
2 1 "conductor"
$EndPhysicalNames
$Nodes
4239
1 -48.0 -5.878304635907294e-15 -2.449293598294706e-16
2 -47.98961177142509 -0.9985800057573612 -2.449293598294706e-16
3 -47.95845158554936 -1.9967277021459724 -2.449293598294706e-16
4 -47.906532929834526 -2.9940111293513296 -2.449293598294706e-16
5 -47.833878276896215 -3.9899986204354643 -2.449293598294706e-16
6 -47.74051907477686 -4.984259069397072 -2.449293598294706e-16
7 -47.626495733333705 -5.976362117772512 -2.449293598294706e-16
8 -47.49185760674763 -6.965878340913443 -2.449293598294706e-16
9 -47.33666297216057 -7.95237943386017 -2.449293598294706e-16
10 -47.16097900445067 -8.935438396730357 -2.449293598294706e-16
11 -46.96488174715612 -9.914629719542816 -2.449293598294706e-16
12 -46.74845607956026 -10.889529566396527 -2.449293598294706e-16
13 -46.51179567995223 -11.859715958924824 -2.449293598294706e-16
14 -46.25500298507893 -12.824768958945755 -2.449293598294706e-16
15 -45.97818914580606 -13.784270850229307 -2.449293598294706e-16
16 -45.681473979007265 -14.737806319302807 -2.449293598294706e-16
17 -45.36498591570224 -15.684962635216472 -2.449293598294706e-16
18 -45.02886194546634 -16.62532982819087 -2.449293598294706e-16
19 -44.67324755713556 -17.558500867069508 -2.449293598294706e-16
20 -44.29829667583283 -18.484071835499265 -2.449293598294706e-16
21 -43.90417159634254 -19.40164210676271 -2.449293598294706e-16
22 -43.4910429128625 -20.310814517186465 -2.449293598294706e-16
23 -43.05908944516337 -21.21119553805064 -2.449293598294706e-16
24 -42.60849816118797 -22.102395445924895 -2.449293598294706e-16
25 -42.13946409612337 -22.984028491357424 -2.449293598294706e-16
26 -41.652190267981425 -23.855713065843858 -2.449293598294706e-16
27 -41.1468875897239 -24.71707186700368 -2.449293598294706e-16
28 -40.62377477797028 -25.567732061892873 -2.449293598294706e-16
29 -40.08307825832789 -26.407325448381982 -2.449293598294706e-16
30 -39.52503206738508 -27.235488614529775 -2.449293598294706e-16
31 -38.949877751410405 -28.051863095883398 -2.449293598294706e-16
32 -38.35786426180086 -28.8560955306372 -2.449293598294706e-16
33 -37.74924784732517 -29.647837812582825 -2.449293598294706e-16
34 -37.12429194320833 -30.426747241784437 -2.449293598294706e-16
35 -36.48326705710556 -31.192486672913976 -2.449293598294706e-16
36 -35.826450652015 -31.944724661182065 -2.449293598294706e-16
37 -35.154127026179935 -32.68313560580142 -2.449293598294706e-16
38 -34.466587190032236 -33.40739989092095 -2.449293598294706e-16
39 -33.7641287402307 -34.117204023968995 -2.449293598294706e-16
40 -33.0470557308484 -34.8122407713465 -2.449293598294706e-16
41 -32.31567854176512 -35.492209291410724 -2.449293598294706e-16
42 -31.57031374432163 -36.15681526469243 -2.449293598294706e-16
43 -30.811283964294134 -36.80577102128999 -2.449293598294706e-16
44 -30.03891774224794 -37.43879566538515 -2.449293598294706e-16
45 -29.253549391331088 -38.05561519682676 -2.449293598294706e-16
46 -28.455518852569345 -38.655962629729856 -2.449293598294706e-16
47 -27.645171547725102 -39.23957810803845 -2.449293598294706e-16
48 -26.822858229784163 -39.80620901800245 -2.449293598294706e-16
49 -25.98893483113473 -40.355610097519666 -2.449293598294706e-16
50 -25.143762309504748 -40.88754354229571 -2.449293598294706e-16
51 -24.287706491723874 -41.401779108775905 -2.449293598294706e-16
52 -23.421137915378004 -41.89809421380456 -2.449293598294706e-16
53 -22.544431668424757 -42.3762740309684 -2.449293598294706e-16
54 -21.65796722683936 -42.83611158358275 -2.449293598294706e-16
55 -20.762128290361154 -43.27740783427983 -2.449293598294706e-16
56 -19.857302616412024 -43.69997177116063 -2.449293598294706e-16
57 -18.943881852258343 -44.103620490473084 -2.449293598294706e-16
58 -18.022261365489253 -44.48817927578058 -2.449293598294706e-16
59 -17.09284007288469 -44.8534816735868 -2.449293598294706e-16
60 -16.156020267747166 -45.19936956538379 -2.449293598294706e-16
61 -15.212207445771929 -45.52569323609252 -2.449293598294706e-16
62 -14.261810129531142 -45.83231143886595 -2.449293598294706e-16
63 -13.305239691647817 -46.119091456226656 -2.449293598294706e-16
64 -12.342910176736153 -46.38590915751273 -2.449293598294706e-16
65 -11.375238122185271 -46.63264905260672 -2.449293598294706e-16
66 -10.40264237786406 -46.85920434192482 -2.449293598294706e-16
67 -9.425543924825016 -47.065476962644226 -2.449293598294706e-16
68 -8.444365693085624 -47.25137763114889 -2.449293598294706e-16
69 -7.459532378566149 -47.416825881675415 -2.449293598294706e-16
70 -6.471470259263053 -47.561750101141925 -2.449293598294706e-16
71 -5.480607010737668 -47.68608756014538 -2.449293598294706e-16
72 -4.487371520999915 -47.78978444011354 -2.449293598294706e-16
73 -3.4921937048672134 -47.87279585659987 -2.449293598294706e-16
74 -2.4955043178789538 -47.935085878711504 -2.449293598294706e-16
75 -1.4977347698470318 -47.97662754466169 -2.449293598294706e-16
76 -0.499316938123321 -47.99740287343996 -2.449293598294706e-16
77 0.4993170193354274 -47.99740287259511 -2.449293598294706e-16
78 1.4977348510239863 -47.97662754212752 -2.449293598294706e-16
79 2.4955043989856085 -47.93508587448908 -2.449293598294706e-16
80 3.492193785868483 -47.872795850691034 -2.449293598294706e-16
81 4.48737160186073 -47.78978443252087 -2.449293598294706e-16
82 5.480607091423014 -47.68608755087214 -2.449293598294706e-16
83 6.471470339738021 -47.56175009019213 -2.449293598294706e-16
84 7.4595324587959135 -47.41682586905381 -2.449293598294706e-16
85 8.44436577303546 -47.25137761686094 -2.449293598294706e-16
86 9.425544004460303 -47.065476946696094 -2.449293598294706e-16
87 10.402642457150321 -46.85920432432344 -2.449293598294706e-16
88 11.375238201088191 -46.6326490333597 -2.449293598294706e-16
89 12.342910255221584 -46.3859091366284 -2.449293598294706e-16
90 13.305239769681801 -46.119091433714054 -2.449293598294706e-16
91 14.261810207079888 -45.83231141473482 -2.449293598294706e-16
92 15.212207522801869 -45.52569321035331 -2.449293598294706e-16
93 16.15602034422498 -45.19936953804764 -2.449293598294706e-16
94 17.09284014877726 -44.85348164466553 -2.449293598294706e-16
95 18.022261440763735 -44.48817924528672 -2.449293598294706e-16
96 18.943881926882153 -44.103620458419826 -2.449293598294706e-16
97 19.857302690352874 -43.69997173756185 -2.449293598294706e-16
98 20.762128363587017 -43.27740779915007 -2.449293598294706e-16
99 21.657967299318564 -42.83611154693721 -2.449293598294706e-16
100 22.54443174012592 -42.37627399282295 -2.449293598294706e-16
101 23.421137986270082 -41.898094174175704 -2.449293598294706e-16
102 24.28770656177619 -41.40177906768081 -2.449293598294706e-16
103 25.143762378686976 -40.88754349975216 -2.449293598294706e-16
104 25.98893489941691 -40.35561005354607 -2.449293598294706e-16
105 26.82285829713676 -39.806208972617846 -2.449293598294706e-16
106 27.645171614118958 -39.23957806126246 -2.449293598294706e-16
107 28.455518917975713 -38.655962581582756 -2.449293598294706e-16
108 29.25354945572166 -38.0556151473294 -2.449293598294706e-16
109 30.038917805594835 -37.438795614558934 -2.449293598294706e-16
110 30.811284026569936 -36.805770969156946 -2.449293598294706e-16
111 31.570313805499385 -36.15681521127509 -2.449293598294706e-16
112 32.315678601818355 -35.49220923673221 -2.449293598294706e-16
113 33.047055789751106 -34.812240715430505 -2.449293598294706e-16
114 33.76412879795739 -34.11720396683972 -2.449293598294706e-16
115 34.46658724655794 -33.40739983260308 -2.449293598294706e-16
116 35.15412708148017 -32.683135546320244 -2.449293598294706e-16
117 35.82645070606585 -31.944724600563294 -2.449293598294706e-16
118 36.483267109883606 -31.192486611183867 -2.449293598294706e-16
119 37.12429199469075 -30.42674717896969 -2.449293598294706e-16
120 37.749247897489646 -29.647837748710664 -2.449293598294706e-16
121 38.35786431062571 -28.85609546573525 -2.449293598294706e-16
122 38.94987779887447 -28.051863029979764 -2.449293598294706e-16
123 39.52503211346783 -27.235488547652977 -2.449293598294706e-16
124 40.08307830300936 -26.40732538056098 -2.449293598294706e-16
125 40.623774821231166 -25.567731993157008 -2.449293598294706e-16
126 41.14688763154546 -24.717071797382697 -2.449293598294706e-16
127 41.65219030834554 -23.855712995367902 -2.449293598294706e-16
128 42.13946413501259 -22.984028420056994 -2.449293598294706e-16
129 42.608498198585465 -22.10239537383083 -2.449293598294706e-16
130 43.05908948105298 -21.211195465194134 -2.449293598294706e-16
131 43.491042947228664 -20.310814443599035 -2.449293598294706e-16
132 43.9041716291704 -19.40164203247623 -2.449293598294706e-16
133 44.29829670710816 -18.484071760545884 -2.449293598294706e-16
134 44.67324758684482 -17.558500791481695 -2.449293598294706e-16
135 45.02886197359666 -16.625329752001317 -2.449293598294706e-16
136 45.36498594224146 -15.68496255845816 -2.449293598294706e-16
137 45.68147400394389 -14.73780624200894 -2.449293598294706e-16
138 45.97818916912932 -13.784270772433308 -2.449293598294706e-16
139 46.25500300677871 -12.824768880681326 -2.449293598294706e-16
140 46.511795700019135 -11.859715880225833 -2.449293598294706e-16
141 46.74845609798562 -10.889529487297045 -2.449293598294706e-16
142 46.96488176393192 -9.91462964007708 -2.449293598294706e-16
143 47.160979019569666 -8.935438316932737 -2.449293598294706e-16
144 47.336662985616215 -7.952379353765225 -2.449293598294706e-16
145 47.4918576185341 -6.965878260555843 -2.449293598294706e-16
146 47.626495743445886 -5.976362037187035 -2.449293598294706e-16
147 47.74051908321038 -4.984258988618602 -2.449293598294706e-16
148 47.833878283647415 -3.9899985394989645 -2.449293598294706e-16
149 47.9065329349005 -2.99401104829181 -2.449293598294706e-16
150 47.95845158892791 -1.9967276209985394 -2.449293598294706e-16
151 47.989611773114724 -0.9985799245571408 -2.449293598294706e-16
152 48.0 1.7337173363607405e-12 -2.449293598294706e-16
153 47.98961177311465 0.9985799245606077 -2.449293598294706e-16
154 47.95845158892776 1.9967276210020042 -2.449293598294706e-16
155 47.90653293490029 2.9940110482952704 -2.449293598294706e-16
156 47.83387828364713 3.9899985395024187 -2.449293598294706e-16
157 47.74051908321002 4.9842589886220505 -2.449293598294706e-16
158 47.62649574344545 5.976362037190476 -2.449293598294706e-16
159 47.491857618533594 6.965878260559272 -2.449293598294706e-16
160 47.33666298561565 7.952379353768648 -2.449293598294706e-16
161 47.16097901956901 8.935438316936143 -2.449293598294706e-16
162 46.9648817639312 9.914629640080472 -2.449293598294706e-16
163 46.74845609798482 10.889529487300425 -2.449293598294706e-16
164 46.51179570001828 11.859715880229194 -2.449293598294706e-16
165 46.255003006777784 12.824768880684667 -2.449293598294706e-16
166 45.97818916912832 13.784270772436628 -2.449293598294706e-16
167 45.68147400394283 14.737806242012239 -2.449293598294706e-16
168 45.36498594224033 15.68496255846144 -2.449293598294706e-16
169 45.02886197359546 16.625329752004575 -2.449293598294706e-16
170 44.67324758684356 17.55850079148492 -2.449293598294706e-16
171 44.29829670710683 18.48407176054908 -2.449293598294706e-16
172 43.904171629169 19.4016420324794 -2.449293598294706e-16
173 43.49104294722721 20.31081444360218 -2.449293598294706e-16
174 43.059089481051444 21.211195465197246 -2.449293598294706e-16
175 42.60849819858389 22.102395373833883 -2.449293598294706e-16
176 42.13946413501092 22.98402842006006 -2.449293598294706e-16
177 41.65219030834379 23.85571299537096 -2.449293598294706e-16
178 41.14688763154363 24.717071797385746 -2.449293598294706e-16
179 40.62377482122927 25.567731993160013 -2.449293598294706e-16
180 40.083078303007355 26.407325380564018 -2.449293598294706e-16
181 39.525032113465734 27.235488547656004 -2.449293598294706e-16
182 38.9498777988723 28.05186302998277 -2.449293598294706e-16
183 38.35786431062346 28.856095465738235 -2.449293598294706e-16
184 37.74924789748733 29.647837748713606 -2.449293598294706e-16
185 37.12429199468833 30.426747178972644 -2.449293598294706e-16
186 36.483267109881126 31.192486611186766 -2.449293598294706e-16
187 35.82645070606332 31.94472460056613 -2.449293598294706e-16
188 35.15412708147762 32.683135546322994 -2.449293598294706e-16
189 34.4665872465553 33.407399832605826 -2.449293598294706e-16
190 33.76412879795468 34.117203966842396 -2.449293598294706e-16
191 33.047055789748335 34.81224071543314 -2.449293598294706e-16
192 32.31567860181548 35.49220923673482 -2.449293598294706e-16
193 31.57031380549646 36.15681521127766 -2.449293598294706e-16
194 30.81128402656695 36.80577096915945 -2.449293598294706e-16
195 30.038917805591755 37.4387956145614 -2.449293598294706e-16
196 29.253549455718495 38.055615147331835 -2.449293598294706e-16
197 28.455518917972462 38.65596258158514 -2.449293598294706e-16
198 27.645171614115622 39.23957806126482 -2.449293598294706e-16
199 26.82285829713336 39.80620897262013 -2.449293598294706e-16
200 25.98893489941348 40.35561005354829 -2.449293598294706e-16
201 25.14376237868346 40.88754349975433 -2.449293598294706e-16
202 24.287706561772662 41.40177906768288 -2.449293598294706e-16
203 23.421137986266526 41.8980941741777 -2.449293598294706e-16
204 22.544431740122352 42.37627399282485 -2.449293598294706e-16
205 21.657967299314947 42.836111546939044 -2.449293598294706e-16
206 20.762128363583354 43.27740779915183 -2.449293598294706e-16
207 19.857302690349172 43.69997173756353 -2.449293598294706e-16
208 18.943881926878447 44.10362045842141 -2.449293598294706e-16
209 18.02226144075995 44.48817924528826 -2.449293598294706e-16
210 17.092840148773455 44.85348164466698 -2.449293598294706e-16
211 16.156020344221123 45.19936953804901 -2.449293598294706e-16
212 15.21220752279799 45.52569321035461 -2.449293598294706e-16
213 14.261810207075934 45.83231141473605 -2.449293598294706e-16
214 13.305239769677788 46.11909143371522 -2.449293598294706e-16
215 12.342910255217577 46.385909136629465 -2.449293598294706e-16
216 11.375238201084173 46.63264903336068 -2.449293598294706e-16
217 10.402642457146328 46.85920432432433 -2.449293598294706e-16
218 9.425544004456343 47.0654769466969 -2.449293598294706e-16
219 8.444365773031482 47.25137761686165 -2.449293598294706e-16
220 7.459532458791901 47.416825869054435 -2.449293598294706e-16
221 6.471470339733997 47.561750090192675 -2.449293598294706e-16
222 5.48060709141896 47.68608755087261 -2.449293598294706e-16
223 4.487371601856708 47.789784432521245 -2.449293598294706e-16
224 3.4921937858644863 47.87279585069134 -2.449293598294706e-16
225 2.495504398981607 47.935085874489296 -2.449293598294706e-16
226 1.4977348510200128 47.97662754212763 -2.449293598294706e-16
227 0.4993170193315054 47.99740287259515 -2.449293598294706e-16
228 -0.4993169381271898 47.99740287343993 -2.449293598294706e-16
229 -1.4977347698508563 47.976627544661575 -2.449293598294706e-16
230 -2.495504317882722 47.935085878711305 -2.449293598294706e-16
231 -3.4921937048709863 47.87279585659959 -2.449293598294706e-16
232 -4.48737152100365 47.789784440113195 -2.449293598294706e-16
233 -5.480607010741395 47.68608756014496 -2.449293598294706e-16
234 -6.471470259266741 47.56175010114142 -2.449293598294706e-16
235 -7.459532378569866 47.416825881674825 -2.449293598294706e-16
236 -8.44436569308936 47.25137763114823 -2.449293598294706e-16
237 -9.425543924828713 47.06547696264348 -2.449293598294706e-16
238 -10.402642377867702 46.85920434192402 -2.449293598294706e-16
239 -11.375238122188875 46.632649052605835 -2.449293598294706e-16
240 -12.34291017673975 46.38590915751177 -2.449293598294706e-16
241 -13.30523969165135 46.11909145622565 -2.449293598294706e-16
242 -14.261810129534654 45.832311438864856 -2.449293598294706e-16
243 -15.212207445775457 45.52569323609135 -2.449293598294706e-16
244 -16.156020267750687 45.199369565382526 -2.449293598294706e-16
245 -17.092840072888237 44.85348167358544 -2.449293598294706e-16
246 -18.022261365492778 44.48817927577915 -2.449293598294706e-16
247 -18.943881852261875 44.10362049047156 -2.449293598294706e-16
248 -19.857302616415545 43.69997177115903 -2.449293598294706e-16
249 -20.76212829036465 43.27740783427815 -2.449293598294706e-16
250 -21.657967226842818 42.836111583581 -2.449293598294706e-16
251 -22.544431668428214 42.376274030966556 -2.449293598294706e-16
252 -23.421137915381426 41.89809421380264 -2.449293598294706e-16
253 -24.287706491727274 41.401779108773916 -2.449293598294706e-16
254 -25.143762309508105 40.887543542293656 -2.449293598294706e-16
255 -25.988934831138067 40.35561009751753 -2.449293598294706e-16
256 -26.822858229787467 39.806209018000224 -2.449293598294706e-16
257 -27.645171547728374 39.23957810803614 -2.449293598294706e-16
258 -28.455518852572553 38.65596262972749 -2.449293598294706e-16
259 -29.25354939133422 38.05561519682436 -2.449293598294706e-16
260 -30.038917742250977 37.43879566538271 -2.449293598294706e-16
261 -30.81128396429709 36.805771021287526 -2.449293598294706e-16
262 -31.570313744324473 36.15681526468995 -2.449293598294706e-16
263 -32.31567854176789 35.4922092914082 -2.449293598294706e-16
264 -33.047055730851085 34.812240771343944 -2.449293598294706e-16
265 -33.76412874023329 34.11720402396645 -2.449293598294706e-16
266 -34.46658719003475 33.40739989091836 -2.449293598294706e-16
267 -35.15412702618235 32.68313560579883 -2.449293598294706e-16
268 -35.82645065201727 31.94472466117952 -2.449293598294706e-16
269 -36.48326705710773 31.19248667291144 -2.449293598294706e-16
270 -37.124291943210416 30.42674724178189 -2.449293598294706e-16
271 -37.74924784732716 29.64783781258029 -2.449293598294706e-16
272 -38.35786426180272 28.85609553063473 -2.449293598294706e-16
273 -38.949877751412146 28.051863095880968 -2.449293598294706e-16
274 -39.525032067386704 27.23548861452742 -2.449293598294706e-16
275 -40.08307825832941 26.40732544837967 -2.449293598294706e-16
276 -40.62377477797177 25.567732061890528 -2.449293598294706e-16
277 -41.146887589725324 24.717071867001323 -2.449293598294706e-16
278 -41.65219026798276 23.85571306584153 -2.449293598294706e-16
279 -42.13946409612459 22.98402849135518 -2.449293598294706e-16
280 -42.608498161189104 22.102395445922685 -2.449293598294706e-16
281 -43.05908944516445 21.211195538048457 -2.449293598294706e-16
282 -43.49104291286349 20.310814517184344 -2.449293598294706e-16
283 -43.90417159634346 19.401642106760644 -2.449293598294706e-16
284 -44.298296675833654 18.4840718354973 -2.449293598294706e-16
285 -44.6732475571363 17.558500867067643 -2.449293598294706e-16
286 -45.02886194546699 16.62532982818911 -2.449293598294706e-16
287 -45.364985915702825 15.684962635214777 -2.449293598294706e-16
288 -45.681473979007784 14.737806319301209 -2.449293598294706e-16
289 -45.97818914580652 13.784270850227799 -2.449293598294706e-16
290 -46.255002985079344 12.8247689589443 -2.449293598294706e-16
291 -46.51179567995259 11.859715958923417 -2.449293598294706e-16
292 -46.74845607956056 10.889529566395263 -2.449293598294706e-16
293 -46.964881747156355 9.91462971954167 -2.449293598294706e-16
294 -47.16097900445087 8.935438396729309 -2.449293598294706e-16
295 -47.33666297216072 7.952379433859245 -2.449293598294706e-16
296 -47.49185760674775 6.965878340912641 -2.449293598294706e-16
297 -47.62649573333378 5.976362117771835 -2.449293598294706e-16
298 -47.74051907477691 4.984259069396501 -2.449293598294706e-16
299 -47.83387827689624 3.9899986204350406 -2.449293598294706e-16
300 -47.90653292983455 2.9940111293510108 -2.449293598294706e-16
301 -47.95845158554937 1.9967277021457805 -2.449293598294706e-16
302 -47.98961177142509 0.9985800057573188 -2.449293598294706e-16
303 -48.22908794869358 -5.906359818216377e-15 -0.9294463440875389
304 -48.863870506537694 -5.984098260978213e-15 -1.6459677317873145
305 -49.75892663948935 -6.093711023805859e-15 -1.9854177481961082
306 -50.709209774085075 -6.210087143712495e-15 -1.8700324853708277
307 -51.4970214963422 -6.30656625411179e-15 -1.3262453164815895
308 -51.941883634852104 -6.3610461535105906e-15 -0.4786313285751096
309 -51.941883634852104 -6.36104615351059e-15 0.47863132857512336
310 -51.49702149634219 -6.306566254111789e-15 1.3262453164816002
311 -50.709209774085075 -6.210087143712494e-15 1.8700324853708294
312 -49.75892663948935 -6.093711023805859e-15 1.9854177481961082
313 -48.863870506537694 -5.9840982609782134e-15 1.645967731787318
314 -48.22908794869358 -5.906359818216377e-15 0.9294463440875405
315 -48.16436763598887 -1.3955707593652624 0.8392001670016067
316 -48.14418743117755 -2.449897958361483 0.8850359272532302
317 -48.05640698518762 -3.5055877731667437 0.8381548875156917
318 -47.97307718449766 -4.504582490264289 0.8381548875156917
319 -47.86898258338359 -5.5016274313229605 0.8381548875157177
320 -47.74416823844261 -6.49629103263188 0.8381548875156917
321 -47.598688174663685 -7.488142761225759 0.8381548875156917
322 -47.24599168832809 -9.461694739728124 -0.8381548875156901
323 -47.2459916883281 -9.461694739728125 0.8381548875156917
324 -47.03892792790151 -10.442540751898145 0.8381548875156917
325 -46.56381746401242 -12.390250245233071 -0.8381548875157143
326 -46.56381746401242 -12.390250245233071 0.8381548875157177
327 -46.008096473911465 -14.316509938131578 -0.8381548875156659
328 -46.00809647391147 -14.31650993813158 0.8381548875156692
329 -45.700302266438634 -15.270552403810122 0.8381548875157177
330 -45.37272701277115 -16.217985121028878 0.8381548875156917
331 -45.02551250149476 -17.158398000370102 0.8381548875156917
332 -44.272775298961456 -19.016539256369327 -0.8381548875157143
333 -44.272775298961456 -19.016539256369327 0.8381548875157177
334 -43.86757842457304 -19.933463349987655 0.8381548875157177
335 -43.44339378528534 -20.841759387777156 0.8381548875156917
336 -43.00040498635974 -21.741034220349647 0.8381548875156917
337 -42.538803772302536 -22.63089860308038 0.8381548875156917
338 -42.058789943869655 -23.51096736458998 0.8381548875156917
339 -41.560571271584365 -24.38085957346302 0.8381548875157177
340 -40.51038978338338 -26.088612794851933 -0.8381548875156659
341 -40.51038978338338 -26.088612794851937 0.8381548875156692
342 -39.39007736487357 -27.75120183254484 -0.8381548875156901
343 -39.39007736487358 -27.75120183254484 0.8381548875156917
344 -38.80422348793493 -28.564657138844932 0.8381548875156917
345 -38.20157348275875 -29.365748439342564 0.8381548875156917
346 -37.582388202052776 -30.154128987446654 0.8381548875157177
347 -36.94693565569953 -30.92945753832364 0.8381548875156917
348 -36.29549089475012 -31.691398496602815 0.8381548875157177
349 -34.94575942179073 -33.173804370251105 -0.8381548875157143
350 -34.94575942179073 -33.173804370251105 0.8381548875157177
351 -33.53553041642782 -34.598780291365934 -0.8381548875157143
352 -33.53553041642782 -34.598780291365934 0.8381548875157177
353 -32.80848828909731 -35.28895711331705 0.8381548875156917
354 -32.06724524426218 -35.96385936472489 0.8381548875156917
355 -31.31212212362774 -36.62319491901805 0.8381548875157177
356 -29.761548919760838 -37.894031243166104 -0.8381548875156901
357 -29.761548919760838 -37.894031243166104 0.8381548875156917
358 -28.966769990955274 -38.50498194068476 0.8381548875156917
359 -28.159453004699692 -39.099266034511125 0.8381548875156917
360 -27.339947402328345 -39.67662629306182 0.8381548875156917
361 -26.508607900929984 -40.236812810113555 0.8381548875156917
362 -25.66579433981127 -40.77958311297308 0.8381548875157177
363 -23.947209070055667 -41.81194297944558 -0.8381548875156901
364 -23.94720907005567 -41.81194297944559 0.8381548875156917
365 -23.07218123865647 -42.30108569353693 0.8381548875156917
366 -22.187166780030346 -42.771918687808295 0.8381548875156917
367 -20.38871442642575 -43.65784834367156 -0.8381548875157143
368 -20.38871442642575 -43.65784834367156 0.8381548875157177
369 -19.476054978576023 -44.07256153700226 0.8381548875156917
370 -18.55496546081186 -44.468198239971954 0.8381548875156917
371 -16.689094439681497 -45.201565512101 -0.8381548875156901
372 -16.689094439681497 -45.201565512101 0.8381548875156917
373 -15.745120565128083 -45.53897864852643 0.8381548875156917
374 -14.794331528709382 -45.85668056652162 0.8381548875156917
375 -13.83713887260164 -46.15453375110296 0.8381548875156917
376 -12.873956910741782 -46.43240927866796 0.8381548875157177
377 -11.905202549494309 -46.69018687279889 0.8381548875157177
378 -10.931295107196895 -46.927754956323454 0.8381548875157177
379 -8.969709222707632 -47.34186006507813 -0.8381548875156901
380 -8.969709222707632 -47.34186006507813 0.8381548875156917
381 -7.982879838816797 -47.51821784789892 0.8381548875157177
382 -5.999283712760865 -47.80916222749744 -0.8381548875156901
383 -5.999283712760865 -47.80916222749744 0.8381548875156917
384 -5.003375555871036 -47.923622891099114 0.8381548875157177
385 -3.005494226091906 -48.09027346998866 -0.8381548875156901
386 -3.005494226091906 -48.09027346998866 0.8381548875156917
387 -2.0043858217253034 -48.14239125177554 0.8381548875157401
388 -1.0024098334135823 -48.17367094676553 0.8381548875156917
389 1.0024099149239685 -48.17367094506946 0.8381548875157177
390 2.004385903182677 -48.14239124838408 -0.8381548875156901
391 2.004385903182677 -48.14239124838408 0.8381548875156917
392 3.0054943074610976 -48.09027346490334 0.8381548875157177
393 5.003375636958252 -47.923622882633346 -0.8381548875156901
394 5.003375636958252 -47.923622882633346 0.8381548875156917
395 5.999283793654414 -47.8091622173466 0.8381548875157177
396 6.992595203634042 -47.674007701046925 0.8381548875157177
397 7.982879919218062 -47.51821783439181 0.8381548875157177
398 8.969709302810545 -47.34186004990131 0.8381548875157177
399 10.931295186599092 -46.9277549378276 -0.8381548875157143
400 10.931295186599092 -46.9277549378276 0.8381548875157177
401 12.873956989305842 -46.4324092568851 -0.8381548875156901
402 12.873956989305842 -46.4324092568851 0.8381548875156917
403 13.837138950695545 -46.154533727690406 0.8381548875157177
404 15.745120642180503 -45.53897862188553 -0.8381548875156901
405 15.745120642180503 -45.53897862188553 0.8381548875156917
406 16.689094516163006 -45.20156548386288 0.8381548875156917
407 17.625844635964498 -44.84458717426449 0.8381548875156917
408 19.476055053147256 -44.07256150404859 0.8381548875157401
409 20.388714500295272 -43.65784830917363 -0.8381548875156901
410 20.388714500295272 -43.65784830917363 0.8381548875156917
411 22.187166852400946 -42.77191865026734 -0.8381548875156901
412 22.187166852400946 -42.77191865026734 0.8381548875156917
413 23.07218131023041 -42.30108565449852 0.8381548875156917
414 23.947209140801938 -41.81194293892664 0.8381548875156917
415 24.811871594630812 -41.304702225447876 0.8381548875156917
416 25.66579440881077 -40.779583069546256 0.8381548875156917
417 26.5086079690111 -40.23681276526074 0.8381548875157401
418 27.339947469461677 -39.676626246802314 0.8381548875156917
419 28.159453070856117 -39.09926598686499 0.8381548875156917
420 28.96677005610617 -38.504981891672635 0.8381548875156917
421 29.761548983877983 -37.89403119280921 0.8381548875156917
422 30.54344583984549 -37.2666783358779 0.8381548875156917
423 32.06724530511346 -35.96385931046673 -0.8381548875156901
424 32.06724530511346 -35.96385931046673 0.8381548875156917
425 32.80848834880665 -35.2889570578047 0.8381548875156917
426 34.24805698866152 -33.893627578982475 -0.8381548875157385
427 34.24805698866152 -33.893627578982475 0.8381548875157401
428 34.94575947792119 -33.17380431112245 0.8381548875156917
429 35.62833594725856 -32.439622001352745 0.8381548875156917
430 36.2954909483723 -31.691398435190422 0.8381548875156917
431 36.94693570803252 -30.929457475809013 0.8381548875156917
432 37.5823882530739 -30.154128923856838 0.8381548875156917
433 38.20157353244589 -29.365748374705106 0.8381548875156917
434 38.80422353626662 -28.564657073187792 0.8381548875156917
435 39.3900774118289 -27.751201765896425 0.8381548875156917
436 39.9588815765085 -26.925734551093225 0.8381548875156917
437 40.510389827525586 -26.088612726307947 0.8381548875156917
438 41.044363448511845 -25.240198633684148 0.8381548875156917
439 41.56057131283702 -24.380859503142148 0.8381548875157401
440 42.05878998365047 -23.510967293426035 0.8381548875156917
441 42.538803810594246 -22.630898531104286 0.8381548875156917
442 43.44339382054985 -20.841759314270455 -0.8381548875157385
443 43.44339382054985 -20.841759314270455 0.8381548875157401
444 43.86757845830077 -19.933463275763074 0.8381548875157401
445 44.2727753311377 -19.01653918145919 0.8381548875157401
446 45.02551253052707 -17.15839792418624 -0.8381548875157385
447 45.02551253052707 -17.15839792418624 0.8381548875157401
448 45.372727040212254 -16.21798504425748 0.8381548875157401
449 46.008096498135295 -14.316509860285048 -0.8381548875157385
450 46.0080964981353 -14.316509860285048 0.8381548875157401
451 46.295976431286256 -13.3562705960592 0.8381548875157401
452 46.563817484977015 -12.390250166446172 0.8381548875157885
453 46.81150372613939 -11.418866706420802 0.8381548875157401
454 47.245991704337534 -9.461694659786755 -0.8381548875157385
455 47.245991704337534 -9.461694659786756 0.8381548875157401
456 47.59868818733387 -7.488142680687454 -0.8381548875157869
457 47.59868818733387 -7.488142680687454 0.8381548875157885
458 47.74416824943455 -6.496290951847349 0.8381548875157401
459 47.97307719211958 -4.504582409092353 -0.8381548875157385
460 47.97307719211958 -4.504582409092353 0.8381548875157401
461 48.05640699111924 -3.505587691853728 0.8381548875157885
462 48.16063691653264 -1.5034792167772881 -0.8381548875157385
463 48.160636916532646 -1.5034792167772881 0.8381548875157401
464 48.181491927775035 0.5012320571548626 -0.8381548875157869
465 48.181491927775035 0.5012320571548626 0.8381548875157885
466 48.16063691653253 1.50347921678071 0.8381548875157401
467 48.05640699111899 3.505587691857142 0.8381548875157885
468 47.97307719211926 4.504582409095718 -0.8381548875157385
469 47.97307719211926 4.504582409095718 0.8381548875157401
470 47.74416824943409 6.496290951850743 -0.8381548875157385
471 47.7441682494341 6.496290951850743 0.8381548875157401
472 47.59868818733334 7.488142680690878 0.8381548875157885
473 47.245991704336866 9.46169465979007 -0.8381548875157385
474 47.245991704336866 9.46169465979007 0.8381548875157401
475 46.81150372613858 11.41886670642413 -0.8381548875157385
476 46.81150372613858 11.41886670642413 0.8381548875157401
477 46.56381748497614 12.390250166449478 0.8381548875157885
478 46.00809649813429 14.316509860288278 -0.8381548875157385
479 46.00809649813429 14.31650986028828 0.8381548875157401
480 45.37272704021111 16.21798504426071 -0.8381548875157385
481 45.37272704021111 16.21798504426071 0.8381548875157401
482 44.65880905251575 18.091383915342206 -0.8381548875156901
483 44.65880905251575 18.091383915342206 0.8381548875156917
484 44.27277533113636 19.01653918146234 0.8381548875157401
485 43.44339382054838 20.841759314273506 -0.8381548875157385
486 43.44339382054838 20.841759314273506 0.8381548875157401
487 43.00040502314427 21.74103414759554 0.8381548875156917
488 42.53880381059268 22.63089853110733 0.8381548875157885
489 42.05878998364876 23.5109672934291 0.8381548875156917
490 41.56057131283524 24.380859503145174 0.8381548875157401
491 41.04436344851 25.240198633687143 0.8381548875156917
492 40.51038982752371 26.088612726310913 0.8381548875157401
493 39.390077411826816 27.751201765899413 -0.8381548875157385
494 39.390077411826816 27.751201765899413 0.8381548875157401
495 38.80422353626444 28.564657073190755 0.8381548875156917
496 37.58238825307154 30.154128923859766 -0.8381548875156901
497 37.58238825307154 30.154128923859766 0.8381548875156917
498 36.946935708030125 30.929457475811915 0.8381548875157401
499 36.29549094836983 31.69139843519322 0.8381548875156433
500 35.628335947256026 32.43962200135553 0.8381548875156917
501 34.94575947791862 33.173804311125195 0.8381548875157401
502 34.248056988658824 33.89362757898517 0.8381548875156917
503 33.53553047496659 34.59878023462608 0.8381548875156917
504 32.06724530511058 35.963859310469296 -0.8381548875156901
505 32.06724530511059 35.963859310469296 0.8381548875156917
506 31.312122185591676 36.623194866040095 0.8381548875157401
507 29.761548983874892 37.894031192811646 -0.8381548875156901
508 29.761548983874892 37.894031192811646 0.8381548875156917
509 28.966770056103027 38.504981891675016 0.8381548875157401
510 27.339947469458327 39.67662624680462 -0.8381548875156901
511 27.339947469458327 39.67662624680462 0.8381548875156917
512 26.50860796900777 40.236812765262925 0.8381548875157401
513 25.665794408807322 40.77958306954842 0.8381548875156917
514 24.811871594627334 41.304702225449965 0.8381548875156917
515 23.072181310226803 42.30108565450049 -0.8381548875156901
516 23.072181310226803 42.30108565450049 0.8381548875156917
517 22.187166852397333 42.77191865026921 0.8381548875156917
518 21.292548839434254 43.22423812956887 0.8381548875157401
519 20.388714500291627 43.65784830917533 0.8381548875156917
520 19.476055053143565 44.07256150405019 0.8381548875156917
521 18.5549655360488 44.46819820857833 0.8381548875157401
522 17.625844635960714 44.84458717426598 0.8381548875156917
523 16.68909451615915 45.2015654838643 0.8381548875156917
524 14.79433160629545 45.85668054149074 0.8381548875157401
525 13.837138950691612 46.15453372769157 0.8381548875156917
526 12.873956989301885 46.43240925688619 -0.8381548875156901
527 11.905202628490557 46.690186852656176 -0.8381548875156901
528 -48.16439806716032 -1.3955956874724371 -0.8392675288822551
529 10.931295186595129 46.92775493782851 -0.8381548875156901
530 -48.1442192543869 -2.449870103847373 -0.8850974621058618
531 -48.05640698518762 -3.5055877731667437 -0.8381548875156901
532 9.952656212426843 47.14501068277117 -0.8381548875156901
533 -47.97307718449766 -4.504582490264289 -0.8381548875156901
534 -47.868982583383584 -5.5016274313229605 -0.8381548875157143
535 8.969709302806548 47.34186004990205 -0.8381548875156901
536 -47.74416823844261 -6.49629103263188 -0.8381548875156901
537 -47.598688174663685 -7.488142761225758 -0.8381548875156901
538 7.982879919214055 47.5182178343925 -0.8381548875157385
539 -47.43260536204302 -8.476753301238318 -0.8381548875157143
540 -47.43260536204302 -8.476753301238318 0.8381548875157177
541 6.992595203630017 47.6740077010475 -0.8381548875156901
542 -47.038927927901504 -10.442540751898145 -0.8381548875156901
543 5.999283793650466 47.809162217347115 -0.8381548875157385
544 -46.811503706818385 -11.418866785626923 -0.8381548875156901
545 -46.81150370681839 -11.418866785626923 0.8381548875156917
546 5.003375636954248 47.923622882633744 -0.8381548875156417
547 -46.29597640868717 -13.356270674392913 -0.8381548875157143
548 -46.29597640868717 -13.356270674392913 0.8381548875157177
549 4.005301805203576 48.01734015343414 -0.8381548875156901
550 -45.70030226643863 -15.270552403810122 -0.8381548875157143
551 -45.37272701277115 -16.217985121028878 -0.8381548875156901
552 3.0054943074571248 48.090273464903575 -0.8381548875156901
553 -45.02551250149476 -17.158398000370102 -0.8381548875156901
554 -44.658809021906166 -18.091383990902358 -0.8381548875156901
555 2.0043859031787434 48.14239124838424 -0.8381548875156901
556 -44.658809021906166 -18.091383990902358 0.8381548875156917
557 1.002409914920032 48.173670945069524 -0.8381548875156901
558 -43.86757842457304 -19.93346334998765 -0.8381548875157143
559 -43.44339378528534 -20.841759387777156 -0.8381548875156901
560 4.076005650952699e-08 48.184099015768325 -0.8381548875156901
561 -43.00040498635974 -21.741034220349647 -0.8381548875156901
562 -42.538803772302536 -22.63089860308038 -0.8381548875156901
563 -1.0024098334174756 48.173670946765434 -0.8381548875156417
564 -42.058789943869655 -23.510967364589977 -0.8381548875156901
565 -41.560571271584365 -24.38085957346302 -0.8381548875157143
566 -2.004385821729108 48.142391251775365 -0.8381548875156901
567 -41.04436340580517 -25.240198703131636 -0.8381548875157143
568 -3.0054942260956645 48.09027346998842 -0.8381548875156901
569 -41.04436340580517 -25.24019870313164 0.8381548875157177
570 -39.958881530949874 -26.925734618704098 -0.8381548875157143
571 -4.005301723965423 48.017340160210516 -0.8381548875156901
572 -39.958881530949874 -26.925734618704098 0.8381548875157177
573 -38.80422348793493 -28.564657138844932 -0.8381548875156901
574 -5.00337555587474 47.923622891098745 -0.8381548875157385
575 -38.20157348275875 -29.365748439342564 -0.8381548875156901
576 -37.582388202052776 -30.154128987446654 -0.8381548875157143
577 -5.999283712764598 47.80916222749696 -0.8381548875156417
578 -36.94693565569953 -30.92945753832364 -0.8381548875156901
579 -36.29549089475012 -31.691398496602815 -0.8381548875157143
580 -6.992595122972818 47.67400771287794 -0.8381548875157385
581 -35.628335892370316 -32.439622061636314 -0.8381548875156659
582 -7.982879838820426 47.51821784789832 -0.8381548875157385
583 -35.628335892370316 -32.439622061636314 0.8381548875156692
584 -34.2480569313131 -33.893627636930546 -0.8381548875156659
585 -8.969709222711293 47.341860065077434 -0.8381548875156901
586 -34.2480569313131 -33.893627636930546 0.8381548875156692
587 -32.80848828909731 -35.28895711331705 -0.8381548875156901
588 -9.952656132664627 47.14501069960956 -0.8381548875156901
589 -32.067245244262175 -35.96385936472489 -0.8381548875156901
590 -31.31212212362774 -36.62319491901805 -0.8381548875157143
591 -10.931295107200475 46.92775495632261 -0.8381548875156901
592 -30.543445776789863 -37.26667838755775 -0.8381548875157143
593 -30.543445776789863 -37.26667838755775 0.8381548875157177
594 -11.90520254949792 46.69018687279798 -0.8381548875157385
595 -28.966769990955274 -38.50498194068476 -0.8381548875156901
596 -12.873956910745356 46.43240927866694 -0.8381548875156417
597 -28.159453004699692 -39.099266034511125 -0.8381548875156901
598 -27.339947402328345 -39.67662629306182 -0.8381548875156901
599 -13.837138872605129 46.15453375110191 -0.8381548875156901
600 -26.508607900929984 -40.236812810113555 -0.8381548875156901
601 -25.665794339811267 -40.77958311297308 -0.8381548875157143
602 -14.794331528712888 45.85668056652051 -0.8381548875157385
603 -24.81187152474277 -41.30470226742986 -0.8381548875157143
604 -24.81187152474277 -41.30470226742986 0.8381548875157177
605 -15.745120565131613 45.53897864852523 -0.8381548875157385
606 -23.07218123865647 -42.301085693536926 -0.8381548875156901
607 -16.689094439685036 45.201565512099705 -0.8381548875157385
608 -22.187166780030346 -42.77191868780829 -0.8381548875156901
609 -21.292548766301998 -43.224238165594286 -0.8381548875156901
610 -17.625844560090545 44.84458720408621 -0.8381548875156901
611 -21.292548766301998 -43.224238165594286 0.8381548875156917
612 -19.476054978576023 -44.07256153700225 -0.8381548875156901
613 -18.55496546081535 44.468198239970526 -0.8381548875157385
614 -18.55496546081186 -44.468198239971954 -0.8381548875156901
615 -17.625844560086964 -44.84458720408763 -0.8381548875157143
616 -19.47605497857954 44.072561537000695 -0.8381548875156901
617 -17.625844560086968 -44.84458720408763 0.8381548875157177
618 -15.745120565128083 -45.53897864852643 -0.8381548875156901
619 -20.38871442642925 43.65784834366994 -0.8381548875157385
620 -14.794331528709382 -45.85668056652162 -0.8381548875156901
621 -21.292548766305536 43.22423816559254 -0.8381548875156901
622 -13.83713887260164 -46.15453375110296 -0.8381548875156901
623 -12.87395691074178 -46.43240927866796 -0.8381548875157143
624 -22.1871667800338 42.7719186878065 -0.8381548875156901
625 -11.905202549494309 -46.69018687279889 -0.8381548875157143
626 -10.931295107196894 -46.927754956323454 -0.8381548875157143
627 -23.072181238659848 42.30108569353508 -0.8381548875156901
628 -9.952656132660941 -47.145010699610346 -0.8381548875157143
629 -9.952656132660941 -47.145010699610346 0.8381548875157177
630 -23.947209070059063 41.81194297944367 -0.8381548875157385
631 -7.982879838816796 -47.51821784789892 -0.8381548875157143
632 -6.992595122969091 -47.67400771287848 -0.8381548875157143
633 -24.811871524746177 41.304702267427814 -0.8381548875156901
634 -6.992595122969091 -47.67400771287848 0.8381548875157177
635 -25.665794339814646 40.77958311297097 -0.8381548875157385
636 -5.003375555871036 -47.923622891099114 -0.8381548875157143
637 -4.005301723961713 -48.01734016021084 -0.8381548875157143
638 -26.508607900933267 40.23681281011139 -0.8381548875156901
639 -4.005301723961713 -48.01734016021084 0.8381548875157177
640 -2.0043858217253034 -48.14239125177554 -0.8381548875157385
641 -27.339947402331557 39.67662629305962 -0.8381548875156901
642 -1.0024098334135823 -48.17367094676553 -0.8381548875156901
643 4.0763950952526584e-08 -48.18409901576834 -0.8381548875157143
644 -28.159453004702925 39.0992660345088 -0.8381548875156901
645 4.0763950952526584e-08 -48.18409901576834 0.8381548875157177
646 -28.96676999095842 38.504981940682384 -0.8381548875156901
647 1.0024099149239685 -48.17367094506946 -0.8381548875157143
648 3.0054943074610976 -48.09027346490334 -0.8381548875157143
649 -29.761548919763896 37.8940312431637 -0.8381548875156901
650 4.005301805207543 -48.01734015343382 -0.8381548875157143
651 4.005301805207543 -48.01734015343383 0.8381548875157177
652 -30.543445776792893 37.26667838755523 -0.8381548875156417
653 5.999283793654414 -47.8091622173466 -0.8381548875157143
654 6.992595203634042 -47.67400770104692 -0.8381548875157143
655 -31.312122123630576 36.623194919015575 -0.8381548875156417
656 7.982879919218062 -47.51821783439181 -0.8381548875157143
657 8.969709302810545 -47.34186004990131 -0.8381548875157143
658 -32.06724524426499 35.96385936472239 -0.8381548875156901
659 9.95265621243078 -47.145010682770334 -0.8381548875156901
660 -32.80848828910002 35.2889571133145 -0.8381548875156417
661 9.95265621243078 -47.145010682770334 0.8381548875156917
662 11.905202628494584 -46.69018685265516 -0.8381548875157143
663 -33.53553041643038 34.598780291363404 -0.8381548875156417
664 11.905202628494584 -46.69018685265517 0.8381548875157177
665 13.837138950695545 -46.154533727690406 -0.8381548875157143
666 -34.24805693131566 33.89362763692797 -0.8381548875156901
667 14.794331606299394 -45.85668054148945 -0.8381548875157143
668 14.794331606299394 -45.85668054148946 0.8381548875157177
669 -34.945759421793134 33.17380437024848 -0.8381548875155933
670 16.689094516163006 -45.20156548386288 -0.8381548875156901
671 17.625844635964498 -44.84458717426448 -0.8381548875156901
672 -35.628335892372604 32.43962206163376 -0.8381548875155933
673 18.55496553605247 -44.46819820857678 -0.8381548875156901
674 -36.29549089475232 31.69139849660026 -0.8381548875156901
675 18.55496553605247 -44.46819820857678 0.8381548875156917
676 19.476055053147252 -44.07256150404859 -0.8381548875157385
677 -36.94693565570165 30.929457538321056 -0.8381548875156417
678 21.29254883943794 -43.22423812956705 -0.8381548875157385
679 21.29254883943794 -43.22423812956705 0.8381548875157401
680 -37.582388202054766 30.154128987444132 -0.8381548875156417
681 23.07218131023041 -42.30108565449852 -0.8381548875156901
682 23.947209140801938 -41.81194293892664 -0.8381548875156901
683 -38.20157348276064 29.365748439340024 -0.8381548875155933
684 24.811871594630812 -41.30470222544787 -0.8381548875156901
685 -38.804223487936696 28.564657138842467 -0.8381548875155933
686 25.66579440881077 -40.779583069546256 -0.8381548875156901
687 26.5086079690111 -40.23681276526074 -0.8381548875157385
688 -39.39007736487522 27.751201832542428 -0.8381548875155933
689 27.339947469461674 -39.676626246802314 -0.8381548875156901
690 28.159453070856117 -39.09926598686499 -0.8381548875156901
691 -39.958881530951416 26.92573461870174 -0.8381548875156417
692 28.96677005610617 -38.504981891672635 -0.8381548875156901
693 29.761548983877983 -37.89403119280921 -0.8381548875156901
694 -40.510389783384895 26.0886127948496 -0.8381548875156901
695 30.54344583984549 -37.2666783358779 -0.8381548875156901
696 31.3121221855946 -36.6231948660376 -0.8381548875157385
697 -41.0443634058066 25.240198703129295 -0.8381548875156901
698 31.3121221855946 -36.6231948660376 0.8381548875157401
699 -41.56057127158569 24.38085957346071 -0.8381548875156417
700 32.80848834880664 -35.2889570578047 -0.8381548875156901
701 33.53553047496935 -34.598780234623376 -0.8381548875156417
702 -42.05878994387091 23.51096736458764 -0.8381548875155933
703 33.53553047496935 -34.598780234623376 0.8381548875156433
704 34.94575947792119 -33.17380431112245 -0.8381548875156901
705 -42.5388037723037 22.630898603078137 -0.8381548875156417
706 35.62833594725856 -32.439622001352745 -0.8381548875156901
707 36.2954909483723 -31.691398435190422 -0.8381548875156901
708 -43.0004049863608 21.741034220347498 -0.8381548875156417
709 36.94693570803252 -30.929457475809013 -0.8381548875156901
710 37.5823882530739 -30.154128923856835 -0.8381548875156901
711 -43.44339378528633 20.84175938777502 -0.8381548875156417
712 38.20157353244589 -29.365748374705106 -0.8381548875156901
713 -43.86757842457394 19.933463349985573 -0.8381548875156417
714 38.80422353626662 -28.56465707318779 -0.8381548875156901
715 39.39007741182889 -27.751201765896425 -0.8381548875156901
716 -44.27277529896226 19.016539256367306 -0.8381548875155933
717 39.9588815765085 -26.925734551093225 -0.8381548875156901
718 40.510389827525586 -26.088612726307947 -0.8381548875156901
719 -44.6588090219069 18.091383990900432 -0.8381548875155933
720 41.04436344851184 -25.240198633684148 -0.8381548875156901
721 41.56057131283702 -24.380859503142148 -0.8381548875157385
722 -45.025512501495406 17.158398000368283 -0.8381548875155933
723 42.05878998365047 -23.510967293426035 -0.8381548875156901
724 42.538803810594246 -22.630898531104286 -0.8381548875156901
725 -45.37272701277174 16.217985121027137 -0.8381548875156417
726 43.00040502314585 -21.74103414759246 -0.8381548875157385
727 -45.70030226643912 15.270552403808482 -0.8381548875155933
728 43.00040502314585 -21.74103414759246 0.8381548875157401
729 43.86757845830077 -19.93346327576307 -0.8381548875157385
730 -46.0080964739119 14.316509938130054 -0.8381548875155933
731 44.2727753311377 -19.01653918145919 -0.8381548875157385
732 44.65880905251706 -18.09138391533899 -0.8381548875156901
733 -46.29597640868754 13.356270674391507 -0.8381548875156417
734 44.65880905251706 -18.09138391533899 0.8381548875156917
735 45.372727040212254 -16.21798504425748 -0.8381548875157385
736 -46.56381746401279 12.39025024523166 -0.8381548875156901
737 45.70030229227669 -15.270552326484381 -0.8381548875157385
738 -46.811503706818684 11.418866785625582 -0.8381548875155933
739 45.70030229227669 -15.270552326484381 0.8381548875157401
740 46.29597643128625 -13.3562705960592 -0.8381548875157385
741 -47.03892792790173 10.442540751896923 -0.8381548875155933
742 46.563817484977015 -12.390250166446172 -0.8381548875157869
743 46.81150372613939 -11.418866706420802 -0.8381548875157385
744 -47.24599168832827 9.461694739727024 -0.8381548875155933
745 47.03892794557056 -10.442540672307134 -0.8381548875157385
746 47.03892794557056 -10.442540672307134 0.8381548875157401
747 -47.43260536204315 8.476753301237297 -0.8381548875155933
748 47.43260537638593 -8.476753220981069 -0.8381548875157385
749 47.43260537638593 -8.476753220981069 0.8381548875157401
750 -47.59868817466377 7.488142761224907 -0.8381548875155933
751 47.74416824943455 -6.496290951847349 -0.8381548875157385
752 -47.74416823844268 6.49629103263113 -0.8381548875155933
753 47.868982592692525 -5.501627350327175 -0.8381548875157385
754 47.868982592692525 -5.501627350327175 0.8381548875157401
755 -47.868982583383605 5.501627431322359 -0.8381548875155933
756 48.05640699111923 -3.5055876918537274 -0.8381548875157869
757 48.118935920988996 -2.5050756062688344 -0.8381548875157385
758 -47.97307718449766 4.504582490263794 -0.8381548875155933
759 48.118935920988996 -2.5050756062688344 0.8381548875157401
760 48.18149192777505 -0.5012320571514389 -0.8381548875157385
761 -48.05640698518761 3.5055877731663783 -0.8381548875155933
762 48.18149192777505 -0.5012320571514389 0.8381548875157401
763 48.16063691653253 1.50347921678071 -0.8381548875157385
764 -48.14382982895816 2.4531279361412817 -0.884644948834783
765 48.11893592098882 2.5050756062723387 -0.8381548875157385
766 -48.164362327612075 1.3943335364718523 -0.8391111989090954
767 48.11893592098882 2.5050756062723387 0.8381548875157401
768 48.05640699111899 3.505587691857142 -0.8381548875157869
769 47.86898259269212 5.501627350330662 -0.8381548875157385
770 47.86898259269212 5.501627350330662 0.8381548875157401
771 47.59868818733334 7.488142680690878 -0.8381548875157869
772 47.43260537638532 8.476753220984522 -0.8381548875157385
773 47.43260537638532 8.476753220984522 0.8381548875157401
774 47.0389279455698 10.44254067231056 -0.8381548875157385
775 47.0389279455698 10.44254067231056 0.8381548875157401
776 46.56381748497614 12.390250166449478 -0.8381548875157869
777 46.29597643128528 13.356270596062572 -0.8381548875157385
778 46.29597643128528 13.356270596062572 0.8381548875157401
779 45.70030229227558 15.270552326487714 -0.8381548875157385
780 45.70030229227558 15.270552326487714 0.8381548875157401
781 45.025512530525816 17.15839792418952 -0.8381548875157385
782 45.025512530525816 17.15839792418952 0.8381548875157401
783 44.27277533113636 19.01653918146234 -0.8381548875157385
784 43.867578458299306 19.933463275766268 -0.8381548875157385
785 43.867578458299306 19.933463275766268 0.8381548875157401
786 43.00040502314427 21.74103414759554 -0.8381548875156901
787 42.53880381059268 22.63089853110733 -0.8381548875157869
788 42.05878998364876 23.5109672934291 -0.8381548875156901
789 41.56057131283524 24.380859503145174 -0.8381548875157385
790 41.04436344851 25.240198633687143 -0.8381548875156901
791 40.51038982752371 26.088612726310913 -0.8381548875157385
792 39.958881576506485 26.92573455109624 -0.8381548875157385
793 39.958881576506485 26.92573455109624 0.8381548875157401
794 38.80422353626444 28.564657073190755 -0.8381548875156901
795 38.20157353244364 29.36574837470807 -0.8381548875157385
796 38.20157353244364 29.36574837470807 0.8381548875157401
797 36.94693570803012 30.929457475811915 -0.8381548875157385
798 36.29549094836983 31.69139843519322 -0.8381548875156417
799 35.628335947256026 32.43962200135553 -0.8381548875156901
800 34.94575947791862 33.173804311125195 -0.8381548875157385
801 34.248056988658824 33.89362757898517 -0.8381548875156901
802 33.53553047496659 34.59878023462608 -0.8381548875156901
803 32.80848834880381 35.28895705780737 -0.8381548875157385
804 32.80848834880381 35.28895705780737 0.8381548875157401
805 31.312122185591676 36.623194866040095 -0.8381548875157385
806 30.543445839842462 37.26667833588041 -0.8381548875157385
807 30.543445839842462 37.26667833588041 0.8381548875157401
808 28.966770056103027 38.504981891675016 -0.8381548875157385
809 28.159453070852834 39.099265986867394 -0.8381548875157385
810 28.159453070852834 39.099265986867394 0.8381548875157401
811 26.50860796900777 40.236812765262925 -0.8381548875157385
812 25.665794408807322 40.77958306954842 -0.8381548875156901
813 24.811871594627334 41.30470222544996 -0.8381548875156901
814 23.94720914079845 41.81194293892865 -0.8381548875156901
815 23.94720914079845 41.81194293892865 0.8381548875156917
816 22.187166852397333 42.77191865026921 -0.8381548875156901
817 21.292548839434254 43.22423812956887 -0.8381548875157385
818 20.388714500291627 43.65784830917533 -0.8381548875156901
819 19.476055053143565 44.07256150405019 -0.8381548875156901
820 18.5549655360488 44.46819820857833 -0.8381548875157385
821 17.625844635960714 44.84458717426598 -0.8381548875156901
822 16.68909451615915 45.2015654838643 -0.8381548875156901
823 15.745120642176586 45.53897862188691 -0.8381548875157385
824 15.745120642176586 45.53897862188691 0.8381548875157401
825 14.79433160629545 45.85668054149074 -0.8381548875157385
826 13.837138950691612 46.154533727691565 -0.8381548875156901
827 12.873956989301885 46.432409256886196 0.8381548875156917
828 11.905202628490558 46.690186852656176 0.8381548875156917
829 10.931295186595129 46.92775493782851 0.8381548875156917
830 9.952656212426843 47.14501068277117 0.8381548875156917
831 8.969709302806548 47.34186004990205 0.8381548875156917
832 7.982879919214055 47.5182178343925 0.8381548875157401
833 6.992595203630017 47.6740077010475 0.8381548875156917
834 5.999283793650466 47.809162217347115 0.8381548875157401
835 5.003375636954248 47.923622882633744 0.8381548875156433
836 4.005301805203577 48.01734015343414 0.8381548875156917
837 3.005494307457125 48.090273464903575 0.8381548875156917
838 2.0043859031787434 48.14239124838424 0.8381548875156917
839 1.002409914920032 48.173670945069524 0.8381548875156917
840 4.076005650952699e-08 48.184099015768325 0.8381548875156917
841 -1.0024098334174756 48.173670946765434 0.8381548875156433
842 -2.004385821729108 48.142391251775365 0.8381548875156917
843 -3.0054942260956645 48.09027346998842 0.8381548875156917
844 -4.005301723965423 48.017340160210516 0.8381548875156917
845 -5.00337555587474 47.923622891098745 0.8381548875157401
846 -5.999283712764598 47.80916222749696 0.8381548875156433
847 -6.992595122972818 47.67400771287794 0.8381548875157401
848 -7.982879838820426 47.51821784789832 0.8381548875157401
849 -8.969709222711293 47.341860065077434 0.8381548875156917
850 -9.952656132664627 47.14501069960956 0.8381548875156917
851 -10.931295107200475 46.92775495632261 0.8381548875156917
852 -11.90520254949792 46.69018687279798 0.8381548875157401
853 -12.873956910745356 46.43240927866694 0.8381548875156433
854 -13.837138872605129 46.154533751101916 0.8381548875156917
855 -14.794331528712888 45.85668056652051 0.8381548875157401
856 -15.745120565131614 45.53897864852523 0.8381548875157401
857 -16.689094439685036 45.20156551209971 0.8381548875157401
858 -17.625844560090545 44.84458720408621 0.8381548875156917
859 -18.55496546081535 44.468198239970526 0.8381548875157401
860 -19.476054978579544 44.072561537000695 0.8381548875156917
861 -20.38871442642925 43.65784834366994 0.8381548875157401
862 -21.292548766305536 43.22423816559254 0.8381548875156917
863 -22.1871667800338 42.7719186878065 0.8381548875156917
864 -23.072181238659848 42.30108569353508 0.8381548875156917
865 -23.947209070059063 41.81194297944367 0.8381548875157401
866 -24.811871524746177 41.304702267427814 0.8381548875156917
867 -25.665794339814646 40.77958311297097 0.8381548875157401
868 -26.508607900933267 40.23681281011139 0.8381548875156917
869 -27.339947402331557 39.67662629305962 0.8381548875156917
870 -28.159453004702925 39.0992660345088 0.8381548875156917
871 -28.96676999095842 38.504981940682384 0.8381548875156917
872 -29.761548919763896 37.8940312431637 0.8381548875156917
873 -30.543445776792893 37.26667838755523 0.8381548875156433
874 -31.312122123630576 36.623194919015575 0.8381548875156433
875 -32.06724524426499 35.963859364722396 0.8381548875156917
876 -32.80848828910002 35.2889571133145 0.8381548875156433
877 -33.53553041643038 34.598780291363404 0.8381548875156433
878 -34.24805693131566 33.89362763692797 0.8381548875156917
879 -34.945759421793134 33.17380437024849 0.8381548875155951
880 -35.628335892372604 32.43962206163376 0.8381548875155951
881 -36.29549089475232 31.69139849660026 0.8381548875156917
882 -36.94693565570165 30.929457538321056 0.8381548875156433
883 -37.582388202054766 30.154128987444132 0.8381548875156433
884 -38.20157348276064 29.365748439340024 0.8381548875155951
885 -38.804223487936696 28.564657138842467 0.8381548875155951
886 -39.39007736487522 27.751201832542428 0.8381548875155951
887 -39.958881530951416 26.92573461870174 0.8381548875156433
888 -40.510389783384895 26.0886127948496 0.8381548875156917
889 -41.0443634058066 25.240198703129295 0.8381548875156917
890 -41.56057127158569 24.38085957346071 0.8381548875156433
891 -42.05878994387091 23.51096736458764 0.8381548875155951
892 -42.5388037723037 22.630898603078137 0.8381548875156433
893 -43.0004049863608 21.741034220347498 0.8381548875156433
894 -43.44339378528633 20.84175938777502 0.8381548875156433
895 -43.86757842457395 19.933463349985573 0.8381548875156433
896 -44.27277529896226 19.016539256367306 0.8381548875155951
897 -44.6588090219069 18.091383990900432 0.8381548875155951
898 -45.025512501495406 17.158398000368283 0.8381548875155951
899 -45.37272701277174 16.217985121027137 0.8381548875156433
900 -45.70030226643912 15.270552403808482 0.8381548875155951
901 -46.0080964739119 14.316509938130054 0.8381548875155951
902 -46.29597640868754 13.356270674391507 0.8381548875156433
903 -46.56381746401279 12.390250245231663 0.8381548875156917
904 -46.811503706818684 11.418866785625582 0.8381548875155951
905 -47.03892792790173 10.442540751896923 0.8381548875155951
906 -47.24599168832827 9.461694739727024 0.8381548875155951
907 -47.43260536204315 8.476753301237297 0.8381548875155951
908 -47.59868817466377 7.488142761224907 0.8381548875155951
909 -47.74416823844268 6.49629103263113 0.8381548875155951
910 -51.992780052565294 0.866500089768284 3.552713678800501e-15
911 -51.130768387125336 0.8734380423546645 1.6445172138416018
912 -49.25400770735947 0.9316332591047926 1.8591832552548517
913 -48.514978557487275 0.8734547335909235 1.3483324299915447
914 -48.51920261318515 -0.8427839760292606 -1.3523541183591932
915 -49.28412217747985 -0.8790137212543491 -1.8704758699750985
916 -50.23659252589345 -0.8732706552168082 -1.9850378144077392
917 -51.13076838712534 -0.8734380423546646 -1.6445172138415978
918 -51.76403662525131 -0.8664547461211635 -0.9287302268019446
919 -51.992780052565294 -0.8665000897682609 3.552713678800501e-15
920 -51.7640366252513 -0.8664547461211634 0.9287302268019539
921 -51.130768387125336 -0.8734380423546645 1.6445172138416018
922 -50.23659252589344 -0.8732706552168082 1.9850378144077396
923 -49.283761325819945 -0.8789264718372168 1.8703386678435558
924 -48.51908095306453 -0.8427181015329243 1.3522203229977343
925 -48.11893591675026 2.505075687687545 0.8381548875155951
926 -48.519341338194046 0.8426122089351764 -1.3525019806320908
927 -47.97307718449766 4.504582490263794 0.8381548875155951
928 -49.28411979411285 0.8790234110929621 -1.8704750333405102
929 -50.23659252589345 0.8732706552168975 -1.9850378144077392
930 -51.13076838712534 0.8734380423546646 -1.6445172138415978
931 -51.76403662525131 0.8664547461212324 -0.9287302268019446
932 -47.868982583383605 5.501627431322359 0.8381548875155951
933 -51.7640366252513 0.8664547461212324 0.9287302268019539
934 -48.05640698518761 3.5055877731663783 0.8381548875155951
935 -50.23659252589344 0.8732706552168082 1.9850378144077396
936 -48.15806967417193 1.4025671269011049 0.8258935819170421
937 -51.48048029614824 1.7443817834451294 -1.3114203043085304
938 -50.6973399033722 1.7471469623893625 -1.8630180883902328
939 -49.75269676397068 1.7350203190918183 -1.988186365781468
940 -48.4417375160292 5.0574684614009415 1.5241561582586676
941 -48.53646798925021 4.048604196315728 1.5241561582586676
942 -48.77122010137236 1.8275522505015402 -1.6040723295550445
943 -48.60396188552316 3.040743187650339 1.5190004529618828
944 -48.706350209843094 1.9273671110086315 1.556805335330211
945 -48.77166764276442 -1.8279959177432963 1.604417648552753
946 -49.74989951144651 -1.7351018731048835 1.987879487097271
947 -50.69733990337217 -1.7471469623892264 1.8630180883902452
948 -51.48048029614823 -1.7443817834450606 1.3114203043085375
949 -51.91394462342667 -1.7336809853235928 0.47455042008813597
950 -51.91394462342667 -1.733680985323593 -0.4745504200881273
951 -51.48048029614824 -1.7443817834450608 -1.3114203043085304
952 -50.697339903372175 -1.7471469623892266 -1.8630180883902416
953 -49.752678315324054 -1.7351046659200071 -1.9881846737581954
954 -48.77214276282533 -1.827963249050939 -1.6047699891169982
955 -49.70515953675063 1.7610228901199032 1.9825454405618297
956 -50.69733990337214 1.7471469623893605 1.8630180883902554
957 -51.48048029614823 1.7443817834451292 1.3114203043085375
958 -51.91394462342668 1.733680985323593 0.4745504200881083
959 -51.91394462342668 1.7336809853235933 -0.4745504200880998
960 -48.32603938614006 6.064143637742725 1.5241561582586676
961 -48.18942367868378 7.06819399325226 1.5241561582586676
962 -48.03194952678389 8.069184931975492 1.5241561582586676
963 -47.853685091991196 9.066683182204857 1.5241561582586676
964 -47.65470753478041 10.060256984017807 1.5241561582586676
965 -47.43510298115196 11.049476276160988 1.5241561582586676
966 -47.194966485352936 12.033912882199077 1.5241561582587346
967 -46.934401988733214 13.013140695848406 1.5241561582587853
968 -46.65352227475566 13.986735865412477 1.524156158258684
969 -46.35244892017867 14.954276977245131 1.5241561582586676
970 -46.03131224243206 15.915345238154988 1.524156158258684
971 -45.69025124321029 16.869524656677857 1.5241561582587182
972 -45.329413548306746 17.81640222313474 1.5241561582586676
973 -44.94895534371503 18.755568088401066 1.5241561582586676
974 -44.549041308024684 19.68661574130637 1.5241561582587182
975 -44.129844541141296 20.609142184589864 1.5241561582587
976 -43.69154648936192 21.522748109334778 1.5241561582587688
977 -43.234336866836465 22.427038067806574 1.5241561582587
978 -42.758413573452415 23.3216206446195 1.5241561582587182
979 -42.26398260917439 24.20610862615771 1.5241561582587182
980 -41.751257984878784 25.080119168178637 1.5241561582587506
981 -41.220461629720944 25.943273961523335 1.5241561582588035
982 -40.67182329507433 26.795199395865552 1.5241561582587506
983 -40.10558045508501 27.635526721425908 1.5241561582587182
984 -39.52197820388172 28.46389220858303 1.5241561582586676
985 -38.9212691494894 29.279937305310956 1.5241561582586676
986 -38.30371330448925 30.08330879237579 1.5241561582587182
987 -37.66957797347412 30.873658936224142 1.5241561582587
988 -37.01913763734821 31.65064563949713 1.5241561582587853
989 -36.35267383451893 32.413932589104746 1.5241561582587346
990 -35.67047503903639 33.163189401796345 1.5241561582586676
991 -34.972836535728526 33.89809176716523 1.5241561582587346
992 -34.26006029238891 34.61832158802369 1.5241561582587853
993 -33.53245482907344 35.32356711808829 1.5241561582587
994 -32.79033508455872 36.01352309691884 1.5241561582587853
995 -32.03402228002282 36.6878908820465 1.5241561582587853
996 -31.26384378000806 37.34637857823956 1.5241561582587
997 -30.480132950722883 37.9887011638488 1.5241561582587853
998 -29.683229015746402 38.61458061417607 1.5241561582588035
999 -28.873476909198903 39.223746021815785 1.5241561582588035
1000 -28.051227126438956 39.81593371391517 1.5241561582588035
1001 -27.216835572353975 40.39088736630329 1.5241561582588035
1002 -26.3706634073096 40.948358114438925 1.5241561582588194
1003 -25.51307689082378 41.48810466112993 1.524156158258854
1004 -24.64444722303458 42.009893380976585 1.524156158258854
1005 -23.765150384027887 42.51349842149541 1.5241561582588194
1006 -22.87556697109839 42.998701800877015 1.5241561582588035
1007 -21.976082034009345 43.46529350233866 1.5241561582588035
1008 -21.067084908327985 43.91307156502779 1.5241561582588194
1009 -20.14896904690307 44.34184217144006 1.524156158258854
1010 -19.222131849563045 44.751419731311 1.524156158258854
1011 -18.2869744911033 45.14162696194821 1.5241561582588194
1012 -17.343901747641265 45.51229496496656 1.5241561582588194
1013 -16.393321821411057 45.86326329939477 1.5241561582589047
1014 -15.435646164077342 46.19438005112051 1.524156158258838
1015 -14.471289298640581 46.50550189864644 1.524156158258854
1016 -13.500668640013979 46.796494175124785 1.5241561582587506
1017 -12.524204314348522 47.06723092664796 1.5241561582588035
1018 -11.542318977183836 47.317594966765796 1.524156158258854
1019 -10.555437630505967 47.54747792720925 1.5241561582588035
1020 -9.563987438787391 47.75678030479724 1.5241561582588035
1021 -8.568397544092058 47.94541150450536 1.524156158258854
1022 -7.56909888032448 48.113289878679325 1.524156158258838
1023 -6.5665239867032215 48.26034276237585 1.5241561582588035
1024 -5.561106820539742 48.38650650481493 1.5241561582588035
1025 -4.553282569401541 48.49172649693081 1.524156158258854
1026 -3.5434874627466737 48.575957195008606 1.5241561582588035
1027 -2.532158583103048 48.63916214039845 1.5241561582588035
1028 -1.5197336768815544 48.68131397529547 1.5241561582587506
1029 -0.5066509649001221 48.70239445458217 1.5241561582587853
1030 0.5066510472971116 48.702394453725006 1.5241561582588035
1031 1.5197337592429676 48.68131397272437 1.5241561582588035
1032 2.532158665393231 48.63916213611441 1.5241561582588035
1033 3.5434875449298375 48.57595718901356 1.5241561582588035
1034 4.553282651442278 48.491726489227254 1.5241561582587853
1035 5.561106902402126 48.386506495406415 1.5241561582588035
1036 6.566524068352587 48.26034275126628 1.5241561582588194
1037 7.569098961724789 48.113289865873554 1.5241561582588194
1038 8.568397625208435 47.94541149000893 1.524156158258854
1039 9.56398751958463 47.75678028861641 1.5241561582588035
1040 10.555437710949102 47.54747790935104 1.5241561582588035
1041 11.542319057238025 47.31759494723788 1.5241561582588035
1042 12.52420439397898 47.06723090545894 1.5241561582588035
1043 14.471289377320844 46.5055018741632 -1.5241561582588532
1044 15.435646242231233 46.19438002500573 -1.5241561582588359
1045 16.393321899004732 45.86326327165969 -1.5241561582588532
1046 17.343901824641 45.51229493562334 -1.5241561582588012
1047 18.28697456747611 45.14162693100946 -1.5241561582588532
1048 19.222131925275647 44.75141969879003 -1.5241561582588186
1049 20.148969121922647 44.34184213735103 -1.5241561582588012
1050 21.067084982622013 43.91307152938559 -1.5241561582588186
1051 21.976082107545984 43.465293465158545 -1.5241561582588532
1052 24.64444729410878 42.009893339281945 -1.5241561582588012
1053 25.51307696101523 41.48810461796568 -1.5241561582588012
1054 26.37066347658782 40.948358069823925 -1.5241561582588532
1055 28.87347697555958 39.22374597296635 -1.5241561582589047
1056 31.263843843192703 37.346378525346 -1.5241561582589047
1057 33.53245488883597 35.323567061356314 -1.5241561582588532
1058 34.26006035095824 34.618321530060506 -1.5241561582588012
1059 34.9728365930793 33.89809170799634 -1.5241561582588532
1060 35.67047509514409 33.16318934144692 -1.5241561582588186
1061 36.35267388935899 32.41393252760095 -1.5241561582587853
1062 37.01913769089675 31.650645576865877 -1.5241561582588026
1063 38.92126919902739 29.279937239461407 -1.5241561582588532
1064 40.67182334040872 26.79519932705386 -1.5241561582589047
1065 41.22046167361388 25.943273891783253 -1.5241561582588186
1066 41.751258027311366 25.08011909754061 -1.5241561582588186
1067 42.26398265012839 24.206108554652143 -1.5241561582588532
1068 42.75841361291006 23.32162057227727 -1.52415615825887
1069 43.23433690478073 22.427037994658907 -1.52415615825887
1070 44.54904134133259 19.68661566593413 -1.5241561582589047
1071 46.93440201075054 13.013140616439253 -1.524156158258922
1072 48.03194954043673 8.06918485070862 -1.524156158258922
1073 48.610189807541474 3.0379874398608444 -1.5241561582588874
1074 48.662871048955 2.0260557945773803 -1.5241561582589047
1075 -48.61642956952109 2.9944507888985306 -1.52714979631727
1076 -48.53646798925021 4.048604196315727 -1.5241561582586654
1077 48.61018980754173 -3.037987439857306 -1.524156158258922
1078 -48.4417375160292 5.0574684614009415 -1.5241561582586654
1079 -48.32603938614005 6.064143637742725 -1.5241561582586654
1080 48.326039396400965 -6.06414355597435 -1.5241561582589047
1081 -48.189423678683774 7.06819399325226 -1.5241561582586654
1082 -48.03194952678388 8.069184931975492 -1.5241561582586654
1083 -47.853685091991196 9.066683182204855 -1.5241561582586654
1084 47.4351029998479 -11.049476195901047 -1.5241561582589047
1085 47.19496650571437 -12.03391280234568 -1.5241561582588874
1086 -47.6547075347804 10.060256984017807 -1.5241561582586654
1087 46.934402010751455 -13.013140616435825 -1.5241561582588874
1088 -47.43510298115196 11.049476276160986 -1.5241561582586654
1089 -47.194966485352936 12.033912882199077 -1.5241561582587333
1090 46.03131226936072 -15.9153451602711 -1.5241561582589047
1091 -46.934401988733214 13.013140695848406 -1.5241561582587853
1092 44.94895537544909 -18.755568012348856 -1.5241561582588532
1093 -46.65352227475566 13.986735865412477 -1.5241561582586827
1094 44.54904134133392 -19.686615665930933 -1.5241561582588359
1095 -46.35244892017867 14.95427697724513 -1.5241561582586654
1096 -46.03131224243206 15.915345238154988 -1.5241561582586827
1097 43.23433690478227 -22.427037994655905 -1.5241561582588532
1098 42.758413612911724 -23.321620572274075 -1.5241561582588012
1099 -45.69025124321029 16.869524656677857 -1.5241561582587173
1100 42.26398265013015 -24.20610855464906 -1.5241561582588532
1101 41.75125802731319 -25.080119097537573 -1.5241561582588186
1102 -45.329413548306746 17.81640222313474 -1.5241561582586654
1103 41.22046167361573 -25.94327389178028 -1.5241561582588012
1104 40.67182334041062 -26.795199327050753 -1.5241561582588012
1105 -44.94895534371503 18.755568088401066 -1.5241561582586654
1106 40.105580501843036 -27.635526653569293 -1.5241561582588012
1107 39.5219782520413 -28.463892141713963 -1.5241561582588012
1108 -44.549041308024684 19.68661574130637 -1.5241561582587173
1109 38.92126919902962 -29.279937239458363 -1.5241561582588012
1110 -44.129844541141296 20.609142184589864 -1.5241561582587
1111 38.30371335538859 -30.083308727568134 -1.5241561582588012
1112 37.66957802571068 -30.873658872489447 -1.5241561582588012
1113 -43.69154648936192 21.522748109334778 -1.524156158258768
1114 37.01913769089925 -31.650645576862942 -1.5241561582588012
1115 36.352673889361476 -32.41393252759818 -1.5241561582588012
1116 -43.234336866836465 22.427038067806574 -1.5241561582587
1117 35.67047509514661 -33.16318934144419 -1.5241561582588012
1118 -42.758413573452415 23.321620644619497 -1.5241561582587173
1119 33.53245488883877 -35.32356706135356 -1.5241561582587853
1120 -42.263982609174384 24.20610862615771 -1.5241561582587173
1121 -41.751257984878784 25.080119168178637 -1.5241561582587506
1122 31.26384384319568 -37.34637852534343 -1.5241561582588532
1123 -41.220461629720944 25.943273961523335 -1.5241561582588012
1124 30.480133014997055 -37.988701112278605 -1.5241561582588012
1125 29.683229081079542 -38.61458056395414 -1.5241561582588012
1126 -40.67182329507433 26.795199395865552 -1.5241561582587506
1127 28.873476975562784 -39.22374597296384 -1.5241561582588012
1128 28.051227193804742 -39.815933666454455 -1.5241561582588012
1129 -40.105580455085004 27.635526721425908 -1.5241561582587173
1130 27.216835640692537 -40.39088732025437 -1.5241561582588532
1131 26.370663476591215 -40.948358069821694 -1.5241561582588186
1132 -39.521978203881716 28.46389220858303 -1.5241561582586654
1133 25.513076961018726 -41.48810461796353 -1.5241561582588012
1134 -38.92126914948939 29.279937305310956 -1.5241561582586654
1135 24.644447294112364 -42.00989333927984 -1.5241561582588012
1136 23.765150455957865 -42.51349838128634 -1.5241561582588012
1137 -38.30371330448925 30.08330879237579 -1.5241561582587173
1138 -37.66957797347412 30.873658936224142 -1.5241561582587
1139 -37.01913763734821 31.65064563949713 -1.5241561582587853
1140 19.222131925279264 -44.751419698788474 -1.5241561582588186
1141 -36.35267383451893 32.413932589104746 -1.5241561582587333
1142 18.28697456747986 -45.14162693100788 -1.5241561582588012
1143 17.343901824644846 -45.512294935621874 -1.5241561582588012
1144 -35.67047503903639 33.163189401796345 -1.5241561582586654
1145 -34.972836535728526 33.89809176716523 -1.5241561582587333
1146 14.471289377324814 -46.50550187416197 -1.5241561582588532
1147 -34.26006029238891 34.61832158802369 -1.5241561582587853
1148 -33.53245482907344 35.32356711808829 -1.5241561582587
1149 -32.79033508455872 36.01352309691884 -1.5241561582587853
1150 9.563987519588704 -47.7567802886156 -1.5241561582588106
1151 8.568397625212395 -47.94541149000821 -1.5241561582588532
1152 -32.03402228002282 36.6878908820465 -1.5241561582587853
1153 7.569098961728893 -48.1132898658729 -1.5241561582588186
1154 6.566524068356578 -48.260342751265775 -1.5241561582588532
1155 -31.26384378000806 37.34637857823956 -1.5241561582587
1156 -30.480132950722883 37.9887011638488 -1.5241561582587853
1157 3.543487544933854 -48.57595718901332 -1.5241561582588532
1158 -29.683229015746402 38.61458061417607 -1.5241561582588012
1159 -28.873476909198903 39.223746021815785 -1.5241561582588012
1160 0.5066510473010919 -48.70239445372502 -1.5241561582588532
1161 -0.5066509648961859 -48.70239445458223 -1.5241561582588106
1162 -28.051227126438953 39.81593371391517 -1.5241561582588012
1163 -1.519733676877666 -48.68131397529569 -1.5241561582588359
1164 -27.216835572353975 40.39088736630329 -1.5241561582588012
1165 -4.553282569397794 -48.491726496931165 -1.5241561582588532
1166 -26.3706634073096 40.948358114438925 -1.5241561582588186
1167 -25.513076890823775 41.48810466112993 -1.5241561582588532
1168 -7.5690988803207215 -48.113289878679936 -1.5241561582588532
1169 -24.64444722303458 42.009893380976585 -1.5241561582588532
1170 -23.765150384027883 42.513498421495406 -1.5241561582588186
1171 -10.555437630502349 -47.5474779272101 -1.5241561582588532
1172 -11.542318977180168 -47.31759496676664 -1.5241561582588186
1173 -22.87556697109839 42.99870180087701 -1.5241561582588012
1174 -12.524204314344816 -47.067230926649 -1.5241561582588532
1175 -13.500668640010465 -46.796494175125886 -1.5241561582588106
1176 -21.976082034009345 43.46529350233866 -1.5241561582588012
1177 -14.471289298637052 -46.50550189864748 -1.5241561582588012
1178 -21.067084908327985 43.91307156502779 -1.5241561582588186
1179 -15.435646164073798 -46.19438005112164 -1.5241561582588012
1180 -20.14896904690307 44.34184217144006 -1.5241561582588532
1181 -18.286974491099777 -45.141626961949655 -1.5241561582588279
1182 -19.22213184956304 44.751419731311 -1.5241561582588532
1183 -19.222131849559474 -44.75141973131247 -1.5241561582588012
1184 -18.286974491103297 45.14162696194821 -1.5241561582588186
1185 -21.97608203400587 -43.46529350234041 -1.5241561582588012
1186 -17.343901747641265 45.51229496496656 -1.5241561582588186
1187 -22.875566971094916 -42.998701800878855 -1.5241561582588012
1188 -16.393321821411057 45.86326329939477 -1.5241561582589047
1189 -15.43564616407734 46.194380051120504 -1.5241561582588359
1190 -25.51307689082043 -41.48810466113198 -1.5241561582588532
1191 -26.37066340730621 -40.94835811444109 -1.5241561582588106
1192 -14.471289298640581 46.50550189864644 -1.5241561582588532
1193 -27.216835572350636 -40.39088736630554 -1.5241561582588012
1194 -28.0512271264357 -39.81593371391746 -1.5241561582588012
1195 -13.500668640013979 46.796494175124785 -1.5241561582587506
1196 -28.87347690919573 -39.22374602181811 -1.5241561582588012
1197 -12.524204314348522 47.06723092664796 -1.5241561582588026
1198 -11.542318977183836 47.317594966765796 -1.5241561582588532
1199 -31.263843780005192 -37.3463785782422 -1.5241561582588532
1200 -32.03402228002004 -36.68789088204897 -1.5241561582588106
1201 -10.555437630505967 47.54747792720924 -1.5241561582588012
1202 -32.79033508455592 -36.01352309692142 -1.5241561582588012
1203 -9.563987438787391 47.75678030479723 -1.5241561582588012
1204 -8.568397544092058 47.94541150450536 -1.5241561582588532
1205 -7.569098880324479 48.113289878679325 -1.5241561582588359
1206 -36.35267383451671 -32.41393258910734 -1.5241561582588026
1207 -37.01913763734603 -31.65064563949976 -1.5241561582588279
1208 -6.566523986703308 48.260342762375835 -1.5241561582588026
1209 -37.66957797347213 -30.87365893622681 -1.5241561582588279
1210 -38.30371330448733 -30.08330879237841 -1.5241561582588106
1211 -5.561106820539742 48.38650650481493 -1.5241561582588026
1212 -38.92126914948763 -29.27993730531358 -1.5241561582588012
1213 -4.55328256940154 48.49172649693081 -1.5241561582588532
1214 -3.5434874627466733 48.575957195008606 -1.5241561582588012
1215 -2.532158583103048 48.63916214039845 -1.5241561582588012
1216 -41.75125798487746 -25.080119168181067 -1.5241561582588532
1217 -42.263982609173155 -24.20610862616009 -1.5241561582588106
1218 -1.5197336768815544 48.68131397529547 -1.5241561582587506
1219 -42.7584135734513 -23.32162064462175 -1.5241561582588012
1220 -43.23433686683541 -22.42703806780885 -1.5241561582588012
1221 -0.5066509649001221 48.70239445458217 -1.5241561582587853
1222 -43.69154648936086 -21.522748109337005 -1.5241561582588012
1223 -44.12984454114041 -20.609142184592073 -1.5241561582588106
1224 0.5066510472971116 48.702394453725006 -1.5241561582588012
1225 1.5197337592429674 48.68131397272436 -1.5241561582588012
1226 -45.32941354830614 -17.81640222313669 -1.5241561582588012
1227 2.532158665393231 48.63916213611441 -1.5241561582588012
1228 -45.69025124320973 -16.869524656679676 -1.5241561582588012
1229 -46.03131224243157 -15.915345238156839 -1.5241561582588106
1230 3.5434875449298375 48.57595718901356 -1.5241561582588012
1231 4.553282651442278 48.491726489227254 -1.5241561582587853
1232 5.561106902402212 48.3865064954064 -1.5241561582588026
1233 -47.43510298115182 -11.049476276162288 -1.5241561582588012
1234 6.566524068352587 48.26034275126628 -1.5241561582588186
1235 7.569098961724789 48.113289865873554 -1.5241561582588186
1236 -48.031949526783926 -8.069184931976443 -1.5241561582588279
1237 -48.18942367868381 -7.0681939932530975 -1.5241561582588012
1238 8.568397625208434 47.94541149000893 -1.5241561582588532
1239 -48.32603938614016 -6.0641436377434355 -1.5241561582588279
1240 -48.44173751602931 -5.057468461401475 -1.5241561582588106
1241 9.56398751958463 47.75678028861641 -1.5241561582588012
1242 -48.53646798925034 -4.048604196316171 -1.5241561582588012
1243 -48.622149206179024 -2.9968051491702847 -1.5320807286814278
1244 10.5554377109491 47.54747790935104 -1.5241561582588012
1245 11.542319057238023 47.31759494723787 -1.5241561582588012
1246 12.52420439397898 47.06723090545894 -1.5241561582588012
1247 13.500668719186494 46.79649415228379 -1.5241561582588012
1248 13.500668719186494 46.79649415228379 1.5241561582588035
1249 15.435646242231234 46.19438002500573 1.524156158258838
1250 14.471289377320845 46.50550187416321 1.524156158258854
1251 16.393321899004732 45.86326327165969 1.524156158258854
1252 17.343901824641005 45.51229493562334 1.5241561582588035
1253 18.28697456747611 45.14162693100947 1.524156158258854
1254 19.222131925275647 44.75141969879003 1.5241561582588194
1255 20.14896912192265 44.34184213735103 1.5241561582588035
1256 21.067084982622013 43.91307152938559 1.5241561582588194
1257 21.976082107545988 43.465293465158545 1.524156158258854
1258 23.765150455954274 42.51349838128836 1.5241561582588035
1259 22.875567043845606 42.99870176217506 1.5241561582588035
1260 22.875567043845603 42.99870176217505 -1.5241561582588012
1261 23.76515045595427 42.51349838128836 -1.5241561582588012
1262 24.644447294108783 42.009893339281945 1.5241561582588035
1263 25.51307696101523 41.48810461796569 1.5241561582588035
1264 26.37066347658782 40.948358069823925 1.524156158258854
1265 27.216835640689176 40.39088732025659 1.5241561582588194
1266 28.05122719380136 39.81593366645686 1.5241561582588194
1267 27.216835640689176 40.39088732025659 -1.5241561582588186
1268 28.05122719380136 39.81593366645686 -1.5241561582588186
1269 28.87347697555958 39.22374597296635 1.5241561582589047
1270 29.68322908107647 38.61458056395654 1.5241561582588194
1271 30.480133014993935 37.98870111228114 1.5241561582588194
1272 29.68322908107647 38.61458056395653 -1.5241561582588186
1273 30.480133014993932 37.98870111228114 -1.5241561582588186
1274 31.263843843192703 37.346378525346 1.5241561582589047
1275 32.79033514548827 36.0135230414425 1.5241561582588194
1276 32.03402234209346 36.68789082784959 1.5241561582588194
1277 32.03402234209346 36.68789082784959 -1.5241561582588186
1278 32.79033514548827 36.0135230414425 -1.5241561582588186
1279 33.53245488883597 35.323567061356314 1.524156158258854
1280 34.26006035095825 34.618321530060506 1.5241561582588035
1281 34.9728365930793 33.89809170799634 1.524156158258854
1282 35.67047509514409 33.16318934144692 1.5241561582588194
1283 36.35267388935899 32.41393252760095 1.5241561582587853
1284 37.0191376908967 31.65064557686594 1.5241561582588035
1285 37.66957802570833 30.873658872492342 1.5241561582588194
1286 38.30371335538623 30.083308727571175 1.5241561582588194
1287 37.66957802570833 30.87365887249234 -1.5241561582588186
1288 38.30371335538623 30.083308727571175 -1.5241561582588186
1289 38.92126919902739 29.279937239461407 1.524156158258854
1290 39.52197825203916 28.46389214171705 1.524156158258854
1291 40.10558050184098 27.635526653572345 1.524156158258838
1292 39.52197825203916 28.46389214171705 -1.5241561582588532
1293 40.105580501840976 27.635526653572345 -1.5241561582588359
1294 40.67182334040872 26.79519932705386 1.5241561582589047
1295 41.22046167361388 25.943273891783253 1.5241561582588194
1296 41.751258027311366 25.08011909754061 1.5241561582588194
1297 42.2639826501284 24.206108554652143 1.524156158258854
1298 42.75841361291006 23.32162057227727 1.52415615825887
1299 43.23433690478073 22.427037994658907 1.52415615825887
1300 43.69154652577611 21.522748035413557 1.524156158258854
1301 44.1298445760099 20.609142109926957 1.524156158258838
1302 43.69154652577611 21.522748035413557 -1.5241561582588532
1303 44.1298445760099 20.609142109926957 -1.5241561582588359
1304 44.54904134133259 19.68661566593413 1.5241561582589047
1305 44.94895537544774 18.755568012351993 1.5241561582588194
1306 45.32941357845049 17.816402146441966 1.5241561582588194
1307 44.94895537544774 18.755568012351993 -1.5241561582588186
1308 45.32941357845049 17.816402146441966 -1.5241561582588186
1309 45.69025127175214 16.869524579374353 1.5241561582589047
1310 46.03131226935952 15.915345160274342 1.524156158258838
1311 45.69025127175214 16.869524579374353 -1.5241561582589047
1312 46.03131226935952 15.915345160274342 -1.5241561582588359
1313 46.352448945480255 14.95427689882093 1.5241561582589047
1314 46.65352229842021 13.986735786478688 1.524156158258838
1315 46.352448945480255 14.95427689882093 -1.5241561582589047
1316 46.6535222984202 13.986735786478688 -1.5241561582588359
1317 46.93440201075054 13.013140616439255 1.5241561582589234
1318 47.194966505713566 12.033912802349 1.5241561582589234
1319 47.43510299984705 11.049476195904397 1.524156158258838
1320 47.194966505713566 12.033912802349 -1.524156158258922
1321 47.43510299984705 11.049476195904397 -1.5241561582588359
1322 47.65470755180192 10.060256903389508 1.5241561582589047
1323 47.85368510733159 9.066683101239711 1.524156158258838
1324 47.65470755180192 10.060256903389508 -1.5241561582589047
1325 47.853685107331586 9.066683101239711 -1.5241561582588359
1326 48.03194954043673 8.06918485070862 1.5241561582589234
1327 48.189423690643046 7.068193911718603 1.5241561582589234
1328 48.32603939640046 6.064143555977774 1.524156158258838
1329 48.189423690643046 7.068193911718603 -1.524156158258922
1330 48.32603939640045 6.064143555977774 -1.5241561582588359
1331 48.44173752458645 5.057468379440068 1.5241561582589047
1332 48.44173752458645 5.057468379440068 -1.5241561582589047
1333 48.53646799610052 4.048604114194394 -1.5241561582588874
1334 48.610189807541474 3.0379874398608444 1.5241561582588887
1335 48.53646799610052 4.0486041141943945 1.5241561582588887
1336 48.662871048955 2.0260557945773803 1.5241561582589047
1337 48.7050297280472 1.7303502534121834e-12 1.5241561582588887
1338 48.694488917645685 1.0132471856573997 1.5241561582588887
1339 48.694488917645685 1.0132471856573997 -1.5241561582588874
1340 48.7050297280472 1.7303502534121834e-12 -1.5241561582588874
1341 48.694488917645785 -1.01324718565394 1.5241561582589047
1342 48.66287104895506 -2.026055794573919 1.524156158258838
1343 48.694488917645785 -1.01324718565394 -1.5241561582589047
1344 48.662871048955054 -2.026055794573919 -1.5241561582588359
1345 48.61018980754173 -3.0379874398573063 1.5241561582589234
1346 48.53646799610084 -4.048604114190992 1.5241561582589234
1347 48.441737524586735 -5.057468379436575 1.524156158258838
1348 48.53646799610084 -4.048604114190992 -1.524156158258922
1349 48.441737524586735 -5.057468379436575 -1.5241561582588359
1350 48.326039396400965 -6.06414355597435 1.5241561582589047
1351 48.1894236906435 -7.068193911715214 1.5241561582588887
1352 48.031949540437274 -8.069184850705117 1.5241561582588887
1353 48.1894236906435 -7.068193911715214 -1.5241561582588874
1354 48.031949540437274 -8.069184850705115 -1.5241561582588874
1355 47.85368510733233 -9.066683101236283 1.5241561582589047
1356 47.65470755180255 -10.060256903386103 1.524156158258838
1357 47.85368510733233 -9.066683101236283 -1.5241561582589047
1358 47.65470755180255 -10.060256903386103 -1.5241561582588359
1359 47.4351029998479 -11.049476195901047 1.5241561582589047
1360 47.194966505714376 -12.033912802345682 1.5241561582588887
1361 46.934402010751455 -13.013140616435827 1.5241561582588887
1362 46.653522298421294 -13.986735786475352 1.5241561582589047
1363 46.35244894548125 -14.954276898817614 1.524156158258838
1364 46.653522298421294 -13.986735786475352 -1.5241561582589047
1365 46.35244894548125 -14.954276898817612 -1.5241561582588359
1366 46.03131226936072 -15.9153451602711 1.5241561582589047
1367 45.32941357845183 -17.81640214643868 1.524156158258854
1368 45.69025127175326 -16.869524579371074 1.524156158258838
1369 45.690251271753255 -16.869524579371074 -1.5241561582588359
1370 45.32941357845183 -17.81640214643868 -1.5241561582588532
1371 44.948955375449096 -18.755568012348856 1.524156158258854
1372 44.54904134133392 -19.686615665930937 1.524156158258838
1373 44.12984457601146 -20.609142109923816 1.5241561582589047
1374 43.691546525777646 -21.522748035410405 1.524156158258838
1375 44.12984457601146 -20.609142109923816 -1.5241561582589047
1376 43.691546525777646 -21.522748035410405 -1.5241561582588359
1377 43.23433690478227 -22.427037994655905 1.524156158258854
1378 42.758413612911724 -23.321620572274078 1.5241561582588035
1379 42.26398265013015 -24.20610855464906 1.524156158258854
1380 41.75125802731319 -25.080119097537573 1.5241561582588194
1381 41.22046167361574 -25.94327389178028 1.5241561582588035
1382 40.671823340410626 -26.795199327050756 1.5241561582588035
1383 40.105580501843036 -27.635526653569293 1.5241561582588035
1384 39.52197825204131 -28.463892141713966 1.5241561582588035
1385 38.92126919902962 -29.279937239458366 1.5241561582588035
1386 38.30371335538859 -30.083308727568134 1.5241561582588035
1387 37.66957802571068 -30.87365887248945 1.5241561582588035
1388 37.01913769089925 -31.650645576862946 1.5241561582588035
1389 36.35267388936148 -32.413932527598185 1.5241561582588035
1390 35.67047509514661 -33.16318934144419 1.5241561582588035
1391 34.97283659308201 -33.898091707993494 1.5241561582588194
1392 34.260060350960885 -34.61832153005789 1.5241561582588035
1393 34.97283659308201 -33.898091707993494 -1.5241561582588186
1394 34.26006035096091 -34.618321530057855 -1.5241561582588026
1395 33.53245488883877 -35.32356706135356 1.5241561582587853
1396 32.79033514549124 -36.013523041439775 1.5241561582588035
1397 32.034022342096385 -36.687890827847035 1.5241561582588194
1398 32.790335145491234 -36.013523041439775 -1.5241561582588012
1399 32.034022342096385 -36.68789082784703 -1.5241561582588186
1400 31.26384384319568 -37.34637852534343 1.524156158258854
1401 30.480133014997058 -37.988701112278605 1.5241561582588035
1402 29.683229081079542 -38.61458056395414 1.5241561582588035
1403 28.873476975562788 -39.22374597296385 1.5241561582588035
1404 28.051227193804742 -39.815933666454455 1.5241561582588035
1405 27.216835640692537 -40.39088732025437 1.524156158258854
1406 26.370663476591215 -40.948358069821694 1.5241561582588194
1407 25.513076961018726 -41.488104617963536 1.5241561582588035
1408 24.644447294112364 -42.00989333927985 1.5241561582588035
1409 23.765150455957865 -42.51349838128635 1.5241561582588035
1410 22.8755670438492 -42.99870176217315 1.5241561582588035
1411 21.976082107549715 -43.46529346515662 1.5241561582588194
1412 22.8755670438492 -42.99870176217314 -1.5241561582588012
1413 21.976082107549715 -43.46529346515662 -1.5241561582588186
1414 21.06708498262574 -43.91307152938385 1.524156158258854
1415 21.06708498262574 -43.91307152938385 -1.5241561582588532
1416 20.148969121926417 -44.34184213734939 -1.5241561582588532
1417 19.222131925279264 -44.751419698788474 1.5241561582588194
1418 20.14896912192642 -44.34184213734939 1.524156158258854
1419 18.28697456747986 -45.14162693100788 1.5241561582588035
1420 17.343901824644846 -45.512294935621874 1.5241561582588035
1421 16.39332189900858 -45.863263271658255 1.5241561582588035
1422 15.435646242235165 -46.194380025004385 1.5241561582588106
1423 16.39332189900858 -45.86326327165825 -1.5241561582588012
1424 15.435646242235165 -46.194380025004385 -1.5241561582588106
1425 14.471289377324814 -46.50550187416197 1.524156158258854
1426 13.50066871919049 -46.79649415228264 1.5241561582588106
1427 12.524204393983037 -47.06723090545787 1.5241561582588106
1428 13.50066871919049 -46.79649415228264 -1.5241561582588106
1429 12.524204393983037 -47.06723090545787 -1.5241561582588106
1430 10.555437710953116 -47.54747790935016 1.5241561582588106
1431 11.542319057242032 -47.31759494723697 1.524156158258854
1432 11.542319057242032 -47.31759494723696 -1.5241561582588532
1433 10.555437710953116 -47.54747790935016 -1.5241561582588106
1434 9.563987519588704 -47.7567802886156 1.5241561582588106
1435 8.568397625212395 -47.94541149000822 1.524156158258854
1436 7.569098961728894 -48.11328986587291 1.5241561582588221
1437 6.566524068356578 -48.26034275126578 1.524156158258854
1438 4.553282651446286 -48.49172648922691 1.5241561582588106
1439 5.561106902406253 -48.386506495405946 1.5241561582588106
1440 5.561106902406253 -48.386506495405946 -1.5241561582588106
1441 4.553282651446286 -48.49172648922691 -1.5241561582588106
1442 3.5434875449338543 -48.57595718901333 1.524156158258854
1443 2.5321586653971626 -48.639162136114216 1.5241561582588106
1444 2.5321586653971626 -48.639162136114216 -1.5241561582588106
1445 1.519733759247032 -48.681313972724254 -1.5241561582588106
1446 0.5066510473010919 -48.70239445372502 1.524156158258854
1447 1.519733759247032 -48.681313972724254 1.5241561582588106
1448 -0.5066509648961859 -48.70239445458223 1.5241561582588106
1449 -1.5197336768776661 -48.68131397529569 1.524156158258838
1450 -2.532158583099292 -48.63916214039868 1.524156158258838
1451 -3.543487462742835 -48.5759571950089 1.5241561582588106
1452 -2.532158583099292 -48.63916214039868 -1.5241561582588359
1453 -3.543487462742835 -48.5759571950089 -1.5241561582588106
1454 -4.553282569397794 -48.491726496931165 1.524156158258854
1455 -6.566523986699536 -48.260342762376354 1.5241561582588106
1456 -5.561106820535919 -48.38650650481538 1.5241561582588106
1457 -5.561106820535919 -48.38650650481538 -1.5241561582588106
1458 -6.566523986699536 -48.260342762376354 -1.5241561582588106
1459 -7.569098880320722 -48.113289878679936 1.524156158258854
1460 -9.56398743878366 -47.75678030479799 1.5241561582588106
1461 -8.568397544088302 -47.945411504505984 1.5241561582588106
1462 -8.568397544088302 -47.945411504505984 -1.5241561582588106
1463 -9.56398743878366 -47.75678030479799 -1.5241561582588106
1464 -10.555437630502349 -47.5474779272101 1.524156158258854
1465 -11.542318977180168 -47.31759496676665 1.5241561582588221
1466 -12.524204314344816 -47.067230926649 1.524156158258854
1467 -13.500668640010465 -46.796494175125886 1.5241561582588106
1468 -14.471289298637053 -46.50550189864748 1.5241561582588035
1469 -15.435646164073798 -46.19438005112165 1.5241561582588035
1470 -16.39332182140743 -45.86326329939594 1.5241561582588035
1471 -17.343901747637542 -45.512294964967964 1.5241561582588106
1472 -16.39332182140743 -45.86326329939594 -1.5241561582588012
1473 -17.343901747637542 -45.512294964967964 -1.5241561582588106
1474 -18.286974491099777 -45.141626961949655 1.5241561582588288
1475 -19.222131849559474 -44.75141973131247 1.5241561582588035
1476 -21.06708490832439 -43.913071565029504 1.5241561582588106
1477 -20.148969046899516 -44.341842171441634 1.5241561582588288
1478 -20.148969046899516 -44.34184217144163 -1.5241561582588279
1479 -21.06708490832439 -43.913071565029504 -1.5241561582588106
1480 -21.97608203400587 -43.465293502340415 1.5241561582588035
1481 -22.875566971094916 -42.99870180087886 1.5241561582588035
1482 -24.644447223031083 -42.00989338097857 1.5241561582588106
1483 -23.765150384024516 -42.513498421497275 1.5241561582588035
1484 -23.765150384024516 -42.513498421497275 -1.5241561582588012
1485 -24.644447223031083 -42.00989338097857 -1.5241561582588106
1486 -25.51307689082043 -41.488104661131985 1.524156158258854
1487 -26.37066340730621 -40.94835811444109 1.5241561582588106
1488 -27.216835572350636 -40.39088736630554 1.5241561582588035
1489 -28.0512271264357 -39.81593371391747 1.5241561582588035
1490 -28.873476909195734 -39.22374602181811 1.5241561582588035
1491 -29.683229015743247 -38.61458061417849 1.5241561582588035
1492 -30.48013295071972 -37.98870116385137 1.5241561582588106
1493 -29.683229015743247 -38.61458061417849 -1.5241561582588012
1494 -30.48013295071972 -37.98870116385137 -1.5241561582588106
1495 -31.263843780005192 -37.3463785782422 1.524156158258854
1496 -32.03402228002004 -36.68789088204897 1.5241561582588106
1497 -32.79033508455592 -36.01352309692142 1.5241561582588035
1498 -34.26006029238642 -34.61832158802617 1.5241561582588035
1499 -33.532454829070836 -35.323567118090956 1.5241561582588106
1500 -33.532454829070836 -35.323567118090956 -1.5241561582588106
1501 -34.2600602923864 -34.6183215880262 -1.5241561582588026
1502 -35.67047503903415 -33.16318940179899 1.5241561582588035
1503 -34.97283653572593 -33.89809176716803 1.5241561582588035
1504 -34.97283653572597 -33.898091767168 -1.5241561582588026
1505 -35.670475039034116 -33.163189401799016 -1.5241561582588026
1506 -36.352673834516686 -32.413932589107375 1.5241561582588035
1507 -37.01913763734603 -31.65064563949976 1.5241561582588288
1508 -37.66957797347213 -30.873658936226814 1.5241561582588288
1509 -38.30371330448733 -30.08330879237841 1.5241561582588106
1510 -38.921269149487635 -29.279937305313585 1.5241561582588035
1511 -39.52197820388009 -28.46389220858559 1.5241561582588035
1512 -40.10558045508343 -27.63552672142839 1.5241561582588106
1513 -39.52197820388008 -28.463892208585587 -1.5241561582588012
1514 -40.10558045508343 -27.63552672142839 -1.5241561582588106
1515 -40.6718232950729 -26.795199395867858 1.5241561582588035
1516 -41.2204616297194 -25.943273961525794 1.5241561582588035
1517 -40.671823295072876 -26.7951993958679 -1.5241561582588026
1518 -41.220461629719416 -25.943273961525758 -1.5241561582588026
1519 -41.75125798487746 -25.080119168181067 1.524156158258854
1520 -42.263982609173155 -24.20610862616009 1.5241561582588106
1521 -42.7584135734513 -23.321620644621753 1.5241561582588035
1522 -43.23433686683542 -22.42703806780885 1.5241561582588035
1523 -43.69154648936086 -21.52274810933701 1.5241561582588035
1524 -44.12984454114041 -20.609142184592073 1.5241561582588106
1525 -44.54904130802391 -19.68661574130853 1.524156158258854
1526 -44.94895534371437 -18.755568088403088 1.5241561582588106
1527 -44.5490413080239 -19.68661574130853 -1.5241561582588532
1528 -44.94895534371437 -18.755568088403088 -1.5241561582588106
1529 -45.32941354830615 -17.81640222313669 1.5241561582588035
1530 -45.69025124320973 -16.869524656679676 1.5241561582588035
1531 -46.03131224243157 -15.915345238156839 1.5241561582588106
1532 -46.35244892017832 -14.954276977246707 1.5241561582588035
1533 -46.65352227475533 -13.986735865414055 1.5241561582588035
1534 -46.35244892017831 -14.954276977246742 -1.5241561582588026
1535 -46.653522274755325 -13.986735865414055 -1.5241561582588026
1536 -47.19496648535266 -12.033912882200525 1.5241561582588106
1537 -46.93440198873291 -13.013140695849764 1.524156158258854
1538 -46.93440198873291 -13.013140695849764 -1.5241561582588532
1539 -47.19496648535266 -12.033912882200525 -1.5241561582588106
1540 -47.43510298115183 -11.049476276162288 1.5241561582588035
1541 -47.654707534780314 -10.060256984019023 1.5241561582588035
1542 -47.85368509199114 -9.066683182205994 1.5241561582588106
1543 -47.65470753478031 -10.060256984019023 -1.5241561582588012
1544 -47.85368509199114 -9.066683182205994 -1.5241561582588106
1545 -48.031949526783926 -8.069184931976443 1.5241561582588288
1546 -48.18942367868381 -7.0681939932530975 1.5241561582588035
1547 -48.32603938614016 -6.0641436377434355 1.5241561582588288
1548 -48.44173751602931 -5.057468461401475 1.5241561582588106
1549 -48.53646798925035 -4.048604196316171 1.5241561582588035
1550 -48.6220723371905 -2.9968506557808627 1.5320186953224604
1551 -49.33137845888294 -2.582835857047555 1.9075468569485272
1552 -49.431250238058844 -3.6035877420940126 1.9515459028693796
1553 -49.245882037527615 -4.624096492512466 1.9264206635450294
1554 -49.13902563497733 -5.647594680145031 1.9264206635450556
1555 -49.01089975962607 -6.668648347157079 1.92642066354504
1556 -48.86155986983505 -7.686815537833643 1.92642066354504
1557 -48.499505764063656 -9.712729105030576 -1.926420663545028
1558 -48.69107060629831 -8.701655545850658 1.9264206635450556
1559 -48.499505764063656 -9.712729105030576 1.9264206635450294
1560 -48.286948260591515 -10.719598579476365 1.9264206635450352
1561 -47.79923233256193 -12.71898401775587 -1.9264206635450605
1562 -48.053490099863915 -11.721828152998684 1.9264206635450294
1563 -47.79923233256193 -12.718984017755872 1.926420663545061
1564 -47.52428501232584 -13.710634562024616 -1.9264206635450583
1565 -47.228767148120106 -14.696350557019239 -1.92642066354502
1566 -47.52428501232585 -13.710634562024662 1.9264206635450658
1567 -47.228767148120056 -14.696350557019224 1.9264206635450059
1568 -46.91280665272095 -15.675705342681802 1.9264206635450574
1569 -46.57654028734925 -16.648275012357416 1.9264206635450294
1570 -46.22011360247612 -17.613638596279763 1.9264206635450352
1571 -45.44740504057491 -19.521079404174593 -1.9264206635450605
1572 -45.84368087482098 -18.571378243784842 1.9264206635450294
1573 -45.447405040574914 -19.521079404174593 1.926420663545061
1574 -45.031457624874065 -20.46233100615213 1.926420663545061
1575 -44.596018667557225 -21.394725635750497 1.9264206635450294
1576 -44.14127664523634 -22.31785971268004 1.9264206635450352
1577 -43.667428389715504 -23.231333665014205 1.9264206635450352
1578 -43.17467900279424 -24.134752102141633 1.9264206635450294
1579 -42.66324176749054 -25.02772398590839 1.926420663545061
1580 -41.58519723248916 -26.780786716620636 -1.92642066354502
1581 -42.1333380557223 -25.909862799875796 1.9264206635450658
1582 -41.585197232489115 -26.780786716620607 1.9264206635450059
1583 -41.019056556592794 -27.64011876300826 -1.9264206635450498
1584 -40.43516107794079 -28.487486983360483 -1.926420663545028
1585 -41.01905655659284 -27.64011876300823 1.9264206635450574
1586 -40.4351610779408 -28.487486983360487 1.9264206635450294
1587 -39.833763531479676 -29.322524600455417 1.9264206635450352
1588 -39.21512422779933 -30.14487017428368 1.9264206635450294
1589 -38.57951094046012 -30.954167758495444 1.9264206635450556
1590 -37.927198790088546 -31.75006705446878 1.9264206635450458
1591 -37.258470125293854 -32.53222356293446 1.926420663545061
1592 -35.87292805043246 -34.05396010913642 -1.926420663545048
1593 -36.57361440045488 -33.3002987330892 1.9264206635450059
1594 -35.8729280504325 -34.053960109136455 1.9264206635450631
1595 -35.1567143622587 -34.79288147418523 -1.92642066354502
1596 -34.425283343862674 -35.516742991453064 -1.9264206635450498
1597 -35.15671436225866 -34.792881474185194 1.9264206635450059
1598 -34.42528334386272 -35.51674299145304 1.9264206635450574
1599 -33.67895158988453 -36.225231342703196 1.9264206635450294
1600 -32.918042144640914 -36.918039863863264 1.9264206635450294
1601 -32.14288436229655 -37.59486867776233 1.926420663545061
1602 -30.55117189418614 -38.89942238540363 -1.926420663545028
1603 -31.35381376430595 -38.255424823930284 1.926420663545061
1604 -30.55117189418614 -38.89942238540364 1.9264206635450294
1605 -29.73530616968106 -39.52658261248349 1.9264206635450352
1606 -28.906569732384472 -40.136634043389186 1.9264206635450352
1607 -28.06532129488558 -40.72931262175923 1.9264206635450352
1608 -27.211924985502502 -41.30436181094602 1.9264206635450294
1609 -26.34675019067219 -41.86153270505606 1.926420663545061
1610 -24.582568019486107 -42.92128278131363 -1.926420663545028
1611 -25.470171395063666 -42.400584136686646 1.926420663545061
1612 -24.58256801948611 -42.92128278131363 1.9264206635450294
1613 -23.684324256658215 -43.42340325828488 1.9264206635450352
1614 -22.77582890491346 -43.906728228373645 1.9264206635450352
1615 -20.929660644430378 -44.816163059047604 -1.9264206635450556
1616 -21.857475199911843 -44.371048487852875 1.9264206635450294
1617 -20.929660644430378 -44.816163059047604 1.9264206635450556
1618 -19.992786836306863 -45.24187927732613 1.92642066354504
1619 -19.04725929461156 -45.64801287449421 1.92642066354504
1620 -17.131883638168933 -46.400837589793476 -1.926420663545028
1621 -18.09348728412055 -46.034388058553894 1.9264206635450556
1622 -17.131883638168933 -46.40083758979348 1.9264206635450294
1623 -16.162864579958825 -46.74720285317685 1.9264206635450352
1624 -15.18684954239979 -47.073333926998046 1.9264206635450352
1625 -14.204260986560804 -47.379089647774144 1.9264206635450294
1626 -13.215524218810751 -47.664337671347006 1.926420663545061
1627 -12.221067206727442 -47.92895453016697 1.9264206635450556
1628 -11.221320393855839 -48.17282568673542 1.9264206635450556
1629 -9.207690400880185 -48.59791768695124 -1.9264206635450236
1630 -10.21671651339215 -48.39584558318144 1.926420663545061
1631 -9.207690400880187 -48.59791768695125 1.926420663545024
1632 -8.194678805994355 -48.77895453259275 1.926420663545061
1633 -6.158454603444795 -49.07761814639601 -1.9264206635450236
1634 -7.178120203496202 -48.93887775961278 1.926420663545061
1635 -6.158454603444795 -49.07761814639601 1.926420663545024
1636 -5.1361233607399015 -49.19511564016722 1.926420663545061
1637 -3.0852349444538616 -49.366187733748205 -1.926420663545028
1638 -4.111568984085508 -49.29131938298334 1.926420663545061
1639 -3.085234944453862 -49.36618773374821 1.9264206635450294
1640 -2.057565483130495 -49.41968828623668 1.9264206635450773
1641 -1.029005419429191 -49.45179788311985 1.9264206635450294
1642 4.18454418660856e-08 -49.462502625990965 1.926420663545061
1643 1.0290055031022285 -49.45179788137888 1.926420663545061
1644 2.05756556674906 -49.41968828275506 -1.9264206635450236
1645 2.05756556674906 -49.41968828275506 1.926420663545024
1646 3.0852350279818306 -49.36618772852808 1.926420663545061
1647 5.136123443978438 -49.19511563147672 -1.9264206635450236
1648 4.1115690674871 -49.2913193760265 1.926420663545061
1649 5.136123443978438 -49.19511563147672 1.926420663545024
1650 6.158454686484513 -49.077618135975996 1.926420663545061
1651 7.178120286301368 -48.938877747467295 1.9264206635450556
1652 8.19467888852871 -48.77895451872726 1.9264206635450556
1653 9.207690483108472 -48.59791767137185 1.926420663545061
1654 11.221320475364587 -48.172825667748896 -1.9264206635450605
1655 10.216716595278474 -48.39584556589451 1.926420663545024
1656 11.221320475364589 -48.172825667748896 1.926420663545061
1657 12.22106728782381 -47.92895450948879 -1.9264206635450605
1658 13.215524299459174 -47.664337648986105 -1.9264206635450236
1659 12.22106728782381 -47.92895450948879 1.926420663545061
1660 13.215524299459176 -47.664337648986105 1.926420663545024
1661 14.204261066726616 -47.379089623740526 1.926420663545061
1662 16.162864659055572 -46.74720282582913 -1.9264206635450356
1663 15.186849622048456 -47.07333390130178 1.9264206635450543
1664 16.162864659055572 -46.74720282582913 1.9264206635450365
1665 17.131883716679678 -46.40083756080616 1.9264206635450352
1666 18.093487362011214 -46.034388027939436 1.9264206635450352
1667 19.047259371848366 -45.648012842266034 1.926420663545024
1668 19.992786912856598 -45.24187924349825 1.9264206635450765
1669 20.929660720259786 -44.8161630236344 -1.9264206635450556
1670 20.92966072025979 -44.8161630236344 1.9264206635450565
1671 21.857475274988307 -44.371048450869885 -1.926420663545076
1672 22.77582897920419 -43.906728189836606 -1.9264206635450227
1673 21.857475274988307 -44.37104845086989 1.9264206635450765
1674 22.77582897920419 -43.906728189836606 1.926420663545024
1675 23.68432433013113 -43.42340321821071 1.9264206635450352
1676 24.582568092109444 -42.92128273971965 1.9264206635450352
1677 25.470171466805947 -42.400584093590716 1.9264206635450352
1678 26.34675026150215 -41.86153266047704 1.926420663545024
1679 27.211925055389923 -41.30436176490335 1.9264206635450765
1680 28.065321363800134 -40.72931257427236 1.926420663545045
1681 28.906569800296136 -40.13663399447892 1.9264206635450352
1682 29.735306236560515 -39.52658256217099 1.9264206635450352
1683 30.55117196000448 -38.89942233371069 1.9264206635450352
1684 31.353813829034554 -38.255424770879216 1.926420663545045
1685 32.9180422071067 -36.91803980816549 -1.9264206635450227
1686 32.142884425907546 -37.59486862337623 1.9264206635450765
1687 32.9180422071067 -36.918039808165496 1.926420663545024
1688 33.67895165117816 -36.22523128571798 1.926420663545045
1689 35.156714421128754 -34.79288141469979 -1.9264206635450658
1690 34.425283403957216 -35.516742933204974 1.9264206635449885
1691 35.15671442112876 -34.79288141469985 1.92642066354508
1692 35.872928108052136 -34.0539600484389 1.926420663545024
1693 36.573614456799476 -33.30029867120628 1.9264206635450352
1694 37.258470180338726 -32.53222349989258 1.9264206635450352
1695 37.92719884380999 -31.75006699029551 1.9264206635450352
1696 38.57951099283484 -30.954167693218476 1.9264206635450352
1697 39.215124278804744 -30.14487010793134 1.9264206635450352
1698 39.83376358109369 -29.322524533056285 1.9264206635450352
1699 40.435161126141956 -28.487486914943755 1.9264206635450352
1700 41.01905660336013 -27.640118693603533 1.9264206635450352
1701 41.585197277802564 -26.780786646258086 1.9264206635450352
1702 42.133338099561975 -25.909862728585612 1.926420663545024
1703 42.66324180983765 -25.02772391372192 1.9264206635450765
1704 43.174679043630555 -24.134752029089622 1.926420663545045
1705 43.66742842902317 -23.23133359112852 1.926420663545045
1706 44.59601870375748 -21.394725560293615 -1.9264206635450765
1707 44.14127668299852 -22.31785963799252 1.9264206635450658
1708 44.59601870375749 -21.394725560293615 1.9264206635450773
1709 45.03145765949672 -20.46233092995819 1.9264206635450773
1710 45.44740507360482 -19.521079327277043 1.9264206635450658
1711 46.220113632278775 -17.613638518074648 -1.9264206635450658
1712 45.843680906244096 -18.57137816621674 1.9264206635450565
1713 46.220113632278775 -17.613638518074648 1.9264206635450658
1714 46.576540315518535 -16.648274933549285 1.9264206635450773
1715 47.22876717298676 -14.696350477107451 -1.9264206635450765
1716 46.912806679244596 -15.675705263304504 1.9264206635450773
1717 47.228767172986764 -14.696350477107451 1.9264206635450773
1718 47.52428503552463 -13.710634481612521 1.926420663545088
1719 47.799232354082825 -12.718983936878695 1.9264206635450982
1720 48.053490119697706 -11.721828071691181 1.926420663545088
1721 48.49950578049799 -9.712729022968302 -1.9264206635450765
1722 48.28694827872951 -10.719598497773617 1.9264206635450773
1723 48.49950578049799 -9.712729022968304 1.9264206635450773
1724 48.69107062102186 -8.701655463464068 -1.9264206635450876
1725 48.861559882841554 -7.6868154551585715 -1.9264206635450978
1726 48.691070621021865 -8.70165546346407 1.926420663545088
1727 48.861559882841554 -7.6868154551585715 1.9264206635450982
1728 49.01089977090979 -6.6686482642291995 1.926420663545088
1729 49.245882045351856 -4.62409640918709 -1.9264206635450658
1730 49.13902564453332 -5.647594597000238 1.9264206635450773
1731 49.245882045351856 -4.62409640918709 1.9264206635450658
1732 49.33142272134348 -3.598596714596938 1.9264206635451413
1733 49.438418038569814 -1.5433689998776856 -1.9264206635450765
1734 49.395610646842705 -2.5715393933758706 1.9264206635450658
1735 49.438418038569814 -1.5433689998776858 1.9264206635450773
1736 49.45982636765379 -0.5145305702400008 -1.9264206635450876
1737 49.45982636765379 0.5145305702435156 -1.9264206635450978
1738 49.45982636765379 -0.5145305702400008 1.926420663545088
1739 49.4598263676538 0.5145305702435156 1.9264206635450982
1740 49.43841803856974 1.5433689998811118 1.926420663545088
1741 49.3956106468426 2.571539393379604 1.926420663545088
1742 49.33142272134307 3.598596714600432 1.9264206635450982
1743 49.245882045351614 4.624096409190421 -1.9264206635450876
1744 49.245882045351614 4.624096409190421 1.926420663545088
1745 49.139025644532886 5.647594597003947 -1.9264206635450765
1746 49.01089977090926 6.668648264232542 -1.9264206635450658
1747 49.139025644532886 5.647594597003947 1.9264206635450773
1748 49.01089977090926 6.668648264232542 1.9264206635450658
1749 48.86155988284116 7.68681545516211 1.9264206635451413
1750 48.49950578049734 9.712729022971578 -1.9264206635450765
1751 48.69107062102114 8.701655463467729 1.9264206635450658
1752 48.49950578049734 9.71272902297158 1.9264206635450773
1753 48.286948278728694 10.719598497777259 -1.9264206635450765
1754 48.053490119696825 11.72182807169445 -1.9264206635450658
1755 48.2869482787287 10.71959849777726 1.9264206635450773
1756 48.053490119696825 11.72182807169445 1.9264206635450658
1757 47.79923235408207 12.718983936882127 1.9264206635451413
1758 47.22876717298577 14.696350477110634 -1.9264206635450765
1759 47.524285035523526 13.710634481616086 1.9264206635450658
1760 47.22876717298577 14.696350477110636 1.9264206635450773
1761 46.912806679243424 15.675705263308 -1.9264206635450765
1762 46.5765403155174 16.64827493355243 -1.9264206635450765
1763 46.912806679243424 15.675705263308 1.9264206635450773
1764 46.576540315517406 16.64827493355243 1.9264206635450773
1765 46.22011363227752 17.61363851807817 -1.9264206635450867
1766 45.84368090624261 18.57137816621998 -1.926420663545013
1767 46.22011363227752 17.61363851807817 1.926420663545088
1768 45.84368090624261 18.57137816621998 1.9264206635450125
1769 45.44740507360356 19.521079327280184 1.926420663545088
1770 44.596018703755966 21.394725560296685 -1.9264206635450658
1771 45.03145765949517 20.46233092996159 1.9264206635450773
1772 44.596018703755966 21.394725560296685 1.9264206635450658
1773 44.141276682996875 22.31785963799562 1.926420663545045
1774 43.667428429021776 23.231333591131712 1.9264206635451195
1775 43.174679043628736 24.134752029092883 1.926420663545045
1776 42.66324180983583 25.027723913725026 1.9264206635450765
1777 42.13333809956006 25.90986272858862 1.9264206635450125
1778 41.585197277800845 26.780786646261113 1.926420663545088
1779 40.435161126139896 28.48748691494687 -1.9264206635450658
1780 41.01905660335812 27.64011869360678 1.9264206635450773
1781 40.435161126139896 28.48748691494687 1.9264206635450658
1782 39.83376358109151 29.322524533059372 1.9264206635450565
1783 38.57951099283235 30.954167693221436 -1.926420663545013
1784 39.21512427880248 30.144870107934537 1.9264206635450765
1785 38.57951099283235 30.954167693221432 1.9264206635450125
1786 37.927198843807595 31.75006699029861 1.92642066354508
1787 37.25847018033603 32.53222349989542 1.9264206635449885
1788 36.57361445679696 33.30029867120904 1.9264206635450343
1789 35.872928108049635 34.05396004844181 1.9264206635450765
1790 35.15671442112592 34.79288141470254 1.926420663545045
1791 34.425283403954644 35.51674293320774 1.926420663545045
1792 32.91804220710365 36.91803980816815 -1.926420663545013
1793 33.67895165117525 36.22523128572085 1.9264206635450765
1794 32.91804220710365 36.91803980816815 1.9264206635450125
1795 32.142884425904604 37.5948686233788 1.926420663545088
1796 30.55117196000126 38.899422333713126 -1.926420663545013
1797 31.353813829031452 38.255424770881945 1.926420663545088
1798 30.551171960001255 38.899422333713126 1.9264206635450125
1799 29.7353062365575 39.52658256217349 1.926420663545088
1800 28.065321363796585 40.729312574274665 -1.926420663545013
1801 28.906569800292754 40.1366339944816 1.926420663545088
1802 28.065321363796585 40.729312574274665 1.9264206635450125
1803 27.211925055386587 41.30436176490555 1.9264206635450765
1804 26.346750261498666 41.86153266047932 1.926420663545045
1805 25.470171466802377 42.40058409359286 1.9264206635450352
1806 23.684324330127428 43.423403218212734 -1.9264206635450338
1807 24.582568092105863 42.92128273972171 1.9264206635450352
1808 23.684324330127428 43.423403218212734 1.9264206635450352
1809 22.775828979200554 43.906728189838574 1.926420663545045
1810 21.857475274984363 44.37104845087184 1.9264206635450765
1811 20.929660720255917 44.816163023636086 1.926420663545024
1812 19.992786912852864 45.241879243499696 1.926420663545024
1813 19.047259371844785 45.648012842267725 1.9264206635450765
1814 18.093487362007263 46.03438802794103 1.926420663545045
1815 17.131883716675812 46.40083756080762 1.926420663545045
1816 16.16286465905158 46.74720282583063 1.9264206635450658
1817 15.186849622044372 47.07333390130314 1.9264206635450658
1818 14.204261066722514 47.3790896237417 1.926420663545045
1819 13.215524299455122 47.66433764898726 -1.9264206635450338
1820 12.221067287819615 47.92895450948976 -1.9264206635450338
1821 11.221320475360583 48.17282566774972 -1.9264206635450338
1822 -49.3319431826972 -2.582585052391274 -1.9077203345625913
1823 -49.431395658067096 -3.6034899208615077 -1.9515768225015955
1824 10.21671659527444 48.3958455658954 -1.9264206635450338
1825 -49.245882037527615 -4.624096492512465 -1.926420663545028
1826 -49.13902563497733 -5.647594680145031 -1.9264206635450556
1827 9.20769048310436 48.59791767137257 -1.926420663545045
1828 -49.01089975962607 -6.668648347157079 -1.9264206635450392
1829 -48.69107060629831 -8.701655545850658 -1.9264206635450556
1830 -48.86155986983504 -7.686815537833642 -1.9264206635450392
1831 8.194678888524523 48.778954518728035 -1.926420663545076
1832 7.178120286297216 48.93887774746775 -1.926420663545013
1833 -48.05349009986391 -11.721828152998683 -1.926420663545028
1834 -48.28694826059151 -10.719598579476365 -1.9264206635450338
1835 6.158454686480548 49.07761813597651 -1.9264206635450658
1836 5.136123443974322 49.19511563147707 -1.9264206635450019
1837 4.111569067483022 49.291319376026784 -1.9264206635450445
1838 -46.9128066527209 -15.675705342681832 -1.9264206635450498
1839 -46.57654028734925 -16.648275012357416 -1.926420663545028
1840 3.085235027977791 49.36618772852824 -1.9264206635450338
1841 -46.22011360247611 -17.613638596279763 -1.9264206635450338
1842 -45.843680874820976 -18.571378243784842 -1.926420663545028
1843 2.0575655667450232 49.41968828275527 -1.9264206635450338
1844 1.0290055030981418 49.45179788137886 -1.9264206635450338
1845 -45.03145762487406 -20.46233100615213 -1.9264206635450605
1846 -44.59601866755722 -21.394725635750497 -1.926420663545028
1847 4.184148802861804e-08 49.46250262599091 -1.9264206635450445
1848 -44.14127664523633 -22.317859712680036 -1.9264206635450338
1849 -43.6674283897155 -23.2313336650142 -1.9264206635450338
1850 -1.0290054194332734 49.45179788311964 -1.9264206635449912
1851 -43.17467900279424 -24.13475210214163 -1.926420663545028
1852 -42.1333380557223 -25.909862799875746 -1.9264206635450583
1853 -42.66324176749053 -25.027723985908388 -1.9264206635450605
1854 -2.0575654831343053 49.41968828623633 -1.9264206635450227
1855 -3.085234944457677 49.36618773374799 -1.9264206635450338
1856 -4.1115689840894 49.291319382982955 -1.926420663545045
1857 -39.83376353147967 -29.322524600455417 -1.9264206635450338
1858 -5.136123360743751 49.195115640166854 -1.9264206635450725
1859 -39.21512422779932 -30.144870174283678 -1.926420663545028
1860 -38.57951094046012 -30.954167758495444 -1.9264206635450556
1861 -6.1584546034486225 49.07761814639548 -1.9264206635450059
1862 -37.92719879008854 -31.750067054468776 -1.926420663545045
1863 -37.25847012529387 -32.53222356293441 -1.9264206635450534
1864 -36.573614400454915 -33.300298733089235 -1.92642066354502
1865 -7.178120203499979 48.93887775961221 -1.9264206635450556
1866 -8.194678805997997 48.778954532592145 -1.9264206635450658
1867 -9.207690400884042 48.597917686950595 -1.926420663545045
1868 -33.67895158988453 -36.22523134270319 -1.926420663545028
1869 -10.216716513396 48.39584558318054 -1.9264206635450338
1870 -32.91804214464091 -36.91803986386326 -1.926420663545028
1871 -32.14288436229655 -37.59486867776232 -1.9264206635450605
1872 -31.35381376430595 -38.25542482393028 -1.9264206635450605
1873 -11.221320393859385 48.172825686734555 -1.926420663545045
1874 -12.221067206731288 47.92895453016605 -1.9264206635450725
1875 -29.735306169681056 -39.52658261248348 -1.9264206635450338
1876 -13.215524218814329 47.66433767134576 -1.9264206635449947
1877 -28.90656973238447 -40.13663404338918 -1.9264206635450338
1878 -28.065321294885578 -40.72931262175922 -1.9264206635450338
1879 -14.20426098656426 47.37908964777313 -1.9264206635450343
1880 -27.211924985502502 -41.30436181094602 -1.926420663545028
1881 -26.34675019067219 -41.86153270505606 -1.9264206635450605
1882 -25.470171395063666 -42.400584136686646 -1.9264206635450605
1883 -15.186849542403415 47.07333392699699 -1.9264206635450658
1884 -16.162864579962406 46.74720285317577 -1.9264206635450765
1885 -23.684324256658215 -43.42340325828487 -1.9264206635450338
1886 -17.13188363817284 46.40083758979225 -1.9264206635450867
1887 -21.85747519991184 -44.37104848785287 -1.926420663545028
1888 -22.775828904913457 -43.90672822837364 -1.9264206635450338
1889 -18.093487284124173 46.0343880585523 -1.926420663545013
1890 -19.992786836306863 -45.24187927732612 -1.9264206635450392
1891 -19.047259294615095 45.64801287449287 -1.926420663545076
1892 -19.04725929461156 -45.648012874494206 -1.9264206635450392
1893 -18.09348728412055 -46.034388058553894 -1.9264206635450556
1894 -19.992786836310497 45.24187927732457 -1.9264206635450556
1895 -16.16286457995882 -46.747202853176844 -1.9264206635450338
1896 -20.929660644434076 44.816163059045955 -1.926420663545076
1897 -15.186849542399788 -47.07333392699804 -1.9264206635450338
1898 -21.857475199915424 44.371048487851084 -1.9264206635450227
1899 -14.204260986560802 -47.37908964777414 -1.926420663545028
1900 -13.215524218810751 -47.664337671347006 -1.9264206635450605
1901 -22.775828904917002 43.9067282283718 -1.9264206635450338
1902 -12.22106720672744 -47.92895453016696 -1.9264206635450547
1903 -11.221320393855839 -48.17282568673542 -1.9264206635450547
1904 -10.21671651339215 -48.39584558318144 -1.9264206635450605
1905 -23.684324256661665 43.42340325828294 -1.9264206635450227
1906 -24.582568019489628 42.92128278131182 -1.926420663545076
1907 -8.194678805994355 -48.77895453259275 -1.9264206635450605
1908 -7.178120203496202 -48.93887775961278 -1.9264206635450605
1909 -25.470171395067194 42.400584136684515 -1.9264206635450556
1910 -26.346750190675614 41.861532705053975 -1.926420663545076
1911 -5.1361233607399015 -49.19511564016722 -1.9264206635450605
1912 -4.111568984085508 -49.29131938298334 -1.9264206635450605
1913 -27.211924985505906 41.30436181094375 -1.9264206635450227
1914 -2.0575654831304946 -49.41968828623667 -1.926420663545076
1915 -28.065321294888875 40.729312621756954 -1.9264206635450338
1916 -1.029005419429191 -49.451797883119845 -1.926420663545028
1917 1.0290055031022283 -49.45179788137888 -1.9264206635450605
1918 4.18454418660856e-08 -49.462502625990965 -1.9264206635450605
1919 -28.906569732387787 40.1366340433868 -1.9264206635450338
1920 -29.735306169684282 39.52658261248105 -1.9264206635450338
1921 3.0852350279818306 -49.36618772852808 -1.9264206635450605
1922 4.111569067487099 -49.2913193760265 -1.9264206635450605
1923 -30.55117189418943 38.89942238540114 -1.9264206635450445
1924 -31.353813764309034 38.255424823927385 -1.926420663544981
1925 6.158454686484512 -49.077618135975996 -1.9264206635450605
1926 7.178120286301367 -48.938877747467295 -1.9264206635450547
1927 -32.142884362299135 37.59486867775975 -1.926420663544981
1928 8.19467888852871 -48.77895451872726 -1.9264206635450547
1929 10.216716595278472 -48.395845565894504 -1.9264206635450236
1930 9.207690483108472 -48.597917671371846 -1.9264206635450605
1931 -32.91804214464382 36.918039863860784 -1.9264206635450547
1932 -33.678951589887376 36.22523134270031 -1.926420663544981
1933 -34.4252833438651 35.51674299145037 -1.926420663544981
1934 14.204261066726614 -47.379089623740526 -1.9264206635450605
1935 15.186849622048454 -47.07333390130177 -1.9264206635450534
1936 -35.15671436226138 34.792881474182636 -1.926420663545045
1937 -35.87292805043482 34.053960109133406 -1.9264206635449486
1938 17.131883716679674 -46.40083756080615 -1.9264206635450338
1939 18.093487362011214 -46.03438802793943 -1.9264206635450338
1940 -36.57361440045703 33.300298733086535 -1.9264206635449486
1941 19.992786912856598 -45.241879243498246 -1.926420663545076
1942 19.047259371848366 -45.648012842266034 -1.9264206635450227
1943 -37.25847012529609 32.53222356293181 -1.926420663545045
1944 -37.927198790090685 31.75006705446586 -1.926420663544981
1945 -38.579510940461944 30.954167758492737 -1.9264206635449805
1946 23.684324330131126 -43.42340321821071 -1.9264206635450338
1947 24.582568092109444 -42.92128273971965 -1.9264206635450338
1948 -39.215124227801134 30.144870174280925 -1.9264206635449592
1949 25.470171466805944 -42.40058409359071 -1.9264206635450338
1950 -39.83376353148128 29.32252460045273 -1.926420663544949
1951 26.34675026150215 -41.86153266047704 -1.9264206635450227
1952 27.211925055389923 -41.30436176490335 -1.926420663545076
1953 -40.4351610779423 28.487486983357933 -1.9264206635449592
1954 28.065321363800134 -40.72931257427236 -1.926420663545045
1955 28.906569800296133 -40.13663399447892 -1.9264206635450338
1956 -41.01905655659423 27.640118763005738 -1.9264206635449912
1957 29.73530623656051 -39.52658256217099 -1.9264206635450338
1958 30.551171960004478 -38.89942233371068 -1.9264206635450338
1959 -41.58519723249067 26.780786716618316 -1.9264206635450227
1960 31.353813829034554 -38.255424770879216 -1.926420663545045
1961 32.142884425907546 -37.59486862337622 -1.926420663545076
1962 -42.133338055723755 25.90986279987314 -1.9264206635450227
1963 -42.663241767491726 25.027723985905865 -1.9264206635449912
1964 33.67895165117815 -36.225231285717975 -1.9264206635450445
1965 34.425283403957316 -35.51674293320494 -1.9264206635450019
1966 -43.174679002795365 24.13475210213919 -1.9264206635449703
1967 35.87292810805213 -34.0539600484389 -1.9264206635450227
1968 -43.66742838971655 23.23133366501182 -1.9264206635449805
1969 36.57361445679947 -33.30029867120627 -1.9264206635450338
1970 37.258470180338726 -32.53222349989258 -1.9264206635450338
1971 -44.14127664523727 22.317859712677848 -1.9264206635449912
1972 37.92719884380999 -31.750066990295508 -1.9264206635450338
1973 38.579510992834834 -30.954167693218473 -1.9264206635450338
1974 -44.596018667558205 21.39472563574814 -1.9264206635449912
1975 39.215124278804744 -30.144870107931336 -1.9264206635450338
1976 -45.031457624874776 20.462331006149853 -1.9264206635449805
1977 39.833763581093685 -29.32252453305628 -1.9264206635450338
1978 40.435161126141956 -28.48748691494375 -1.9264206635450338
1979 -45.44740504057546 19.52107940417239 -1.9264206635449592
1980 41.01905660336013 -27.640118693603533 -1.9264206635450338
1981 41.585197277802564 -26.780786646258083 -1.9264206635450338
1982 -45.84368087482149 18.57137824378282 -1.926420663544949
1983 42.13333809956197 -25.90986272858561 -1.9264206635450227
1984 42.66324180983765 -25.02772391372192 -1.926420663545076
1985 -46.22011360247653 17.6136385962779 -1.9264206635449592
1986 43.174679043630555 -24.134752029089622 -1.926420663545045
1987 43.66742842902317 -23.23133359112852 -1.926420663545045
1988 44.14127668299852 -22.31785963799252 -1.9264206635450658
1989 -46.57654028734978 16.64827501235551 -1.9264206635449912
1990 -46.912806652721116 15.67570534267996 -1.9264206635449383
1991 45.031457659496716 -20.46233092995819 -1.9264206635450765
1992 -47.228767148120305 14.696350557017597 -1.9264206635449383
1993 45.44740507360482 -19.521079327277043 -1.9264206635450658
1994 45.843680906244096 -18.571378166216736 -1.9264206635450556
1995 -47.52428501232599 13.710634562023198 -1.9264206635449912
1996 46.91280667924459 -15.675705263304502 -1.9264206635450765
1997 46.576540315518535 -16.64827493354928 -1.9264206635450765
1998 -47.79923233256224 12.718984017754456 -1.926420663545045
1999 -48.05349009986401 11.721828152997121 -1.9264206635449486
2000 47.52428503552463 -13.71063448161252 -1.9264206635450876
2001 -48.28694826059149 10.719598579475054 -1.926420663544949
2002 47.799232354082825 -12.718983936878695 -1.9264206635450978
2003 48.053490119697706 -11.721828071691181 -1.9264206635450876
2004 48.286948278729504 -10.719598497773617 -1.9264206635450765
2005 -48.499505764063606 9.712729105029357 -1.926420663544949
2006 -48.691070606298126 8.701655545849551 -1.926420663544949
2007 -48.861559869834856 7.6868155378327465 -1.926420663544949
2008 49.13902564453331 -5.6475945970002375 -1.9264206635450765
2009 49.01089977090979 -6.6686482642291995 -1.9264206635450876
2010 -49.01089975962586 6.66864834715625 -1.926420663544949
2011 -49.13902563497702 5.647594680144398 -1.926420663544949
2012 49.395610646842705 -2.5715393933758706 -1.9264206635450658
2013 49.33142272134347 -3.5985967145969378 -1.9264206635451404
2014 -49.24588203752737 4.624096492511979 -1.926420663544949
2015 -49.392216480796364 3.5548273288334684 -1.9415394009493077
2016 49.43841803856974 1.5433689998811118 -1.9264206635450876
2017 -49.32944704396803 2.5712827112591343 -1.9067473509872004
2018 49.33142272134307 3.598596714600432 -1.9264206635450978
2019 49.3956106468426 2.571539393379604 -1.9264206635450876
2020 48.861559882841156 7.68681545516211 -1.9264206635451404
2021 48.69107062102114 8.701655463467729 -1.9264206635450658
2022 47.79923235408207 12.718983936882127 -1.9264206635451404
2023 47.524285035523526 13.710634481616086 -1.9264206635450658
2024 45.03145765949517 20.462330929961585 -1.9264206635450765
2025 45.44740507360356 19.521079327280184 -1.9264206635450867
2026 44.141276682996875 22.31785963799562 -1.926420663545045
2027 43.667428429021776 23.231333591131712 -1.9264206635451187
2028 43.174679043628736 24.134752029092883 -1.926420663545045
2029 42.66324180983583 25.027723913725026 -1.926420663545076
2030 42.13333809956007 25.909862728588624 -1.926420663545013
2031 41.585197277800845 26.78078664626111 -1.9264206635450867
2032 41.01905660335812 27.64011869360678 -1.9264206635450765
2033 39.21512427880248 30.144870107934533 -1.926420663545076
2034 39.8337635810915 29.32252453305937 -1.9264206635450556
2035 37.927198843807595 31.75006699029855 -1.9264206635450658
2036 37.258470180336126 32.532223499895395 -1.9264206635450019
2037 36.57361445679695 33.30029867120904 -1.9264206635450338
2038 35.872928108049635 34.05396004844181 -1.926420663545076
2039 35.15671442112592 34.79288141470254 -1.926420663545045
2040 34.425283403954644 35.51674293320774 -1.926420663545045
2041 33.67895165117525 36.22523128572085 -1.926420663545076
2042 32.142884425904604 37.5948686233788 -1.9264206635450867
2043 31.35381382903145 38.255424770881945 -1.9264206635450867
2044 29.735306236557495 39.52658256217349 -1.9264206635450867
2045 28.90656980029275 40.13663399448159 -1.9264206635450867
2046 27.211925055386583 41.30436176490555 -1.926420663545076
2047 26.346750261498666 41.86153266047932 -1.926420663545045
2048 25.470171466802373 42.400584093592855 -1.9264206635450338
2049 24.582568092105863 42.921282739721704 -1.9264206635450338
2050 22.775828979200554 43.906728189838574 -1.926420663545045
2051 21.857475274984363 44.37104845087183 -1.926420663545076
2052 20.929660720255917 44.81616302363608 -1.9264206635450227
2053 19.99278691285286 45.24187924349969 -1.9264206635450227
2054 19.047259371844785 45.64801284226772 -1.926420663545076
2055 18.093487362007263 46.03438802794103 -1.926420663545045
2056 17.131883716675812 46.40083756080762 -1.926420663545045
2057 16.16286465905158 46.74720282583063 -1.9264206635450658
2058 14.204261066722514 47.3790896237417 -1.926420663545045
2059 15.186849622044372 47.07333390130314 -1.9264206635450658
2060 13.215524299455124 47.664337648987264 1.9264206635450352
2061 12.221067287819617 47.92895450948977 1.9264206635450352
2062 11.221320475360585 48.17282566774973 1.9264206635450352
2063 10.216716595274441 48.39584556589541 1.9264206635450352
2064 9.20769048310436 48.59791767137257 1.926420663545045
2065 8.194678888524523 48.77895451872804 1.9264206635450765
2066 7.178120286297216 48.93887774746775 1.9264206635450125
2067 6.158454686480468 49.07761813597658 1.92642066354508
2068 5.136123443974229 49.19511563147703 1.9264206635449885
2069 4.111569067483022 49.29131937602679 1.926420663545045
2070 3.0852350279777916 49.366187728528246 1.9264206635450352
2071 2.0575655667450232 49.419688282755274 1.9264206635450352
2072 1.029005503098142 49.451797881378866 1.9264206635450352
2073 4.184148802861804e-08 49.46250262599091 1.926420663545045
2074 -1.0290054194332734 49.45179788311964 1.9264206635449912
2075 -2.0575654831343053 49.41968828623633 1.926420663545024
2076 -3.0852349444576777 49.366187733748 1.9264206635450352
2077 -4.1115689840894 49.291319382982955 1.926420663545045
2078 -5.136123360743843 49.1951156401669 1.926420663545088
2079 -6.15845460344861 49.07761814639538 1.9264206635449779
2080 -7.178120203499987 48.93887775961226 1.9264206635450698
2081 -8.194678805997997 48.778954532592145 1.9264206635450658
2082 -9.207690400884042 48.597917686950595 1.926420663545045
2083 -10.216716513396001 48.395845583180545 1.9264206635450352
2084 -11.221320393859385 48.172825686734555 1.926420663545045
2085 -12.221067206731385 47.92895453016608 1.926420663545088
2086 -13.215524218814403 47.66433767134569 1.92642066354498
2087 -14.204260986564258 47.37908964777312 1.9264206635450334
2088 -15.186849542403415 47.07333392699699 1.9264206635450658
2089 -16.162864579962406 46.74720285317578 1.9264206635450773
2090 -17.13188363817284 46.40083758979226 1.926420663545088
2091 -18.09348728412417 46.0343880585523 1.9264206635450125
2092 -19.0472592946151 45.64801287449288 1.9264206635450765
2093 -19.9927868363105 45.24187927732458 1.9264206635450565
2094 -20.929660644434076 44.816163059045955 1.9264206635450765
2095 -21.857475199915424 44.371048487851084 1.926420663545024
2096 -22.775828904917006 43.9067282283718 1.9264206635450352
2097 -23.684324256661665 43.42340325828294 1.926420663545024
2098 -24.582568019489628 42.92128278131182 1.9264206635450765
2099 -25.470171395067197 42.400584136684515 1.9264206635450565
2100 -26.346750190675614 41.861532705053975 1.9264206635450765
2101 -27.21192498550591 41.30436181094375 1.926420663545024
2102 -28.06532129488888 40.72931262175696 1.9264206635450352
2103 -28.90656973238779 40.1366340433868 1.9264206635450352
2104 -29.735306169684286 39.52658261248105 1.9264206635450352
2105 -30.55117189418943 38.89942238540114 1.926420663545045
2106 -31.35381376430903 38.255424823927385 1.92642066354498
2107 -32.14288436229913 37.59486867775974 1.92642066354498
2108 -32.91804214464382 36.918039863860784 1.9264206635450556
2109 -33.678951589887376 36.22523134270031 1.92642066354498
2110 -34.42528334386509 35.516742991450364 1.92642066354498
2111 -35.15671436226138 34.792881474182636 1.926420663545045
2112 -35.87292805043483 34.053960109133406 1.9264206635449495
2113 -36.57361440045704 33.300298733086535 1.9264206635449495
2114 -37.25847012529609 32.53222356293181 1.926420663545045
2115 -37.927198790090685 31.750067054465855 1.92642066354498
2116 -38.579510940461944 30.95416775849274 1.926420663544981
2117 -39.21512422780114 30.144870174280925 1.9264206635449597
2118 -39.83376353148128 29.322524600452734 1.9264206635449495
2119 -40.4351610779423 28.487486983357936 1.9264206635449597
2120 -41.01905655659423 27.640118763005738 1.9264206635449912
2121 -41.58519723249068 26.780786716618316 1.926420663545024
2122 -42.133338055723755 25.90986279987314 1.926420663545024
2123 -42.663241767491726 25.027723985905865 1.9264206635449912
2124 -43.174679002795365 24.13475210213919 1.9264206635449703
2125 -43.66742838971655 23.23133366501182 1.926420663544981
2126 -44.14127664523727 22.317859712677848 1.9264206635449912
2127 -44.596018667558205 21.39472563574814 1.9264206635449912
2128 -45.031457624874776 20.462331006149853 1.926420663544981
2129 -45.44740504057546 19.52107940417239 1.9264206635449597
2130 -45.84368087482149 18.571378243782824 1.9264206635449495
2131 -46.22011360247653 17.6136385962779 1.9264206635449597
2132 -46.576540287349786 16.64827501235551 1.9264206635449925
2133 -46.91280665272112 15.67570534267996 1.9264206635449388
2134 -47.228767148120305 14.696350557017597 1.9264206635449388
2135 -47.52428501232599 13.710634562023198 1.9264206635449912
2136 -47.79923233256224 12.718984017754456 1.926420663545045
2137 -48.05349009986401 11.721828152997123 1.9264206635449495
2138 -48.28694826059149 10.719598579475054 1.9264206635449495
2139 -48.499505764063606 9.712729105029359 1.9264206635449495
2140 -48.691070606298126 8.701655545849551 1.9264206635449495
2141 -48.861559869834856 7.6868155378327465 1.9264206635449495
2142 -49.010899759625865 6.66864834715625 1.9264206635449495
2143 -51.93444645149363 2.6102244686886102 3.552713678800501e-15
2144 -51.72147027304112 2.616876998363275 0.8968734810420069
2145 -51.07084416611983 2.660042461553609 1.6432395310657415
2146 -50.1813684681627 2.6692407470200976 1.9840211766975204
2147 -49.30983653096519 2.6353217130958617 1.9015407801346593
2148 -50.19115134201245 -2.670076200609944 -1.982748516976125
2149 -51.07141364159489 -2.6609999883582587 -1.6428102333023955
2150 -51.721470273041064 -2.6168769983632494 -0.896873481042118
2151 -51.93444645149363 -2.610224468688678 3.552713678800501e-15
2152 -51.721470273041064 -2.6168769983632494 0.8968734810421259
2153 -51.072194144248705 -2.661069249932108 1.6422662439396576
2154 -50.189619736899736 -2.6696704514218914 1.982952944113301
2155 -49.423835806606746 3.6132057959533754 1.9500328169947543
2156 -49.13902563497702 5.647594680144399 1.9264206635449495
2157 -49.24588203752737 4.624096492511979 1.9264206635449495
2158 -50.18813967207369 2.6591013067733074 -1.9832197207038584
2159 -51.72147027304113 2.6168769983632756 -0.8968734810419989
2160 -51.07765681427485 2.6543679219003184 -1.6387047339356342
2161 -50.44636389336463 3.549327754835879 1.9167358667770227
2162 -50.477088778558496 3.5175891366173886 -1.908033944676725
2163 -50.456062705778386 -3.563446657238103 -1.9135251857673734
2164 -50.455919125569444 -3.563039969534781 1.913577429198162
2165 -51.38433969330215 3.5097042824577023 -1.3182556159831407
2166 -50.069779756541266 5.293958965058757 1.9693371422759238
2167 -51.38186235825849 -3.496979441637496 1.322053469044263
2168 -51.828741018489104 -3.49703278608547 0.4591394773650629
2169 -51.830480701983774 -3.496223239048987 -0.451952271851349
2170 -51.382466429553915 -3.4966373844481957 -1.321395414869111
2171 -51.38505318017514 3.486540250751067 1.3192378499347588
2172 -51.82980911473823 3.49613589883303 0.4548562750664159
2173 -51.82981058732341 3.4964614148775115 -0.45475616472800373
2174 -49.92702774235877 6.265042024570765 1.9744646998981272
2175 -49.785886107272326 7.3023554603709036 1.9744646998981272
2176 -49.62319501049552 8.33650812428273 1.9744646998981272
2177 -49.43902487169612 9.36705239078513 1.9744646998981272
2178 -49.23345540759021 10.393542196225779 1.9744646998981272
2179 -49.006575597437504 11.415533231896465 1.974464699898144
2180 -48.75848364452791 12.432583136349106 1.974464699898082
2181 -48.48928693367281 13.44425168686991 1.9744646998980353
2182 -48.19910198472645 14.450100990022001 1.9744646998981343
2183 -47.88805440215213 15.449695671190561 1.9744646998981499
2184 -47.55627882065204 16.44260306302833 1.9744646998981175
2185 -47.203918846892996 17.428393392733206 1.974464699898086
2186 -46.831126997347894 18.406639968070486 1.9744646998981321
2187 -46.43806463228051 19.37691936206668 1.9744646998981321
2188 -46.02490188590015 20.338811596285154 1.974464699898097
2189 -45.59181759272093 21.291900322610253 1.9744646998981135
2190 -45.13899921015594 22.235773003461752 1.9744646998980682
2191 -44.66664273737495 23.170021090357654 1.9744646998981135
2192 -44.17495263047099 24.094240200752548 1.9744646998981028
2193 -43.664141713959765 25.008030293070885 1.9744646998981086
2194 -43.13443108866213 25.910995839862764 1.9744646998980833
2195 -42.58605003600121 26.802745999004465 1.974464699898049
2196 -42.01923591875975 27.682894782871568 1.9744646998980833
2197 -41.434234078340495 28.551061225411612 1.9744646998981028
2198 -40.83129772857027 29.406869547042064 1.9744646998981321
2199 -40.2106878460991 30.249949317304228 1.9744646998981321
2200 -39.57267305743814 31.07993561520082 1.974464699898097
2201 -38.917529522685975 31.896469187149336 1.9744646998981246
2202 -38.24554081599704 32.699196602483276 1.9744646998980477
2203 -37.55699780283421 33.487770406430975 1.974464699898082
2204 -36.85219851407579 34.26184927050829 1.9744646998981605
2205 -36.131448017010364 35.02109814026404 1.974464699898082
2206 -35.39505828328989 35.7651883803016 1.9744646998980477
2207 -34.64334805390016 36.4937979165258 1.9744646998981419
2208 -33.876642701192516 37.206611375556456 1.9744646998980522
2209 -33.09527408804656 37.90332022122892 1.9744646998980522
2210 -32.2995804242319 38.583622888143445 1.9744646998981419
2211 -31.489906120011778 39.24722491219964 1.9744646998980646
2212 -30.66660163706704 39.89383905804738 1.9744646998980482
2213 -29.83002333680543 40.52318544341728 1.9744646998980593
2214 -28.980533326109903 41.13499166026627 1.9744646998980593
2215 -28.11849930060397 41.72899289268637 1.9744646998980704
2216 -27.24429438549791 42.30493203152884 1.97446469989805
2217 -26.358296974082798 42.862559785692014 1.9744646998980242
2218 -25.460890563948027 43.401634790024055 1.9744646998980242
2219 -24.55246359098452 43.92192370979814 1.97446469989805
2220 -23.633409261255892 44.423201341707916 1.9744646998980704
2221 -22.70412538079871 44.905250711346746 1.9744646998980704
2222 -21.765014183438225 45.367863167121726 1.97446469989805
2223 -20.816482156681374 45.81083847056863 1.9744646998980242
2224 -19.8589398657748 46.23398488302198 1.9744646998980242
2225 -18.89280177599182 46.63711924860948 1.974464699898062
2226 -17.91848607323684 47.020067073528885 1.9744646998980673
2227 -16.936414483032355 47.38266260157736 1.9744646998979891
2228 -15.94701208798311 47.72474888589432 1.9744646998980455
2229 -14.950707143779328 48.046177856900435 1.974464699898025
2230 -13.94793089382946 48.34681038638292 1.974464699898118
2231 -12.939117382601053 48.62651634772136 1.9744646998980597
2232 -11.924703267743658 48.88517467220752 1.9744646998980069
2233 -10.905127631091487 49.122673401450214 1.9744646998980646
2234 -9.880831788604281 49.338909735838776 1.9744646998980646
2235 -8.852259099348784 49.53379007903551 1.9744646998980309
2236 -7.8198547735943515 49.70723007848917 1.9744646998980229
2237 -6.784065680106421 49.85915466194678 1.9744646998980824
2238 -5.745340152724294 49.9894980699489 1.974464699898078
2239 -4.7041277962974615 50.09820388429187 1.9744646998980069
2240 -3.660879292085949 50.18522505244662 1.9744646998980646
2241 -2.6160462026792275 50.2505239079295 1.974464699898054
2242 -1.5700807765434068 50.294072186601134 1.9744646998981006
2243 -0.5234357522690918 50.31585103890405 1.9744646998980695
2244 0.523435837395625 50.31585103801862 1.9744646998980482
2245 1.570080861633458 50.29407218394505 1.9744646998980593
2246 2.6160462876955917 50.250523903503506 1.9744646998980593
2247 3.6608793769918475 50.18522504625305 1.9744646998980482
2248 4.704127881056347 50.09820387633266 1.9744646998980873
2249 5.745340237298169 49.98949806022887 1.9744646998980593
2250 6.784065764461122 49.85915465046934 1.9744646998980446
2251 7.819854857691242 49.707230065258955 1.974464699898062
2252 8.852259183152471 49.53379006405891 1.9744646998980184
2253 9.880831872078245 49.3389097191219 1.9744646998980646
2254 10.90512771419962 49.12267338300042 1.9744646998980593
2255 11.924703350449981 48.88517465203238 1.9744646998980593
2256 12.939117464869234 48.62651632583049 1.9744646998980593
2257 14.950707225066262 48.046177831606045 -1.9744646998980304
2258 15.947012168726253 47.724748858914396 -1.974464699898041
2259 16.936414563196642 47.382662572923245 -1.9744646998980304
2260 17.918486152787242 47.02006704321366 -1.9744646998980704
2261 18.892801854894948 46.63711921664593 -1.9744646998980189
2262 19.8589399439958 46.233984849423436 -1.9744646998980508
2263 20.816482234186147 45.81083843535 -1.9744646998980833
2264 21.765014260193134 45.367863130298936 -1.9744646998980508
2265 22.704125456771738 44.90525067293508 -1.9744646998980189
2266 25.460890637376757 43.40163474694798 -1.9744646998980602
2267 26.35829704659947 42.86255974109764 -1.9744646998980655
2268 27.244294457071142 42.304931985436056 -1.9744646998980189
2269 29.830023405364788 40.52318539294983 -1.974464699897978
2270 32.29958048951027 38.58362283349816 -1.974464699897978
2271 34.64334811564299 36.49379785791475 -1.9744646998980189
2272 35.39505834379959 35.76518832041793 -1.9744646998980704
2273 36.131448076261016 35.02109807913541 -1.9744646998980189
2274 36.85219857204281 34.26184920815981 -1.9744646998980389
2275 37.55699785949133 33.487770342889206 -1.974464699898086
2276 38.24554087131931 32.6991965377773 -1.9744646998980597
2277 40.21068789727859 30.249949249273424 -1.9744646998980242
2278 42.01923596559639 27.68289471178036 -1.97446469989799
2279 42.586050081348304 26.80274592695367 -1.9744646998980673
2280 43.13443113250037 25.91099576688483 -1.974464699898062
2281 43.66414175627078 25.00803021919656 -1.9744646998980357
2282 44.17495267123604 24.094240126014068 -1.9744646998980144
2283 44.666642776576744 23.170021014786634 -1.9744646998980144
2284 46.02490192031187 20.338811518416172 -1.97446469989799
2285 48.489286956419676 13.444251604830146 -1.9744646998979851
2286 49.62319502460118 8.336508040323936 -1.9744646998979851
2287 50.220591753656585 3.138632611270279 -1.9744646998980162
2288 50.27501826646347 2.0931767872631366 -1.9744646998980113
2289 50.220591753657025 -3.13863261126641 -1.9744646998979851
2290 -50.087527812418685 5.201382368886402 -1.9679025661250211
2291 -49.92702774235877 6.265042024570765 -1.9744646998981272
2292 49.92702775296008 -6.265041940093464 -1.9744646998980064
2293 -49.785886107272326 7.3023554603709036 -1.9744646998981272
2294 -49.62319501049552 8.33650812428273 -1.9744646998981272
2295 -49.43902487169612 9.36705239078513 -1.9744646998981272
2296 49.00657561675337 -11.41553314897773 -1.9744646998980064
2297 48.75848366556403 -12.432583053850655 -1.9744646998980162
2298 -49.23345540759021 10.393542196225779 -1.9744646998981272
2299 48.48928695642054 -13.444251604826302 -1.9744646998980162
2300 -49.006575597437504 11.415533231896465 -1.974464699898144
2301 -48.75848364452791 12.432583136349106 -1.974464699898082
2302 47.55627884847319 -16.442602982564548 -1.974464699898001
2303 -48.48928693367281 13.44425168686991 -1.9744646998980353
2304 46.43806466506621 -19.376919283495173 -1.9744646998980353
2305 -48.19910198472645 14.450100990022001 -1.9744646998981343
2306 46.024901920313035 -20.338811518412676 -1.9744646998980464
2307 -47.88805440215213 15.44969567119056 -1.9744646998981499
2308 -47.55627882065204 16.44260306302833 -1.974464699898118
2309 44.66664277657814 -23.170021014783735 -1.9744646998980304
2310 44.17495267123763 -24.094240126010448 -1.9744646998980704
2311 -47.203918846892996 17.428393392733206 -1.974464699898086
2312 43.664141756272734 -25.008030219193355 -1.9744646998980189
2313 43.13443113250232 -25.910995766881726 -1.9744646998980508
2314 -46.831126997347894 18.406639968070486 -1.9744646998981326
2315 42.586050081350066 -26.802745926950827 -1.9744646998980717
2316 42.01923596559809 -27.68289471177698 -1.9744646998980602
2317 -46.43806463228051 19.37691936206668 -1.9744646998981326
2318 41.4342341266478 -28.551061155306932 -1.9744646998980602
2319 40.8312977783256 -29.406869477957787 -1.9744646998980602
2320 -46.02490188590015 20.338811596285154 -1.9744646998980975
2321 40.210687897280756 -30.249949249270184 -1.9744646998980602
2322 -45.59181759272093 21.291900322610253 -1.9744646998981135
2323 39.57267311002376 -31.079935548246304 -1.9744646998980602
2324 38.91752957665323 -31.896469121303422 -1.9744646998980602
2325 -45.13899921015594 22.235773003461752 -1.9744646998980682
2326 38.24554087132198 -32.699196537774164 -1.9744646998980602
2327 37.55699785949392 -33.48777034288654 -1.9744646998980602
2328 -44.66664273737495 23.170021090357654 -1.9744646998981135
2329 36.852198572045154 -34.26184920815699 -1.9744646998980717
2330 -44.17495263047099 24.094240200752548 -1.9744646998981028
2331 34.64334811564577 -36.49379785791164 -1.9744646998980748
2332 -43.664141713959765 25.008030293070888 -1.9744646998981077
2333 -43.13443108866213 25.91099583986276 -1.9744646998980842
2334 32.29958048951316 -38.58362283349542 -1.9744646998980189
2335 -42.586050036001204 26.802745999004465 -1.9744646998980495
2336 31.489906186415038 -39.24722485892116 -1.9744646998980655
2337 30.66660170456455 -39.8938390061616 -1.9744646998980602
2338 -42.01923591875975 27.682894782871568 -1.9744646998980842
2339 29.830023405367875 -40.52318539294693 -1.9744646998980602
2340 28.980533395707457 -41.13499161123317 -1.9744646998980655
2341 -41.43423407834049 28.551061225411612 -1.9744646998981028
2342 28.118499371206724 -41.728992845112074 -1.9744646998980189
2343 27.24429445707442 -42.30493198543372 -1.9744646998980508
2344 -40.83129772857027 29.406869547042064 -1.9744646998981326
2345 26.358297046603106 -42.86255974109536 -1.9744646998980717
2346 -40.2106878460991 30.249949317304228 -1.9744646998981326
2347 25.46089063738046 -43.40163474694582 -1.9744646998980602
2348 24.552463665297598 -43.921923668256866 -1.9744646998980602
2349 -39.57267305743813 31.07993561520082 -1.9744646998980975
2350 -38.917529522685975 31.896469187149336 -1.9744646998981246
2351 -38.24554081599704 32.699196602483276 -1.9744646998980468
2352 19.858939943999207 -46.23398484942197 -1.9744646998980508
2353 -37.55699780283421 33.487770406430975 -1.974464699898082
2354 18.8928018548988 -46.63711921664402 -1.9744646998980717
2355 17.918486152791232 -47.02006704321221 -1.9744646998980602
2356 -36.85219851407578 34.26184927050829 -1.974464699898161
2357 -36.131448017010364 35.02109814026404 -1.974464699898082
2358 14.950707225070502 -48.04617783160479 -1.974464699898021
2359 -35.3950582832899 35.76518838030161 -1.9744646998980468
2360 -34.64334805390016 36.4937979165258 -1.9744646998981419
2361 -33.876642701192516 37.206611375556456 -1.9744646998980526
2362 9.880831872082451 -49.33890971912107 -1.9744646998980637
2363 8.852259183156555 -49.53379006405813 -1.974464699898025
2364 -33.09527408804656 37.90332022122892 -1.9744646998980526
2365 7.819854857695665 -49.7072300652583 -1.9744646998980557
2366 6.784065764465169 -49.859154650468916 -1.974464699898025
2367 -32.2995804242319 38.583622888143445 -1.9744646998981419
2368 -31.48990612001178 39.24722491219965 -1.9744646998980642
2369 3.660879376996006 -50.18522504625293 -1.9744646998980189
2370 -30.66660163706704 39.89383905804738 -1.9744646998980482
2371 -29.83002333680543 40.523185443417276 -1.9744646998980602
2372 0.5234358373997384 -50.31585103801876 -1.9744646998980189
2373 -0.5234357522649358 -50.31585103890412 -1.9744646998980664
2374 -28.9805333261099 41.134991660266266 -1.9744646998980602
2375 -1.5700807765393536 -50.29407218660163 -1.9744646998980406
2376 -28.11849930060396 41.728992892686364 -1.9744646998980717
2377 -4.704127796293673 -50.098203884292154 -1.9744646998980189
2378 -27.244294385497906 42.30493203152884 -1.9744646998980508
2379 -26.358296974082798 42.862559785692014 -1.9744646998980242
2380 -7.81985477359056 -49.7072300784898 -1.9744646998980189
2381 -25.460890563948023 43.401634790024055 -1.9744646998980242
2382 -24.55246359098452 43.92192370979814 -1.9744646998980508
2383 -10.905127631087788 -49.12267340145128 -1.974464699898025
2384 -11.924703267739897 -48.885174672208116 -1.9744646998980557
2385 -23.63340926125589 44.42320134170791 -1.9744646998980717
2386 -12.939117382596917 -48.62651634772269 -1.974464699898025
2387 -13.947930893826213 -48.34681038638425 -1.9744646998980575
2388 -22.704125380798708 44.90525071134674 -1.9744646998980717
2389 -14.9507071437758 -48.046177856901274 -1.9744646998980655
2390 -21.765014183438225 45.367863167121726 -1.9744646998980508
2391 -15.947012087979525 -47.72474888589543 -1.9744646998980602
2392 -20.816482156681374 45.81083847056863 -1.9744646998980242
2393 -18.892801775988435 -46.63711924861101 -1.9744646998980393
2394 -19.8589398657748 46.23398488302198 -1.9744646998980242
2395 -19.85893986577104 -46.23398488302332 -1.974464699898065
2396 -18.89280177599182 46.63711924860948 -1.974464699898062
2397 -22.704125380795137 -44.90525071134858 -1.9744646998980655
2398 -17.91848607323684 47.020067073528885 -1.9744646998980673
2399 -23.633409261252332 -44.42320134170988 -1.9744646998980602
2400 -16.93641448303235 47.38266260157736 -1.97446469989799
2401 -15.947012087983108 47.724748885894314 -1.9744646998980464
2402 -26.358296974079355 -42.86255978569416 -1.9744646998980189
2403 -27.244294385494353 -42.30493203153108 -1.9744646998980575
2404 -14.950707143779328 48.046177856900435 -1.974464699898025
2405 -28.118499300600533 -41.72899289268872 -1.9744646998980655
2406 -28.980533326106535 -41.13499166026864 -1.9744646998980602
2407 -13.947930893829483 48.346810386383 -1.974464699898105
2408 -29.830023336802153 -40.523185443419685 -1.9744646998980602
2409 -12.939117382600879 48.62651634772141 -1.9744646998980602
2410 -11.924703267743638 48.88517467220744 -1.9744646998980202
2411 -32.299580424229305 -38.58362288814661 -1.9744646998980189
2412 -33.09527408804395 -37.903320221231155 -1.9744646998980575
2413 -10.905127631091487 49.122673401450214 -1.9744646998980655
2414 -33.876642701189326 -37.20661137555919 -1.9744646998980717
2415 -9.880831788604281 49.338909735838776 -1.9744646998980655
2416 -8.852259099348785 49.53379007903552 -1.9744646998980304
2417 -7.81985477359434 49.70723007848909 -1.9744646998980353
2418 -37.5569978028321 -33.48777040643352 -1.9744646998980624
2419 -38.24554081599465 -32.699196602486126 -1.974464699898042
2420 -6.7840656801066075 49.85915466194684 -1.9744646998980704
2421 -38.91752952268414 -31.896469187152388 -1.974464699898042
2422 -39.5726730574363 -31.079935615203585 -1.9744646998980553
2423 -5.745340152724126 49.98949806994899 -1.974464699898065
2424 -40.21068784609747 -30.249949317307088 -1.9744646998980655
2425 -4.704127796297454 50.098203884291785 -1.9744646998980202
2426 -3.6608792920859488 50.18522505244662 -1.9744646998980655
2427 -2.616046202679227 50.25052390792949 -1.9744646998980548
2428 -43.13443108866095 -25.910995839865492 -1.9744646998980193
2429 -43.66414171395873 -25.008030293073325 -1.9744646998980575
2430 -1.5700807765434066 50.29407218660113 -1.9744646998981006
2431 -44.174952630469946 -24.094240200754935 -1.9744646998980655
2432 -44.66664273737409 -23.170021090360024 -1.9744646998980602
2433 -0.5234357522690918 50.31585103890405 -1.9744646998980695
2434 -45.13899921015482 -22.235773003464043 -1.9744646998980655
2435 -45.59181759272011 -21.291900322612832 -1.9744646998980575
2436 0.523435837395625 50.31585103801862 -1.9744646998980482
2437 1.5700808616334578 50.29407218394504 -1.9744646998980602
2438 -46.83112699734754 -18.40663996807251 -1.9744646998980655
2439 2.6160462876955917 50.2505239035035 -1.9744646998980602
2440 -47.20391884689246 -17.428393392735007 -1.9744646998980655
2441 -47.556278820651706 -16.442603063030532 -1.9744646998980526
2442 3.6608793769918475 50.18522504625305 -1.9744646998980482
2443 4.704127881056355 50.09820387633274 -1.9744646998980748
2444 5.745340237298347 49.98949806022884 -1.9744646998980597
2445 -49.00657559743766 -11.41553323189797 -1.9744646998980655
2446 6.784065764461111 49.859154650469264 -1.974464699898057
2447 7.819854857691242 49.707230065258955 -1.974464699898062
2448 -49.62319501049591 -8.336508124283748 -1.9744646998980393
2449 -49.78588610727258 -7.302355460371801 -1.974464699898065
2450 8.852259183152471 49.533790064058906 -1.9744646998980189
2451 -49.92702774235922 -6.265042024571588 -1.9744646998980393
2452 -50.10372304592826 -5.30859586486428 -1.9627572325001106
2453 9.880831872078243 49.338909719121894 -1.9744646998980655
2454 10.90512771419962 49.12267338300041 -1.9744646998980602
2455 11.92470335044998 48.88517465203238 -1.9744646998980602
2456 12.939117464869232 48.62651632583048 -1.9744646998980602
2457 13.947930975625116 48.346810362785426 -1.9744646998980655
2458 13.947930975625116 48.34681036278543 1.9744646998980646
2459 14.95070722506626 48.046177831606045 1.9744646998980309
2460 15.947012168726253 47.724748858914396 1.974464699898041
2461 16.93641456319664 47.38266257292324 1.9744646998980309
2462 17.918486152787242 47.02006704321366 1.97446469989807
2463 18.892801854894948 46.637119216645935 1.9744646998980184
2464 19.8589399439958 46.233984849423436 1.97446469989805
2465 20.816482234186147 45.81083843535 1.9744646998980824
2466 21.765014260193137 45.367863130298936 1.97446469989805
2467 22.704125456771738 44.90525067293509 1.9744646998980184
2468 23.63340933641316 44.423201301723836 1.9744646998980646
2469 24.55246366529389 43.921923668258955 1.9744646998980593
2470 24.552463665293885 43.92192366825895 -1.9744646998980602
2471 23.63340933641316 44.423201301723836 -1.9744646998980655
2472 25.46089063737676 43.401634746947984 1.9744646998980593
2473 26.358297046599475 42.86255974109764 1.9744646998980646
2474 27.244294457071142 42.304931985436056 1.9744646998980184
2475 28.11849937120321 41.72899284511412 1.974464699898062
2476 28.980533395703688 41.13499161123582 1.9744646998980673
2477 28.11849937120321 41.72899284511412 -1.974464699898062
2478 28.980533395703688 41.13499161123582 -1.9744646998980673
2479 29.83002340536479 40.52318539294983 1.9744646998979771
2480 30.66660170456152 39.89383900616388 1.9744646998980673
2481 31.489906186411613 39.247224858923886 1.9744646998980673
2482 31.489906186411613 39.247224858923886 -1.9744646998980673
2483 30.66660170456152 39.89383900616388 -1.9744646998980673
2484 32.29958048951027 38.58362283349817 1.9744646998979771
2485 33.095274152173815 37.903320165236096 1.9744646998980673
2486 33.876642764140186 37.20661131824247 1.974464699898062
2487 33.876642764140186 37.20661131824247 -1.974464699898062
2488 33.095274152173815 37.903320165236096 -1.9744646998980673
2489 34.64334811564299 36.49379785791475 1.9744646998980184
2490 35.39505834379959 35.76518832041793 1.97446469989807
2491 36.131448076261016 35.02109807913541 1.9744646998980184
2492 36.85219857204281 34.261849208159816 1.9744646998980384
2493 37.556997859491275 33.48777034288915 1.9744646998980988
2494 38.245540871319164 32.69919653777747 1.9744646998980593
2495 38.917529576650956 31.89646912130636 1.9744646998980446
2496 39.57267311002119 31.07993554824956 1.974464699898062
2497 38.9175295766509 31.89646912130631 -1.974464699898057
2498 39.57267311002119 31.07993554824956 -1.974464699898062
2499 40.21068789727859 30.249949249273424 1.9744646998980242
2500 40.83129777832346 29.406869477961028 1.9744646998980353
2501 41.4342341266457 28.55106115531016 1.9744646998980455
2502 40.83129777832346 29.406869477961028 -1.9744646998980353
2503 41.43423412664569 28.551061155310155 -1.9744646998980464
2504 42.019235965596394 27.682894711780364 1.9744646998979891
2505 42.586050081348304 26.80274592695367 1.9744646998980673
2506 43.13443113250037 25.91099576688483 1.974464699898062
2507 43.66414175627078 25.00803021919656 1.9744646998980353
2508 44.17495267123604 24.094240126014068 1.9744646998980144
2509 44.666642776576744 23.170021014786634 1.9744646998980144
2510 45.138999247776525 22.235772927091613 1.9744646998980468
2511 45.591817628744884 21.29190024547408 1.9744646998980455
2512 45.59181762874488 21.291900245474075 -1.9744646998980464
2513 45.138999247776525 22.235772927091613 -1.9744646998980468
2514 46.024901920311876 20.338811518416176 1.9744646998979891
2515 46.438064665064765 19.376919283498108 1.9744646998980673
2516 46.83112702849041 18.40663988883721 1.9744646998980673
2517 46.438064665064765 19.376919283498108 -1.9744646998980673
2518 46.83112702849041 18.40663988883721 -1.9744646998980673
2519 47.20391887638078 17.428393312868764 1.9744646998979891
2520 47.556278848471734 16.442602982567823 1.9744646998980508
2521 47.20391887638078 17.428393312868764 -1.97446469989799
2522 47.556278848471734 16.442602982567823 -1.9744646998980513
2523 47.888054428292534 15.44969559016845 1.9744646998980002
2524 48.1991020091753 14.45010090847304 1.9744646998980624
2525 48.1991020091753 14.45010090847304 -1.9744646998980628
2526 47.88805442829253 15.449695590168448 -1.974464699898001
2527 48.48928695641968 13.444251604830148 1.9744646998979842
2528 48.75848366556342 12.432583053853863 1.9744646998979842
2529 49.00657561675221 11.415533148981218 1.9744646998980624
2530 48.75848366556342 12.432583053853861 -1.9744646998979851
2531 49.00657561675221 11.415533148981218 -1.9744646998980628
2532 49.23345542517612 10.393542112926454 1.9744646998980002
2533 49.43902488754492 9.367052307137735 1.9744646998980624
2534 49.23345542517611 10.393542112926454 -1.974464699898001
2535 49.43902488754492 9.367052307137735 -1.9744646998980628
2536 49.62319502460118 8.336508040323936 1.9744646998979842
2537 49.7858861196284 7.302355376135944 1.9744646998979842
2538 49.927027752959276 6.265041940097055 1.9744646998980624
2539 49.785886119628394 7.302355376135943 -1.9744646998979851
2540 49.927027752959276 6.265041940097055 -1.9744646998980628
2541 50.046558832457386 5.225016725844734 1.9744646998980055
2542 50.04655883245738 5.225016725844733 -1.9744646998980064
2543 50.14442761995593 4.18272990079103 -1.9744646998980162
2544 50.14442761995593 4.18272990079103 1.9744646998980162
2545 50.22059175365659 3.138632611270279 1.9744646998980162
2546 50.27501826646347 2.093176787263137 1.9744646998980109
2547 50.307683600252986 1.0468149467819445 1.9744646998980162
2548 50.318573616071134 1.787674847835459e-12 1.9744646998980162
2549 50.307683600252986 1.0468149467819445 -1.9744646998980162
2550 50.31857361607113 1.787674847835459e-12 -1.9744646998980162
2551 50.307683600253135 -1.046814946778416 1.9744646998980055
2552 50.27501826646329 -2.0931767872595515 1.9744646998980624
2553 50.27501826646329 -2.0931767872595515 -1.9744646998980628
2554 50.30768360025313 -1.046814946778416 -1.9744646998980064
2555 50.22059175365703 -3.1386326112664102 1.9744646998979842
2556 50.14442761995639 -4.182729900787751 1.9744646998979842
2557 50.04655883245743 -5.225016725841007 1.9744646998980624
2558 50.04655883245742 -5.225016725841007 -1.9744646998980628
2559 50.14442761995638 -4.182729900787751 -1.9744646998979851
2560 49.927027752960086 -6.2650419400934645 1.9744646998980055
2561 49.78588611962868 -7.302355376132686 1.9744646998980162
2562 49.62319502460164 -8.336508040320025 1.9744646998980162
2563 49.78588611962868 -7.302355376132686 -1.9744646998980162
2564 49.62319502460164 -8.336508040320025 -1.9744646998980162
2565 49.439024887545926 -9.367052307134331 1.9744646998980055
2566 49.233455425176544 -10.39354211292289 1.9744646998980508
2567 49.233455425176544 -10.393542112922889 -1.9744646998980513
2568 49.439024887545926 -9.367052307134331 -1.9744646998980064
2569 49.00657561675337 -11.415533148977731 1.9744646998980055
2570 48.75848366556403 -12.432583053850655 1.9744646998980162
2571 48.48928695642054 -13.444251604826302 1.9744646998980162
2572 48.19910200917666 -14.45010090846976 1.9744646998980055
2573 47.888054428293344 -15.449695590164952 1.9744646998980508
2574 48.199102009176656 -14.450100908469759 -1.9744646998980064
2575 47.888054428293344 -15.44969559016495 -1.9744646998980513
2576 47.5562788484732 -16.44260298256455 1.9744646998980002
2577 47.20391887638167 -17.428393312865328 1.9744646998980455
2578 46.83112702849203 -18.406639888833624 1.9744646998980353
2579 46.83112702849203 -18.406639888833624 -1.9744646998980353
2580 47.203918876381664 -17.428393312865328 -1.9744646998980464
2581 46.43806466506621 -19.376919283495173 1.9744646998980353
2582 46.02490192031304 -20.33881151841268 1.9744646998980455
2583 45.591817628746675 -21.29190024547088 1.9744646998980002
2584 45.138999247778116 -22.23577292708841 1.9744646998980455
2585 45.59181762874667 -21.291900245470877 -1.974464699898001
2586 45.138999247778116 -22.23577292708841 -1.9744646998980464
2587 44.66664277657814 -23.170021014783735 1.9744646998980309
2588 44.17495267123763 -24.09424012601045 1.97446469989807
2589 43.664141756272734 -25.008030219193355 1.9744646998980184
2590 43.13443113250232 -25.91099576688173 1.97446469989805
2591 42.58605008135007 -26.80274592695083 1.9744646998980704
2592 42.01923596559809 -27.682894711776985 1.9744646998980593
2593 41.43423412664781 -28.551061155306936 1.9744646998980593
2594 40.831297778325606 -29.40686947795779 1.9744646998980593
2595 40.21068789728076 -30.249949249270188 1.9744646998980593
2596 39.572673110023764 -31.079935548246308 1.9744646998980593
2597 38.91752957665323 -31.896469121303426 1.9744646998980593
2598 38.24554087132198 -32.69919653777417 1.9744646998980593
2599 37.556997859493926 -33.48777034288654 1.9744646998980593
2600 36.85219857204516 -34.261849208156995 1.9744646998980704
2601 36.131448076263915 -35.0210980791323 1.9744646998980326
2602 35.39505834380218 -35.76518832041546 1.9744646998980593
2603 36.13144807626386 -35.021098079132244 -1.974464699898045
2604 35.39505834380233 -35.7651883204153 -1.9744646998980597
2605 34.643348115645715 -36.49379785791158 1.9744646998980873
2606 33.87664276414341 -37.20661131823956 1.9744646998980597
2607 33.09527415217691 -37.90332016523353 1.97446469989805
2608 33.876642764143405 -37.20661131823956 -1.9744646998980602
2609 33.09527415217691 -37.90332016523353 -1.9744646998980508
2610 32.29958048951316 -38.58362283349542 1.9744646998980184
2611 31.489906186415038 -39.24722485892116 1.9744646998980646
2612 30.666601704564552 -39.8938390061616 1.9744646998980593
2613 29.83002340536788 -40.523185392946935 1.9744646998980593
2614 28.98053339570746 -41.13499161123317 1.9744646998980646
2615 28.118499371206724 -41.72899284511208 1.9744646998980184
2616 27.24429445707442 -42.30493198543372 1.97446469989805
2617 26.35829704660311 -42.86255974109537 1.9744646998980704
2618 25.46089063738046 -43.40163474694582 1.9744646998980593
2619 24.5524636652976 -43.92192366825687 1.9744646998980593
2620 23.633409336416854 -44.42320130172183 1.9744646998980704
2621 22.7041254567756 -44.90525067293292 1.97446469989805
2622 23.63340933641685 -44.423201301721825 -1.9744646998980717
2623 22.7041254567756 -44.90525067293292 -1.9744646998980508
2624 21.76501426019728 -45.36786313029713 1.9744646998980242
2625 21.765014260197276 -45.36786313029713 -1.9744646998980242
2626 20.816482234190165 -45.81083843534858 -1.9744646998980242
2627 20.816482234190165 -45.81083843534858 1.9744646998980242
2628 19.85893994399921 -46.23398484942197 1.97446469989805
2629 18.892801854898803 -46.637119216644024 1.9744646998980704
2630 17.918486152791235 -47.020067043212215 1.9744646998980593
2631 16.936414563200493 -47.382662572921674 1.9744646998980593
2632 15.947012168730325 -47.724748858912896 1.9744646998980615
2633 15.947012168730323 -47.72474885891289 -1.974464699898062
2634 16.936414563200493 -47.382662572921674 -1.9744646998980593
2635 14.950707225070502 -48.04617783160478 1.974464699898021
2636 13.947930975629115 -48.34681036278429 1.9744646998980633
2637 12.939117464873547 -48.626516325829314 1.9744646998980633
2638 13.947930975629115 -48.34681036278429 -1.9744646998980637
2639 12.939117464873547 -48.62651632582931 -1.9744646998980637
2640 11.924703350454166 -48.88517465203162 1.9744646998980189
2641 10.90512771420363 -49.122673382999515 1.9744646998980633
2642 11.924703350454166 -48.88517465203163 -1.9744646998980189
2643 10.905127714203628 -49.12267338299951 -1.9744646998980637
2644 9.880831872082453 -49.33890971912108 1.9744646998980633
2645 8.852259183156557 -49.53379006405814 1.9744646998980242
2646 7.819854857695665 -49.7072300652583 1.9744646998980553
2647 6.784065764465169 -49.859154650468916 1.9744646998980242
2648 5.745340237302518 -49.989498060228335 1.9744646998980633
2649 4.704127881060454 -50.09820387633243 1.9744646998980633
2650 4.704127881060454 -50.09820387633243 -1.9744646998980637
2651 5.745340237302518 -49.98949806022833 -1.9744646998980637
2652 3.660879376996006 -50.18522504625293 1.9744646998980189
2653 2.6160462876995174 -50.25052390350327 1.9744646998980633
2654 2.6160462876995174 -50.250523903503264 -1.9744646998980637
2655 1.57008086163779 -50.294072183944884 -1.9744646998980637
2656 1.5700808616377901 -50.294072183944884 1.9744646998980633
2657 0.5234358373997384 -50.31585103801875 1.9744646998980189
2658 -0.5234357522649358 -50.31585103890413 1.9744646998980655
2659 -1.5700807765393536 -50.29407218660163 1.9744646998980397
2660 -2.6160462026754834 -50.250523907929775 1.9744646998980397
2661 -3.6608792920819826 -50.18522505244691 1.9744646998980655
2662 -2.616046202675483 -50.25052390792977 -1.9744646998980406
2663 -3.660879292081982 -50.1852250524469 -1.9744646998980664
2664 -4.704127796293673 -50.098203884292154 1.9744646998980189
2665 -5.745340152720131 -49.98949806994947 1.9744646998980633
2666 -6.784065680102761 -49.85915466194741 1.9744646998980633
2667 -6.78406568010276 -49.85915466194741 -1.9744646998980637
2668 -5.745340152720131 -49.98949806994946 -1.9744646998980637
2669 -7.819854773590559 -49.7072300784898 1.9744646998980189
2670 -8.852259099345009 -49.53379007903598 1.9744646998980633
2671 -9.880831788600208 -49.3389097358396 1.9744646998980633
2672 -9.880831788600206 -49.3389097358396 -1.9744646998980637
2673 -8.852259099345009 -49.53379007903598 -1.9744646998980637
2674 -10.90512763108779 -49.12267340145129 1.9744646998980242
2675 -11.924703267739897 -48.88517467220812 1.9744646998980553
2676 -12.939117382596919 -48.6265163477227 1.9744646998980242
2677 -13.947930893826213 -48.34681038638425 1.9744646998980575
2678 -14.9507071437758 -48.046177856901274 1.9744646998980655
2679 -15.947012087979527 -47.72474888589544 1.9744646998980593
2680 -16.93641448302849 -47.38266260157825 1.9744646998980655
2681 -17.918486073232682 -47.02006707353054 1.9744646998980553
2682 -16.93641448302849 -47.38266260157824 -1.9744646998980655
2683 -17.918486073232682 -47.02006707353054 -1.9744646998980553
2684 -18.892801775988435 -46.63711924861101 1.9744646998980389
2685 -19.858939865771042 -46.23398488302332 1.9744646998980642
2686 -20.816482156677633 -45.810838470570225 1.9744646998980389
2687 -21.765014183434428 -45.367863167123524 1.9744646998980553
2688 -21.765014183434428 -45.367863167123524 -1.9744646998980553
2689 -20.816482156677633 -45.81083847057022 -1.9744646998980393
2690 -22.704125380795137 -44.905250711348586 1.9744646998980655
2691 -23.633409261252336 -44.423201341709884 1.9744646998980593
2692 -24.55246359098116 -43.92192370979991 1.9744646998980655
2693 -25.460890563944226 -43.40163479002605 1.9744646998980575
2694 -25.460890563944222 -43.40163479002605 -1.9744646998980575
2695 -24.55246359098116 -43.92192370979991 -1.9744646998980655
2696 -26.358296974079355 -42.86255978569416 1.9744646998980189
2697 -27.244294385494356 -42.30493203153109 1.9744646998980575
2698 -28.118499300600533 -41.72899289268872 1.9744646998980655
2699 -28.98053332610654 -41.13499166026864 1.9744646998980593
2700 -29.830023336802157 -40.523185443419685 1.9744646998980593
2701 -30.666601637063717 -39.8938390580498 1.9744646998980655
2702 -31.48990612000822 -39.24722491220255 1.9744646998980575
2703 -30.666601637063714 -39.8938390580498 -1.9744646998980655
2704 -31.489906120008218 -39.24722491220254 -1.9744646998980575
2705 -32.299580424229305 -38.58362288814661 1.9744646998980189
2706 -33.09527408804395 -37.90332022123116 1.9744646998980575
2707 -33.876642701189326 -37.2066113755592 1.9744646998980704
2708 -34.64334805389772 -36.493797916528926 1.974464699898046
2709 -35.39505828328743 -35.76518838030388 1.9744646998980655
2710 -34.6433480538977 -36.4937979165289 -1.9744646998980526
2711 -35.3950582832874 -35.765188380303975 -1.9744646998980593
2712 -36.13144801700742 -35.02109814026729 1.9744646998980597
2713 -36.8521985140739 -34.26184927051124 1.9744646998980597
2714 -36.131448017007486 -35.02109814026723 -1.9744646998980597
2715 -36.85219851407384 -34.26184927051131 -1.9744646998980597
2716 -37.556997802832015 -33.48777040643356 1.9744646998980686
2717 -38.24554081599469 -32.69919660248615 1.9744646998980353
2718 -38.91752952268414 -31.896469187152384 1.974464699898042
2719 -39.5726730574363 -31.079935615203585 1.9744646998980553
2720 -40.21068784609748 -30.24994931730709 1.9744646998980655
2721 -40.83129772856883 -29.406869547044778 1.9744646998980655
2722 -41.43423407833913 -28.5510612254142 1.974464699898046
2723 -40.83129772856883 -29.406869547044774 -1.9744646998980655
2724 -41.434234078339095 -28.55106122541418 -1.9744646998980526
2725 -42.01923591875841 -27.682894782873788 1.9744646998980655
2726 -42.586050035999406 -26.802745999007087 1.9744646998980708
2727 -42.019235918758405 -27.682894782873888 -1.9744646998980593
2728 -42.586050035999484 -26.802745999007026 -1.9744646998980655
2729 -43.13443108866099 -25.910995839865514 1.9744646998980127
2730 -43.66414171395873 -25.008030293073325 1.9744646998980575
2731 -44.174952630469946 -24.094240200754935 1.9744646998980655
2732 -44.6666427373741 -23.170021090360027 1.9744646998980593
2733 -45.13899921015482 -22.235773003464043 1.9744646998980655
2734 -45.59181759272011 -21.291900322612832 1.9744646998980575
2735 -46.0249018858996 -20.338811596287595 1.9744646998980189
2736 -46.43806463228012 -19.376919362068833 1.9744646998980575
2737 -46.0249018858996 -20.338811596287595 -1.9744646998980189
2738 -46.43806463228012 -19.376919362068833 -1.9744646998980575
2739 -46.83112699734754 -18.40663996807251 1.9744646998980655
2740 -47.20391884689246 -17.42839339273501 1.9744646998980655
2741 -47.55627882065174 -16.442603063030546 1.974464699898046
2742 -47.888054402152164 -15.449695671192169 1.9744646998980655
2743 -48.19910198472637 -14.450100990023657 1.9744646998980708
2744 -47.888054402152164 -15.449695671192263 -1.9744646998980593
2745 -48.199101984726425 -14.450100990023538 -1.9744646998980655
2746 -48.48928693367261 -13.444251686871153 1.9744646998980127
2747 -48.75848364452764 -12.432583136350834 1.9744646998980575
2748 -48.75848364452763 -12.432583136350832 -1.9744646998980575
2749 -48.48928693367257 -13.444251686871143 -1.9744646998980193
2750 -49.00657559743766 -11.41553323189797 1.9744646998980655
2751 -49.23345540759033 -10.39354219622708 1.9744646998980655
2752 -49.43902487169632 -9.367052390786444 1.9744646998980553
2753 -49.23345540759033 -10.393542196227079 -1.9744646998980655
2754 -49.43902487169632 -9.367052390786444 -1.9744646998980553
2755 -49.62319501049592 -8.336508124283748 1.9744646998980389
2756 -49.78588610727258 -7.3023554603718015 1.9744646998980642
2757 -49.92702774235923 -6.265042024571588 1.9744646998980389
2758 -50.103356669107505 -5.308001397703146 1.962840754097328
2759 -50.75975336394921 -5.9117526988751505 1.6684482747788114
2760 -50.646189414256 -6.893171506771372 1.661606452094806
2761 -50.48633011261032 -7.942421563937576 1.6655283672639882
2762 -50.11223679362296 -10.035701872744792 -1.6655283672640624
2763 -50.310171650569856 -8.991007564726994 1.6655283672638705
2764 -50.11223679362296 -10.035701872744792 1.665528367264061
2765 -49.892611216445495 -11.076052299595544 1.665528367264021
2766 -49.38867750230981 -13.141922352214054 -1.665528367263843
2767 -49.65138998238385 -12.11160853710119 1.665528367264081
2768 -49.408774957982246 -13.152306051209614 1.6506282890230572
2769 -49.104587489424375 -14.16654778103158 -1.665528367263856
2770 -48.79924291004096 -15.185041321825905 -1.665528367264125
2771 -49.13246175538594 -14.17475756672904 1.6458407610784231
2772 -48.82187513068213 -15.186903127328817 1.6505793063539937
2773 -48.472775930359056 -16.196962127015894 1.6655283672638586
2774 -48.12532785925448 -17.201872193979984 1.6655283672640309
2775 -47.75704908711984 -18.19933655464355 1.665528367264021
2776 -46.958646014420225 -20.170204585753762 -1.66552836726384
2777 -47.36809902076468 -19.1889234637533 1.665528367264081
2778 -46.958646014420225 -20.170204585753762 1.6655283672638421
2779 -46.528867296865734 -21.14275518018983 1.6655283672638421
2780 -46.07894889471975 -22.106154285550318 1.665528367264081
2781 -45.609085551917744 -23.05998490148268 1.6655283672640109
2782 -45.1194806454178 -24.003834169284882 1.6655283672640109
2783 -44.61034609717241 -24.937293550608967 1.665528367264081
2784 -44.08190228239873 -25.859959004295366 1.665528367263831
2785 -42.968010044509 -27.671315497346995 -1.665528367264125
2786 -43.53437793418899 -26.771431161258267 1.6655283672638115
2787 -42.98392445533313 -27.687362914125856 1.6506441499542759
2788 -42.3830437616148 -28.559222504119777 -1.665528367263902
2789 -41.77973228394147 -29.43476785743239 -1.6655283672640424
2790 -42.407041062824526 -28.57559158844967 1.6458474029892067
2791 -41.800693577656546 -29.44348861869666 1.6505827341027484
2792 -41.158336750511275 -30.297572583794086 1.665528367264021
2793 -40.51912612789827 -31.147263224402632 1.665528367264061
2794 -39.862377093809954 -31.983471996793504 1.665528367263891
2795 -39.18837391732808 -32.80583695403081 1.6655283672639296
2796 -38.49740833586616 -33.614002141375046 1.6655283672638586
2797 -37.0657934884748 -35.18634027017465 -1.6655283672639145
2798 -37.78977942889217 -34.40761775035302 1.6655283672642058
2799 -37.07844241780975 -35.20506973177061 1.65064414841967
2800 -36.32576388670519 -35.94983263641284 -1.6655283672640877
2801 -35.570010940059404 -36.69776437690491 -1.665528367263902
2802 -36.34629453859922 -35.970382813642146 1.6458474022290228
2803 -35.588982423604875 -36.71023478058689 1.650582720847067
2804 -34.79886177074816 -37.42981175479136 1.6655283672640415
2805 -34.01265016512808 -38.14565790864488 1.66552836726409
2806 -33.21171642922119 -38.84499298962203 1.6655283672638421
2807 -31.567075502417516 -40.19292640208499 -1.665528367264082
2808 -32.39640724141691 -39.52751429557714 1.6655283672638421
2809 -31.56707550241752 -40.19292640208499 1.665528367264081
2810 -30.724080182484045 -40.84094129031615 1.6655283672640109
2811 -29.867786166059588 -41.47127847170017 1.6655283672639993
2812 -28.99856409383285 -42.083665109334625 1.6655283672640109
2813 -28.1167902023081 -42.677836136080515 1.665528367264081
2814 -27.22284616095409 -43.25353436929533 1.6655283672638421
2815 -25.400000477955594 -44.348523811493486 -1.665528367264082
2816 -26.317118906999877 -43.81051062215112 1.6655283672638421
2817 -25.400000477955594 -44.34852381149349 1.665528367264081
2818 -24.47188784191773 -44.86734106219534 1.6655283672640109
2819 -23.533182725745668 -45.366737807951615 1.6655283672640109
2820 -21.625624708964 -46.306413643099454 -1.6655283672638723
2821 -22.58429144117846 -45.84649788848289 1.665528367264061
2822 -21.625624708964 -46.30641364309946 1.6655283672638705
2823 -20.657597481081797 -46.74628600058369 1.6655283672639882
2824 -19.680628761136116 -47.16592456535869 1.6655283672639882
2825 -17.701562027727757 -47.94378260334972 -1.6655283672640624
2826 -18.69514142298925 -47.565147699899065 1.6655283672638705
2827 -17.70156202772776 -47.94378260334972 1.665528367264061
2828 -16.70032063902618 -48.30166538632469 1.6655283672640109
2829 -15.691850636996994 -48.638641141842534 1.6655283672640109
2830 -14.676588530606894 -48.95456401237793 1.665528367264081
2831 -13.654973768735283 -49.24929725299577 1.6655283672638506
2832 -12.627448549962038 -49.52271329053808 1.6655283672639176
2833 -11.59445763116796 -49.77469377884535 1.6655283672639176
2834 -9.513869356441356 -50.21392116143992 -1.6655283672641588
2835 -10.556448135019487 -50.00512964998118 1.6655283672638586
2836 -9.513869356441356 -50.21392116143992 1.6655283672641565
2837 -8.46717256813711 -50.400977939323475 1.6655283672638537
2838 -6.363238769316983 -50.70957287242123 -1.6655283672641588
2839 -7.4168108252602485 -50.56621901745361 1.6655283672638537
2840 -6.363238769316984 -50.70957287242123 1.6655283672641565
2841 -5.306912431371244 -50.83097745454579 1.6655283672638537
2842 -3.187826796680374 -51.00773812720097 -1.6655283672641095
2843 -4.248289034657887 -50.9303802147283 1.6655283672638683
2844 -3.187826796680374 -51.00773812720097 1.6655283672641095
2845 -2.125984730867532 -51.063017708150745 1.6655283672637604
2846 -1.063222447898812 -51.096195030207774 1.6655283672641095
2847 4.323668150749113e-08 -51.107255732809435 1.6655283672638683
2848 1.0632225343546027 -51.09619502840916 1.6655283672638537
2849 2.125984817266609 -51.06301770455296 -1.6655283672641588
2850 2.125984817266609 -51.06301770455296 1.6655283672641565
2851 3.1878268829855125 -51.007738121807556 1.6655283672638537
2852 5.306912517377368 -50.83097744556602 -1.6655283672641588
2853 4.248289120833246 -50.930380207540125 1.6655283672638537
2854 5.306912517377368 -50.83097744556602 1.6655283672641565
2855 6.363238855117795 -50.709572861655055 1.6655283672638586
2856 7.416810910819287 -50.56621900490411 1.6655283672639176
2857 8.467172653415526 -50.40097792499693 1.6655283672639176
2858 9.513869441404218 -50.213921145342745 1.6655283672638586
2859 11.594457715386744 -49.774693759227624 -1.665528367263852
2860 10.556448219628896 -50.00512963211906 1.6655283672641565
2861 11.604216715730658 -49.79508501305455 1.6506407355770083
2862 12.627448633755483 -49.52271326917227 -1.665528367263852
2863 13.654973852065208 -49.24929722989104 -1.6655283672641588
2864 12.634791520167052 -49.55082884644803 1.6458404511652511
2865 13.656149796013729 -49.271992458099085 1.6505649184986724
2866 14.676588613438186 -48.95456398754546 1.665528367263839
2867 16.700320720753034 -48.30166535806756 -1.6655283672640326
2868 15.69185071929442 -48.638641115291804 1.6655283672639096
2869 16.700320720753034 -48.30166535806756 1.6655283672640318
2870 17.70156210884929 -47.943782573398536 1.6655283672639993
2871 18.695141503470097 -47.565147668266405 1.6655283672640189
2872 19.680628840940894 -47.16592453205883 1.6655283672641201
2873 20.65759756017699 -46.74628596563117 1.66552836726378
2874 21.6256247873148 -46.30641360650873 -1.6655283672638785
2875 21.63940414560949 -46.3243986197864 1.6506047238440935
2876 22.584291518751595 -45.84649785027032 -1.6655283672637808
2877 23.533182802506932 -45.36673776813289 -1.6655283672641241
2878 22.597279562322566 -45.87250327029538 1.645833674915922
2879 23.538997361521222 -45.388687375437385 1.650580506952355
2880 24.47188791783368 -44.86734102078867 1.6655283672640189
2881 25.40000055299397 -44.34852376851644 1.6655283672639993
2882 26.317118981127916 -43.81051057762185 1.6655283672640189
2883 27.222846234138842 -43.253534323233936 1.6655283672641201
2884 28.116790274519413 -42.67783608850725 1.6655283672637404
2885 28.998564165039276 -42.08366506026859 1.6655283672639372
2886 29.867786236229453 -41.47127842116346 1.6655283672640384
2887 30.724080251587388 -40.84094123833069 1.6655283672639993
2888 31.567075570424574 -40.19292634867309 1.6655283672640384
2889 32.396407308297825 -39.52751424076195 1.6655283672639372
2890 34.012650229670975 -38.14565785109505 -1.6655283672641046
2891 33.211716494947446 -38.84499293342756 1.6655283672637404
2892 34.01265022967098 -38.14565785109505 1.6655283672641006
2893 34.79886183408026 -37.42981169591104 1.665528367263966
2894 36.32576394753301 -35.949832574949546 -1.6655283672638035
2895 35.570011002151816 -36.6977643167198 1.6655283672643089
2896 36.32576394753297 -35.94983257494982 1.6655283672636934
2897 37.065793548010575 -35.1863402074585 1.6655283672640584
2898 37.789779487110415 -34.40761768641252 1.6655283672640189
2899 38.49740839274148 -33.614002076236616 1.6655283672639993
2900 39.18837397283581 -32.805836887723615 1.6655283672639993
2901 39.86237714792614 -31.983471929345928 1.6655283672639993
2902 40.51912618059974 -31.14726315584402 1.6655283672639993
2903 41.15833680177511 -30.297572514153778 1.6655283672639993
2904 41.77973233374552 -29.434767786740576 1.6655283672639993
2905 42.38304380993717 -28.559222432407164 1.6655283672639993
2906 42.96801009132934 -27.671315424644696 1.6655283672640189
2907 43.534377979486216 -26.771431087597264 1.6655283672641201
2908 44.081902326153845 -25.859958929708952 1.6655283672637404
2909 44.610346139366825 -24.937293475127685 1.6655283672639767
2910 45.11948068603249 -24.003834092942384 1.6655283672639993
2911 46.07894893212392 -22.106154207584474 -1.6655283672638195
2912 45.609085590935635 -23.059984824311677 1.665528367263898
2913 46.07894893212392 -22.106154207584478 1.6655283672638173
2914 46.528867332639855 -21.142755101461827 1.6655283672638173
2915 46.95864604854823 -20.17020450629932 1.6655283672639354
2916 47.757049117913525 -18.199336473837924 -1.6655283672639354
2917 47.3680990532328 -19.188923383606 1.6655283672639167
2918 47.757049117913525 -18.199336473837924 1.6655283672639354
2919 48.12532788836059 -17.20187211255137 1.6655283672638173
2920 48.79924293573458 -15.185041239257057 -1.665528367263894
2921 48.472775957764654 -16.196962044998994 1.6655283672638537
2922 48.79924293573458 -15.185041239257057 1.6655283672638932
2923 49.10458751339468 -14.16654769794532 1.665528367263775
2924 49.38867752454622 -13.141922268647669 1.6655283672637928
2925 49.65139000287738 -12.111608453090154 1.665528367263775
2926 50.11223681060383 -10.035701787953846 -1.665528367263894
2927 49.89261123518669 -11.076052215175803 1.6655283672638932
2928 50.1348485410772 -10.035253548698087 1.6506339446594356
2929 50.310171665783045 -8.991007479600757 -1.665528367263776
2930 50.48633012604938 -7.942421478513496 -1.6655283672637937
2931 50.33881492525317 -8.995957391121394 1.6458340964320448
2932 50.507483022147916 -7.950743766971081 1.650561575110085
2933 50.64063594248425 -6.890397657578887 1.665528367263775
2934 50.883431970889475 -4.777859290793918 -1.6655283672639944
2935 50.77302232492781 -5.835391377719066 1.6655283672639127
2936 50.883431970889475 -4.777859290793918 1.6655283672639913
2937 50.9718170903516 -3.7182591419366213 1.6655283672633954
2938 51.082370272041985 -1.594689916183102 -1.6655283672639136
2939 51.03813942644979 -2.657049571429823 1.6655283672639913
2940 51.104602998652176 -1.5905149220533168 1.6506283689520096
2941 51.104490482124945 -0.5316400109077006 -1.665528367263776
2942 51.10449048212488 0.5316400109113315 -1.6655283672637937
2943 51.13354837790135 -0.5317805757873376 1.6458406930583238
2944 51.1267057686636 0.5269257332295647 1.6505781312796985
2945 51.082370272042034 1.594689916186464 1.6655283672638124
2946 51.03813942644984 2.6570495714340527 1.6655283672638124
2947 50.97181709035074 3.7182591419401994 1.6655283672637928
2948 50.88343197088952 4.777859290796977 -1.665528367263776
2949 50.905011010613805 4.784784507811514 1.6506007793276525
2950 50.773022324927325 5.835391377723305 -1.6655283672639136
2951 50.640635942483506 6.890397657581901 -1.6655283672639944
2952 50.80189160987327 5.838873364550241 1.6458266985210757
2953 50.66328673926883 6.88850241092611 1.6505621036814242
2954 50.4863301260494 7.942421478517221 1.6655283672633954
2955 50.11223681060325 10.035701787956876 -1.6655283672638785
2956 50.310171665781986 8.991007479604855 1.6655283672639913
2957 50.132946511214676 10.044816149143996 1.650625210889578
2958 49.892611235185804 11.076052215179972 -1.6655283672638785
2959 49.651390002876326 12.111608453093076 -1.6655283672639944
2960 49.92095226976267 11.082513215097732 1.6458338451600207
2961 49.67411712666587 12.112074773960963 1.6505609061925552
2962 49.38867752454587 13.141922268651328 1.6655283672633954
2963 48.79924293573368 15.185041239260014 -1.6655283672638785
2964 49.1045875133932 14.166547697949289 1.6655283672639913
2965 48.81890522739806 15.196325981808746 1.650603976547249
2966 48.47277595776328 16.196962045003037 -1.6655283672638568
2967 48.12532788835953 17.20187211255427 -1.6655283672638368
2968 48.50053155296228 16.20718324562842 1.645490963418053
2969 48.15355451285369 17.21199395097604 1.6451990751458805
2970 47.7570491179123 18.19933647384203 -1.6655283672637191
2971 47.36809905323085 19.188923383609186 -1.665528367264316
2972 47.78490724001147 18.209160793178096 1.6455142879656237
2973 47.390568411288115 19.19258915302437 1.6505529758782034
2974 46.958646048547315 20.170204506302284 1.6655283672637191
2975 46.07894893212227 22.10615420758746 -1.665528367263955
2976 46.52886733263811 21.142755101465728 1.6655283672637977
2977 46.07894893212227 22.10615420758746 1.665528367263955
2978 45.60908559093397 23.05998482431459 1.6655283672640158
2979 45.119480686031466 24.003834092945745 1.6655283672635557
2980 44.61034613936468 24.937293475131433 1.6655283672639962
2981 44.081902326151855 25.859958929712104 1.6655283672638195
2982 43.534377979484205 26.771431087600078 1.6655283672642778
2983 42.96801009132795 27.671315424647684 1.6655283672637191
2984 41.77973233374338 29.434767786743787 -1.6655283672639354
2985 42.38304380993512 28.559222432410753 1.6655283672637977
2986 41.77973233374338 29.434767786743787 1.6655283672639354
2987 41.15833680177294 30.29757251415698 1.665528367263898
2988 39.86237714792339 31.983471929348845 -1.6655283672642027
2989 40.519126180597404 31.147263155847547 1.6655283672637995
2990 39.862377147923446 31.98347192934883 1.6655283672641823
2991 39.188373972833446 32.80583688772708 1.665528367263716
2992 38.497408392738265 33.61400207623955 1.6655283672643288
2993 37.78977948710808 34.40761768641499 1.665528367264061
2994 37.06579354800807 35.18634020746188 1.66552836726372
2995 36.32576394752976 35.94983257495246 1.6655283672639767
2996 35.57001100214968 36.69776431672256 1.6655283672639767
2997 34.012650229667614 38.145657851097695 -1.6655283672642787
2998 34.79886183407708 37.429811695914424 1.665528367263763
2999 34.012650229667614 38.145657851097695 1.6655283672642778
3000 33.21171649494466 38.84499293343003 1.6655283672636991
3001 31.56707557042104 40.19292634867535 -1.665528367264316
3002 32.39640730829457 39.52751424076508 1.6655283672636991
3003 31.56707557042104 40.19292634867535 1.665528367264316
3004 30.724080251584823 40.84094123833317 1.6655283672636991
3005 28.998564165035173 42.08366506027079 -1.6655283672642787
3006 29.86778623622573 41.471278421166765 1.6655283672636991
3007 28.998564165035173 42.083665060270796 1.6655283672642778
3008 28.116790274516287 42.677836088509274 1.665528367263763
3009 27.222846234135297 43.25353432323649 1.6655283672639372
3010 26.317118981124167 43.810510577624065 1.6655283672640384
3011 24.47188791782992 44.86734102079068 -1.6655283672640415
3012 25.400000552990267 44.34852376851857 1.6655283672639993
3013 24.47188791782992 44.86734102079068 1.6655283672640384
3014 23.53318280250332 45.36673776813508 1.6655283672639372
3015 22.58429151874722 45.84649785027254 1.6655283672637404
3016 21.625624787310432 46.306413606510326 1.66552836726414
3017 20.65759756017345 46.74628596563214 1.66552836726414
3018 19.680628840937683 47.16592453206079 1.6655283672637404
3019 18.695141503465724 47.56514766826819 1.6655283672639767
3020 17.701562108845454 47.94378257339995 1.6655283672639993
3021 16.70032072074896 48.30166535806925 1.6655283672638608
3022 15.691850719290041 48.638641115293304 1.6655283672638608
3023 14.676588613434049 48.954563987546514 1.6655283672639598
3024 13.654973852061056 49.24929722989236 -1.6655283672640415
3025 12.627448633750852 49.522713269173224 -1.665528367264002
3026 11.594457715382799 49.77469375922831 -1.665528367264002
3027 10.556448219624759 50.005129632120116 -1.6655283672640415
3028 -50.764550611790014 -5.917168361315842 -1.664871747856505
3029 9.513869441400004 50.21392114534342 -1.6655283672639412
3030 -50.664629004174884 -6.906305924381877 -1.648002434579824
3031 -50.333217453940215 -8.990610639566848 -1.6502691290981235
3032 -50.51547723594442 -7.9475245262686185 -1.6454758534188056
3033 8.467172653411177 50.400977924997896 -1.6655283672637613
3034 7.416810910814825 50.56621900490434 -1.6655283672642027
3035 -49.91356246460696 -11.08458504277025 -1.6504841084597555
3036 -49.6735250332866 -12.112754332176504 -1.6508442951387052
3037 6.363238855113928 50.709572861655595 -1.665528367263823
3038 5.306912517373026 50.830977445566404 -1.665528367264201
3039 4.248289120828984 50.93038020754037 -1.6655283672639247
3040 -48.49223262441797 -16.208667513604958 -1.6505792421667835
3041 -48.15287830044795 -17.212606255238533 -1.645496684707159
3042 3.1878268829816045 51.0077381218076 -1.6655283672639833
3043 -47.39077393772493 -19.193239473692497 -1.6502554907809714
3044 -47.78501191665122 -18.209164172289604 -1.6454458775860759
3045 2.125984817262446 51.06301770455337 -1.665528367264002
3046 1.063222534350106 51.096195028409056 -1.6655283672639833
3047 -46.547752063578805 -21.15624888194385 -1.6501604534332213
3048 -46.10528982104918 -22.11970293050601 -1.6454595003072958
3049 4.323264158730586e-08 51.10725573280941 -1.665528367263882
3050 -45.6358349389456 -23.07360605069668 -1.6451775901871302
3051 -45.14599307670502 -24.01793293758871 -1.6451703801510833
3052 -1.0632224479033454 51.09619503020744 -1.6655283672642618
3053 -44.636566777026154 -24.951880864335173 -1.6451862041639869
3054 -44.10774748182722 -25.874310851197585 -1.6454977166774514
3055 -43.55588267396921 -26.778820493033923 -1.6505617435645528
3056 -2.1259847308711866 51.06301770815014 -1.665528367264065
3057 -3.187826796684234 51.007738127200895 -1.6655283672640033
3058 -4.248289034661858 50.93038021472786 -1.6655283672639412
3059 -41.17325899766492 -30.31469088837287 -1.6505778190404183
3060 -5.30691243137514 50.8309774545455 -1.6655283672637702
3061 -40.54202733372691 -31.166003672388026 -1.6454814010780239
3062 -39.88572984964609 -32.002326593646636 -1.6451801161130972
3063 -6.363238769320932 50.70957287242063 -1.6655283672642325
3064 -39.2114278009793 -32.82504346268118 -1.6451855538845672
3065 -37.80942834245381 -34.41885802799959 -1.6506251963816547
3066 -38.52034087570729 -33.63277478478953 -1.6454514362808506
3067 -7.416810825264232 50.56621901745292 -1.6655283672639185
3068 -8.467172568140608 50.40097793932293 -1.6655283672638221
3069 -9.513869356445559 50.21392116143943 -1.6655283672639611
3070 -34.810338169783996 -37.449404525987774 -1.6505791392626068
3071 -10.556448135023642 50.00512964997997 -1.6655283672640788
3072 -34.03169701864094 -38.16827348036952 -1.645496686563265
3073 -32.414247023764545 -39.54216086386726 -1.6502554908443896
3074 -33.2315593541156 -38.86701026034685 -1.6454458778825072
3075 -11.594457631171313 49.77469377884453 -1.6655283672639412
3076 -12.627448549966374 49.52271329053726 -1.6655283672637307
3077 -30.73419799289779 -40.86183012135286 -1.6501604654484487
3078 -13.654973768738945 49.24929725299403 -1.665528367264312
3079 -29.884423596081785 -41.495785520081945 -1.6454596193263304
3080 -29.015526872786147 -42.108428646904464 -1.6451786982658905
3081 -14.676588530609965 48.9545640123771 -1.6655283672640198
3082 -28.13333956054936 -42.70286816092317 -1.6451842326465647
3083 -27.239148489781613 -43.2782274500688 -1.6454785879747025
3084 -26.332716556813573 -43.827747126044414 -1.6501384177638871
3085 -15.69185063700082 48.63864114184153 -1.6655283672638617
3086 -16.700320639029716 48.301665386323805 -1.6655283672637995
3087 -24.478795386559813 -44.88940150859481 -1.6502294081729554
3088 -17.701562027732326 47.94378260334859 -1.6655283672637191
3089 -23.546424274720366 -45.392711719296855 -1.6457744436345267
3090 -22.598306885842625 -45.86500429955089 -1.650147029293065
3091 -18.695141422992958 47.565147699896954 -1.6655283672642787
3092 -20.662648634435755 -46.76884266167403 -1.6502300702148394
3093 -19.680628761139534 47.16592456535756 -1.6655283672638004
3094 -19.691675904415863 -47.192896621082824 -1.6457797229496944
3095 -18.70760994791611 -47.58465512281006 -1.6502007377256525
3096 -20.65759748108572 46.74628600058214 -1.6655283672638785
3097 -16.70353605478293 -48.32465181323438 -1.6501604489021542
3098 -21.625624708967884 46.3064136430978 -1.6655283672637808
3099 -15.70015962387015 -48.66707301024624 -1.6454594977208643
3100 -22.584291441182202 45.84649788848094 -1.6655283672641241
3101 -14.685126123830958 -48.9833420637879 -1.6451775749560498
3102 -13.663001999342107 -49.27823246556142 -1.645170210581353
3103 -23.533182725749352 45.36673780794965 -1.6655283672640424
3104 -12.634934706268963 -49.551773118433786 -1.645183893252176
3105 -10.565489168690801 -50.02643437546637 -1.6502032516141525
3106 -11.602024420294095 -49.803376015429066 -1.6454309510176448
3107 -24.47188784192096 44.86734106219339 -1.6655283672641241
3108 -25.400000477959285 44.348523811491894 -1.6655283672637808
3109 -7.423849807969499 -50.58774501808553 -1.650472406258495
3110 -8.467202778160031 -50.423604122464916 -1.6504731852983219
3111 -26.317118907003696 43.81051062214877 -1.6655283672638785
3112 -27.222846160957683 43.253534369293185 -1.6655283672637808
3113 -5.305341646470712 -50.85350643038592 -1.6505241101965216
3114 -4.253842719259329 -50.95230384017561 -1.6504794167669212
3115 -28.116790202311662 42.6778361360781 -1.6655283672641241
3116 -2.1224659783075186 -51.08595618365438 -1.6501625153294666
3117 -28.99856409383628 42.08366510933224 -1.6655283672640229
3118 -1.063079612025077 -51.12579372277926 -1.6454735865056298
3119 1.0592497705413189 -51.11894956083226 -1.6502346114344864
3120 -0.0007708023031475775 -51.13688218615543 -1.6454479273418308
3121 -29.867786166063013 41.4712784716977 -1.665528367264002
3122 -30.724080182487306 40.84094129031376 -1.6655283672639833
3123 4.246323080058192 -50.952940913432215 -1.6504727044753014
3124 3.1929623274968986 -51.029730613384736 -1.6505063848672825
3125 -31.56707550242131 40.19292640208247 -1.6655283672638457
3126 -32.39640724142036 39.52751429557339 -1.6655283672643248
3127 6.3705749782215735 -50.73152651707448 -1.650214563863695
3128 7.421933291236328 -50.59538372215117 -1.6454666573483583
3129 -33.211716429223095 38.844992989619506 -1.6655283672643053
3130 8.472160237162106 -50.430553553705096 -1.645194460063701
3131 10.556200659115413 -50.02776457141229 -1.65062559225563
3132 9.51846611528803 -50.24319880939172 -1.645451281693071
3133 -34.01265016513132 38.14565790864279 -1.6655283672636885
3134 -34.79886177075146 37.429811754787764 -1.6655283672643053
3135 -35.57001094006127 36.697764376902335 -1.6655283672642667
3136 15.695081653247854 -48.6610319382237 -1.6504849522876057
3137 14.68678465502128 -48.97425107029732 -1.6508375758647436
3138 -36.32576388670848 35.94983263641028 -1.6655283672637307
3139 -37.065793488477254 35.1863402701709 -1.6655283672644465
3140 17.713683122551984 -47.96349904725199 -1.6502158875494857
3141 18.706673712662898 -47.592391196688986 -1.645484265458573
3142 -37.78977942889397 34.4076177503505 -1.6655283672644465
3143 20.662008766072052 -46.768433559664636 -1.6506631699713372
3144 19.69123903754452 -47.19355893918723 -1.645473734213712
3145 -38.497408335868705 33.61400214137244 -1.6655283672637307
3146 -39.188373917330345 32.80583695402745 -1.6655283672642076
3147 -39.86237709381156 31.98347199679072 -1.6655283672642107
3148 24.486838219024456 -44.88443433011578 -1.6505781472366623
3149 25.415482762093006 -44.373742482756526 -1.645481261107785
3150 -40.51912612790018 31.147263224399694 -1.6655283672642498
3151 26.332657773697964 -43.83619166664074 -1.6451786817445573
3152 -41.15833675051277 30.297572583791187 -1.6655283672643701
3153 27.23884163226964 -43.27894986797018 -1.645169017065958
3154 28.13330322223879 -42.702918248913406 -1.6451691385569363
3155 -41.77973228394286 29.434767857429758 -1.6655283672642893
3156 29.015594637042238 -42.10839864358139 -1.6451691973607008
3157 29.885327155709298 -41.49565241629878 -1.6451693312582711
3158 -42.38304376161599 28.55922250411736 -1.6655283672641477
3159 30.7421203824044 -40.864945928453636 -1.64517052976236
3160 31.5855495558723 -40.21657298167493 -1.6451846440062305
3161 -42.96801004451069 27.6713154973448 -1.6655283672639696
3162 33.22299188136364 -38.86513312128965 -1.6502563868103435
3163 32.41451652451713 -39.550999285861074 -1.645436404017064
3164 -43.53437793419063 26.771431161255123 -1.6655283672639696
3165 -44.081902282399675 25.859959004292712 -1.6655283672641863
3166 35.582678021162614 -36.716474215483245 -1.650519507862235
3167 34.81676296505003 -37.44373921281774 -1.6504249015555983
3168 -44.610346097173505 24.937293550606505 -1.6655283672642471
3169 37.085390511905295 -35.19877528786528 -1.650161241904021
3170 -45.1194806454188 24.00383416928232 -1.6655283672642276
3171 37.812227049796284 -34.42694425044279 -1.6454595160363819
3172 38.52007681776694 -33.63368000908381 -1.6451774398481418
3173 -45.60908555191861 23.059984901480625 -1.6655283672641095
3174 39.211399743036296 -32.825114402596505 -1.645168948057882
3175 39.885793596896626 -32.002272531942964 -1.6451691325063016
3176 -46.07894889472097 22.106154285547685 -1.6655283672641095
3177 40.542928209536925 -31.165573038986942 -1.6451691825975718
3178 -46.52886729686637 21.14275518018718 -1.6655283672641898
3179 41.18251455612651 -30.31538330106434 -1.64516918797834
3180 41.804275383580595 -29.4520717338973 -1.6451691885944117
3181 -46.95864601442055 20.170204585751435 -1.6655283672642498
3182 42.4079415318102 -28.576012048723694 -1.6451691898829819
3183 42.99325167933759 -27.687583456996325 -1.6451692028823826
3184 -47.36809902076504 19.188923463751248 -1.6655283672643701
3185 43.55995221660099 -26.787170650720007 -1.6451693317631877
3186 44.10779506545938 -25.875165425907056 -1.645170529674929
3187 -47.757049087120144 18.199336554641867 -1.6655283672642325
3188 44.6365013970534 -24.95200245267213 -1.6451846424485939
3189 45.62724823531021 -23.074229512399217 -1.6502558040857394
3190 45.145237147841144 -24.018534334498867 -1.6454363858849228
3191 -48.12532785925528 17.201872193977756 -1.6655283672640318
3192 -48.47277593035887 16.196962127013727 -1.6655283672644328
3193 46.551406451675575 -21.148154565374746 -1.6501752178701747
3194 -48.79924291004085 15.185041321824396 -1.6655283672644892
3195 47.38749059754099 -19.201521752668583 -1.6502099138560085
3196 46.985492632694786 -20.181767720614676 -1.6457211515291186
3197 -49.10458748942437 14.166547781030348 -1.66552836726409
3198 48.147587554496425 -17.20568559544697 -1.6505238567249734
3199 48.49275890922311 -16.207553117283357 -1.650479415590151
3200 -49.38867750231038 13.141922352212662 -1.6655283672637093
3201 -49.65138998238386 12.111608537099185 -1.6655283672643897
3202 49.1277059277064 -14.168565690190789 -1.650162767061734
3203 -49.892611216445275 11.07605229959424 -1.6655283672643515
3204 49.417461715601405 -13.148803621920521 -1.6454760383119948
3205 49.913115638634345 -11.085639233353168 -1.6506261971096103
3206 49.67995538007408 -12.119447394608054 -1.6454597401273312
3207 -50.112236793622884 10.035701872743433 -1.6655283672642942
3208 -50.31017165056945 8.991007564725718 -1.6655283672642942
3209 -50.48633011260998 7.942421563936765 -1.6655283672642942
3210 50.66273773493914 -6.889056965230711 -1.6508831253172
3211 50.79483096795576 -5.841500262829414 -1.6504423790619915
3212 -50.65326803775416 6.875218634564952 -1.6585181355720606
3213 -50.76627889199272 5.768934396927387 -1.6749116444679477
3214 50.994263255186496 -3.716023459888967 -1.6505378352442484
3215 51.059664201635755 -2.662290038531352 -1.650849713212946
3216 51.104343882509234 1.6002647087793356 -1.6505974202078186
3217 51.06717281043872 2.6587685997392647 -1.6458229449379482
3218 50.99423133538275 3.7150137695942433 -1.6506098255606045
3219 50.33226630945887 8.990615965903864 -1.6509091620700445
3220 50.50719469240522 7.949786813894911 -1.6508582106215939
3221 49.12660317475813 14.168449030492825 -1.650909963693136
3222 49.408664822745614 13.151413640094248 -1.6508581155435813
3223 46.97690055955383 20.182735382156086 -1.6508838407644908
3224 46.550709033765706 21.148751415433733 -1.6504409092869765
3225 45.62728905970852 23.074282591156678 -1.6502144585427265
3226 45.145219412907934 24.018478760566847 -1.645465238438395
3227 44.63650385619937 24.95201754961177 -1.6451780664066957
3228 44.107805405292865 25.87514841912693 -1.645170313191
3229 43.559978979073726 26.78708499673026 -1.6451845889712184
3230 42.40433970034091 28.568124487643594 -1.6502563862834783
3231 42.99340922091396 27.68662475739374 -1.645436398171142
3232 40.53916003111124 31.15771105112546 -1.6505195078656008
3233 41.1742171737812 30.313766340213704 -1.6504249015503238
3234 39.20296529811244 32.82388585814429 -1.6501612431941823
3235 38.51917161761449 33.63409610459474 -1.6454595296020318
3236 37.8119170720943 34.42789067513901 -1.6451775749872386
3237 37.087575431279205 35.207010199768206 -1.6451702104903134
3238 36.34714532011431 35.970888525197786 -1.64518389324342
3239 34.8175826846414 37.44341909728062 -1.6502032516150074
3240 35.59126705890698 36.71845506451729 -1.6454309510169813
3241 32.41352589181447 39.542342241951346 -1.6504724147394767
3242 33.22339349660923 38.86437314719803 -1.650473185501494
3243 29.883959803767986 41.48704155737261 -1.6505247493905943
3244 30.73453476322797 40.86099499662886 -1.6504787828049556
3245 28.125585888864066 42.699311340547624 -1.6501625854997264
3246 27.237965304234994 43.278979521274806 -1.6454742602008592
3247 25.41514300670772 44.36602809281506 -1.6502016104768895
3248 26.33303725687072 43.835524042872656 -1.6454391518841747
3249 23.53959888350087 45.388978292758665 -1.6502141771648566
3250 22.596618830822507 45.87342343524306 -1.6454652219335975
3251 21.638245438106516 46.333648805882355 -1.6451779244269367
3252 20.669736829629105 46.77375312066907 -1.6451689734202701
3253 19.69220186496349 47.193634755634804 -1.6451691482162887
3254 18.70613641233755 47.59309203305051 -1.6451693306814574
3255 17.71197597550593 47.97194664285499 -1.6451706222261664
3256 16.710185050114273 48.32999882802483 -1.6451887805378127
3257 15.701589702129064 48.666533139118556 -1.6455111116608223
3258 14.687710166154762 48.97433427075029 -1.650601191426822
3259 13.656133271269447 49.27197426094249 1.6505799378969521
3260 12.633882843482477 49.5515966947834 1.6454816343404821
3261 11.60117366130062 49.80394895741667 1.645178703295949
3262 10.562651553549857 50.03451195994416 1.645169018624867
3263 9.519469121255545 50.24342429610024 1.645169137335698
3264 8.472158091342552 50.43059099263739 1.6451691830079533
3265 7.421179265410695 50.595929363565965 1.6451691880033805
3266 6.366988181806586 50.73936766728417 1.645169188471184
3267 5.310041189292802 50.860843802918104 1.6451691885136905
3268 4.250795783471867 50.960305189269775 1.6451691885172015
3269 3.1897104513387826 51.03770877510937 1.6451691885174977
3270 2.1272444760437024 51.09302105684677 1.645169188517555
3271 1.0638577383211358 51.12621809295956 1.6451691885175208
3272 1.0517449987353895e-05 51.13728551434996 1.6451691885174813
3273 -1.063836707973285 51.12621853056404 1.64516918851773
3274 -2.1272234593508186 51.093021931866836 1.645169188517615
3275 -3.1896894573982397 51.03771008716605 1.6451691885175452
3276 -4.250774821371439 50.9603069377948 1.6451691885174564
3277 -5.310020268125162 50.860845987147854 1.6451691885173632
3278 -6.366967310906781 50.739370286179664 1.645169188517825
3279 -7.421158457813581 50.59593241477305 1.645169188517463
3280 -8.472137409812055 50.43059445897436 1.6451691885173805
3281 -9.519449258243027 50.24342798412533 1.6451691885175146
3282 -10.56264068172716 50.034514003884965 1.6451691885176096
3283 -11.601260142381793 49.80394294516293 1.6451691885174604
3284 -12.634858081265609 49.55181460897833 1.6451691885173196
3285 -13.662987112964743 49.27823812726231 1.6451691885178068
3286 -14.685202219244607 48.983331915623424 1.6451691885176025
3287 -15.701060941670566 48.66722362208688 1.6451691885174369
3288 -16.710123573121223 48.330050071847545 1.6451691885173774
3289 -17.71195334811557 47.97195720804449 1.6451691885173632
3290 -18.706116631860617 47.593100028590804 1.6451691885177109
3291 -19.6921831079513 47.193642519084946 1.645169188517427
3292 -20.669725964625986 46.77375758182714 1.645169188517424
3293 -21.63832207950986 46.333626960984446 1.6451691885174027
3294 -22.597552202760863 45.87344116392115 1.6451691885176127
3295 -23.547001138539553 45.393399378740696 1.6451691885176016
3296 -24.48625792472258 44.893709388066824 1.6451691885176127
3297 -25.41491601078533 44.37458747910786 1.6451691885174027
3298 -26.3325734337736 43.83625835003698 1.645169188517424
3299 -27.238832992290817 43.27895501273521 1.6451691885174036
3300 -28.13330241842373 42.70291869193194 1.6451691885176198
3301 -29.01559454753347 42.108398720794284 1.6451691885175683
3302 -29.885327485836186 41.4956524330028 1.645169188517548
3303 -30.742124775702873 40.86494505136849 1.645169188517527
3304 -31.585615558607127 40.21654957303195 1.6451691885174542
3305 -32.415434735646755 39.550746651298965 1.6451691885177975
3306 -33.23122312557708 38.867824474162774 1.6451691885177664
3307 -34.032627620279165 38.168078639560676 1.645169188517349
3308 -34.81930133759611 37.451812027429234 1.6451691885177673
3309 -35.59090377148428 36.719334668607004 1.6451691885177442
3310 -36.34710093939741 35.970963610633596 1.6451691885173956
3311 -37.08756552684344 35.20702278052338 1.6451691885178774
3312 -37.811977029067954 34.42784284455585 1.6451691885178814
3313 -38.5200218897785 33.63376106514488 1.6451691885173965
3314 -39.211393636862674 32.82512115485992 1.6451691885176856
3315 -39.88579301504704 32.00227312765523 1.6451691885177362
3316 -40.54292811542588 31.165573147362895 1.645169188517746
3317 -41.182514501810324 30.315383373534708 1.6451691885178503
3318 -41.80427533384696 29.452071804681715 1.6451691885177793
3319 -42.40794148684444 28.576012118989045 1.6451691885176682
3320 -42.9932516682627 27.687583512572505 1.6451691885175288
3321 -43.55995253081144 26.787170535345933 1.6451691885175248
3322 -44.107798782109704 25.87516292457202 1.6451691885176967
3323 -44.63655329085967 24.951955436167008 1.645169188517741
3324 -45.145987189486206 24.017947673832726 1.6451691885177402
3325 -45.63587997320097 23.073543916092046 1.645169188517643
3326 -46.10601959544614 22.119152941298875 1.645169188517638
3327 -46.55620255967704 21.155187850703275 1.6451691885177127
3328 -46.986234007445226 20.1820658896411 1.645169188517749
3329 -47.39592780274 19.200208266934474 1.6451691885178574
3330 -47.78510661255775 18.210039972572872 1.6451691885177917
3331 -48.153601983656465 17.211989593760666 1.6451691885183504
3332 -48.50125441545871 16.206489129416443 1.6451691885263422
3333 -48.82791342897314 15.193973803286305 1.6451691886121895
3334 -49.133437630660175 14.17488187671032 1.6451691895421185
3335 -49.41769476064311 13.149654471477325 1.645169199338322
3336 -49.680561621837114 12.118735510620049 1.645169298953253
3337 -49.921922921560196 11.082572850978021 1.6451702739853538
3338 -50.14166026767274 10.041630663119276 1.6451795231602722
3339 -50.339555163276195 8.996500212316462 1.6452647520309358
3340 -50.51475219969471 7.948729538255075 1.6458411603916345
3341 -50.661471636128645 6.904455801866818 1.6503202832829862
3342 -51.814331858409865 4.390325237371139 -0.001498417971382368
3343 -51.60731811079809 4.3710099947847745 0.8879182096979139
3344 -50.98921458894212 4.214075680620803 1.6270518066491806
3345 -51.01108803043905 -4.305279706786535 -1.6056376777266674
3346 -51.605669220218125 -4.391395133552627 -0.8877538192178736
3347 -51.81477349455621 -4.385115667391314 -0.0005647134371710204
3348 -51.607052580903115 -4.390777485899149 0.8850718518362926
3349 -51.009726701305745 -4.304764715944687 1.6066763213847777
3350 -50.75357626961826 5.874794374370592 1.6752752931695762
3351 -50.93043870663376 4.470059918789476 -1.6527595621618985
3352 -51.604657260567464 4.383528839385292 -0.8911266931015003
3353 -50.24710628782253 -4.51294177509848 1.9488642703360384
3354 -50.24738400708312 -4.513066161038973 -1.9487979032668044
3355 -50.08675430711895 4.272395806242244 -1.9818758082701606
3356 -50.19680806473617 4.47858680770666 1.9603630174709217
3357 -51.269900126116966 5.227694510867706 -1.28122359379135
3358 -51.08731773630748 4.999533082725997 1.4924672966900467
3359 -51.168621313035274 -5.209583615619327 1.395033585706385
3360 -51.66074353277965 -5.350816612004399 0.4975891285984856
3361 -51.661610700942965 -5.337916665526144 -0.49939531186162955
3362 -51.168069651709445 -5.214342838354948 -1.3951019467714012
3363 -51.67229035325295 5.256232009594102 0.4904169686830021
3364 -51.66650255177099 5.3406956493535755 -0.4789733030883395
3365 -51.345384987413745 6.574647491485855 0.9413616473356876
3366 -51.22752175554705 7.541960736425388 0.9124531859792104
3367 -51.06425974796905 8.583362732347437 0.9107073529116303
3368 -50.87564007182988 9.63978297999775 0.9102648813262069
3369 -50.66422494467259 10.695514790867774 0.9102354620863591
3370 -50.43077155761431 11.747131702538748 0.910233624895807
3371 -50.17547515992337 12.793729834450312 0.9102334838116826
3372 -49.89845884599864 13.834798015058539 0.9102334701660577
3373 -49.59984412491164 14.869878754723413 0.9102334687979117
3374 -49.27976044404059 15.898523264151173 0.9102334686642148
3375 -48.93834637158977 16.92028622150841 0.9102334686514044
3376 -48.57574968862235 17.934725355907574 0.9102334686501232
3377 -48.19212734275538 18.94140157388508 0.9102334686501596
3378 -47.78764538218073 19.939879142825063 0.9102334686501263
3379 -47.36247888399959 20.929725878907863 0.9102334686500426
3380 -46.91681187846432 21.910513334112412 0.9102334686501186
3381 -46.45083726932367 22.88181698166358 0.9102334686499762
3382 -45.964756750325996 23.843216399783202 0.9102334686501028
3383 -45.45878071791814 24.79429545366768 0.9102334686500522
3384 -44.93312818017575 25.73464247560914 0.9102334686501028
3385 -44.38802666200831 26.663850443181925 0.9102334686500331
3386 -43.82371210667575 27.5815171554202 0.9102334686499494
3387 -43.24042877366309 28.487245406906275 0.9102334686500331
3388 -42.63842913295402 29.380643159699368 0.9102334686500679
3389 -42.01797375575063 30.2613237130265 0.9102334686501263
3390 -41.37933120168768 31.12890587066249 0.9102334686501343
3391 -40.72277790258764 31.983014105929005 0.910233468650022
3392 -40.0485980428103 32.823278724236815 0.9102334686501643
3393 -39.35708343624523 33.64933602310704 0.9102334686499367
3394 -38.648533400001135 34.46082844959668 0.9102334686499856
3395 -37.92325462485213 35.25740475506036 0.9102334686502656
3396 -37.18156104248347 36.03872014719182 0.9102334686500126
3397 -36.423773689611394 36.804436439259796 0.9102334686498861
3398 -35.65022056902708 37.554222196488645 0.9102334686502498
3399 -34.861236507618806 38.28775287952277 0.9102334686499334
3400 -34.05716301144516 39.0047109848976 0.910233468649913
3401 -33.23834811792108 39.704786182466925 0.9102334686502214
3402 -32.405146245166414 40.387675449732356 0.9102334686499682
3403 -31.557918038600544 41.0530832030008 0.9102334686499636
3404 -30.69703021484267 41.70072142532514 0.9102334686499967
3405 -29.8228554029776 42.33030979117242 0.9102334686499602
3406 -28.935771983266978 42.94157578775977 0.9102334686500269
3407 -28.036163923370577 43.53425483300974 0.9102334686499602
3408 -27.124420612147308 44.10809039007309 0.910233468649916
3409 -26.200936691113686 44.66283407836757 0.9102334686499287
3410 -25.26611188362353 45.198245781089284 0.9102334686499587
3411 -24.320350821852397 45.71409374914435 0.9102334686500047
3412 -23.36406287165346 46.210154701461 0.9102334686500109
3413 -22.397661955368154 46.68621392163421 0.9102334686499651
3414 -21.421566372661726 47.1420653508646 0.9102334686499176
3415 -20.436198619466957 47.57751167714886 0.9102334686499098
3416 -19.441985205108576 47.992364420685455 0.9102334686499904
3417 -18.439356467692154 48.38644401545656 0.9102334686500442
3418 -17.428746387832955 48.75957988695295 0.910233468649791
3419 -16.41059240081511 49.11161052600336 0.9102334686500109
3420 -15.38533520724824 49.44238355868525 0.9102334686498781
3421 -14.353418582313433 49.75175581227686 0.9102334686501914
3422 -13.315289183678793 50.039593377230226 0.9102334686499809
3423 -12.271396358164148 50.30577166513183 0.9102334686498101
3424 -11.222191947251412 50.55017546262901 0.9102334686500109
3425 -10.168130091501618 50.7726989813013 0.9102334686500015
3426 -9.109667033985318 50.973245903448806 0.9102334686499176
3427 -8.047260922801863 51.151729423782825 0.9102334686498323
3428 -6.98137161277419 51.30807228699866 0.910233468650117
3429 -5.91246046640219 51.44220682121599 0.9102334686501075
3430 -4.8409901541632845 51.55407496726946 0.910233468649799
3431 -3.767424454255002 51.643628303838376 0.9102334686500173
3432 -2.6922280518468367 51.71082806840738 0.9102334686499256
3433 -1.6158663379459508 51.755645174042826 0.9102334686501059
3434 -0.5388052079562994 51.77806022198412 0.9102334686500015
3435 0.5384891399817994 51.77806351003927 0.9102334686499367
3436 1.6155504067798392 51.75565503678501 0.910233468649992
3437 2.6919123942372685 51.71084450156748 0.9102334686499065
3438 3.7671092068338834 51.64365130030394 0.9102334686488183
3439 4.840675453402723 51.55410451708973 0.9102334686376861
3440 5.912146448730427 51.44224291163206 0.91023346851664
3441 6.981058416335471 51.30811490266092 0.9102334672631611
3442 8.046948705335286 51.15177854848433 0.9102334547465158
3443 9.109356123308922 50.97330153586397 0.9102333355775323
3444 10.167821280139728 50.77276143929471 0.9102322906771216
3445 11.221864288181408 50.550252033169095 0.9102261514336161
3446 12.270567872637548 50.30591234039984 0.9103501947486701
3447 13.309573602189296 50.0389101272909 0.9143883151202086
3448 15.389197124298702 49.4385861181186 -0.9150659446462257
3449 16.4110456671315 49.11132488052613 -0.9104824228247494
3450 17.42854853848422 48.75965000394116 -0.9102345783365224
3451 18.439072883344817 48.386552108248814 -0.910233424857438
3452 19.441693818841276 47.99248253206579 -0.9102333414560926
3453 20.435909732171357 47.577636449031175 -0.9102322358667221
3454 21.421264783268008 47.142206761659466 -0.9102256875416377
3455 22.396932071177346 46.686500495822706 -0.9103456154681597
3456 23.35902533390954 46.2103915516571 -0.91425538958145
3457 26.203219783374994 44.658870272274484 -0.9146485309526957
3458 27.124314898132955 44.10800494000835 -0.9104841778270107
3459 28.031430063732437 43.53485589048253 -0.9142479323400738
3460 30.694436118741805 41.69732782679049 -0.9185413488056029
3461 33.23539440892884 39.70169248778959 -0.9185362801989727
3462 35.6515574251056 37.549826662895995 -0.914655887338363
3463 36.42400257835425 36.80411018029999 -0.9103721495739909
3464 37.18140684836982 36.03888096171068 -0.9102311110568118
3465 37.92303987901313 35.257641644262456 -0.9102255986249612
3466 38.6479906372573 34.46135121513879 -0.9103453675807907
3467 39.352661718542244 33.65134028249446 -0.9142490912024681
3468 41.37600038963322 31.12623276993467 -0.9185372742560551
3469 43.24084463250073 28.48248709625755 -0.9146617746193888
3470 43.823880452625566 27.5811161174705 -0.9103726365213656
3471 44.3879155963836 26.66403758217382 -0.9102312059159492
3472 44.93297195350328 25.734923283237425 -0.9102256555287795
3473 45.45835659029496 24.794953362910046 -0.9103455887984115
3474 45.960806877422556 23.846354147152876 -0.9142549569434859
3475 47.35810662799301 20.928895175004556 -0.9186653571380707
3476 49.894209236466516 13.833665327701176 -0.9187868236837524
3477 51.06095132499455 8.577963715585572 -0.9187905581982911
3478 51.67777633168772 3.225246614572377 -0.9151861031837454
3479 51.733608639268134 2.158253275334321 -0.9146316489933284
3480 51.67566064088704 -3.2303760537800197 -0.9186594655257085
3481 -51.33320170055206 6.35523045316187 -1.0119340962299033
3482 51.37374304176831 -6.445734995018491 -0.9186642905740439
3483 -51.168549644104516 7.492337473300199 -1.030346589372154
3484 -50.99435056612 8.565678661389212 -1.0393168828920558
3485 -50.804970179268466 9.625762192495108 -1.0392270216655208
3486 50.42731787844935 -11.751693891594385 -0.9147747680666407
3487 50.1752510077014 -12.79408304889496 -0.9104876477109618
3488 -50.59372426435175 10.68068968966429 -1.0391988075467924
3489 49.89753760021438 -13.830418450239115 -0.9142482282426643
3490 -50.36057665545566 11.730922067957872 -1.0391964789505233
3491 -50.10563045388187 12.776072263563334 -1.039196287666499
3492 48.93423459711874 -16.919108141184655 -0.9185417343788633
3493 -49.82899633958973 13.815692185929585 -1.0391962698194677
3494 47.78400736017961 -19.942560557030966 -0.9147675730279357
3495 -49.53079409544717 14.849332078171281 -1.0391962681310352
3496 47.36189181758208 -20.92578489427925 -0.9143884319068993
3497 -49.21115280324098 15.876544544680948 -1.0391962679755369
3498 -48.87021081837731 16.896884963550285 -1.0391962679608544
3499 45.9606618470761 -23.84617909108702 -0.9146621699791699
3500 45.45836167024021 -24.794915010431183 -0.9103727894143019
3501 -48.50811571525212 17.9099116876636 -1.0391962679591953
3502 44.93308037457343 -25.7347270016824 -0.9102324410087266
3503 44.38802066212933 -26.663860458788577 -0.9102334409952126
3504 -48.125024224132126 18.915186235690566 -1.0391962679597797
3505 43.823711432268176 -27.581518214152307 -0.9102334820105695
3506 43.240428741370074 -28.487245454301696 -0.9102334703956116
3507 -47.721102163408304 19.912273481792823 -1.0391962679597677
3508 42.63842917402964 -29.380643100052694 -0.9102334686900317
3509 42.01797380501617 -30.26132364588332 -0.9102334672069008
3510 -47.296524367830756 20.90074184394847 -1.0391962679593867
3511 41.37933124286879 -31.128905828371103 -0.910233454006449
3512 -46.851474612835474 21.88016347075615 -1.0391962679595022
3513 40.722777850928516 -31.98301428767214 -0.9102333285093127
3514 40.048597722976204 -32.823280115162724 -0.9102322275999954
3515 -46.38614553499921 22.8501144266299 -1.039196267959059
3516 39.35709610874586 -33.64932736110362 -0.910225636648877
3517 38.648781321714885 -34.46046446097931 -0.9103453553127183
3518 -45.900738548655994 23.810174875294436 -1.03919626795954
3519 37.92452583962057 -35.25301443953583 -0.914249089475548
3520 -45.39546375871973 24.759929261509228 -1.0391962679595323
3521 35.64695546140131 -37.551435938240765 -0.9185372742589413
3522 -44.870539869738 25.698966490939377 -1.0391962679596083
3523 -44.326194091230086 26.626880108093673 -1.0391962679592441
3524 33.23342612264675 -39.70594543765465 -0.9146617891365383
3525 -43.7626620393393 27.543268472256337 -1.0391962679588875
3526 32.40452073747018 -40.38808602314809 -0.9103727757867885
3527 31.55784135157566 -41.05314281571884 -0.9102324406303288
3528 -43.180187634849396 28.447734931333233 -1.0391962679592002
3529 30.69702081745474 -41.70072836142887 -0.910233439605522
3530 29.822854355060755 -42.33031052981541 -0.9102334680788582
3531 -42.579022997605506 29.3398879935415 -1.0391962679594915
3532 28.935771776650913 -42.941576008100355 -0.9102333370414581
3533 28.036163445634035 -43.53425585838679 -0.9102322880814444
3534 -41.95942833738454 30.21934149686342 -1.0391962679598103
3535 27.124439942745703 -44.108082907642164 -0.9102261273313759
3536 -41.32167184126614 31.085714776193836 -1.0391962679597646
3537 26.201356345910813 -44.66251887645146 -0.910349922033389
3538 25.269460698895976 -45.19393723788252 -0.9143820997733838
3539 -40.666029557548995 31.938632828108627 -1.0391962679593854
3540 -39.992785276266154 32.77772647318045 -1.0391962679597269
3541 -39.30223040634961 33.602632515778225 -1.039196267958725
3542 20.430523918478045 -47.57724680250755 -0.9150746637246194
3543 -38.59466384949139 34.412993901271705 -1.0391962679591438
3544 19.441563058174843 -47.99234573664861 -0.9105773724226383
3545 18.442528287977982 -48.38302915985354 -0.9142552312292302
3546 -37.87039187077477 35.20845987057769 -1.0391962679603823
3547 -37.12972796610135 35.98868611199237 -1.0391962679591482
3548 15.384694395979341 -49.43804394040239 -0.9186636077687498
3549 -36.372992726496705 36.75333491021522 -1.0391962679587339
3550 -35.60051369935346 37.50207529252594 -1.039196267960167
3551 -34.81262524664724 38.23458317205405 -1.0391962679588493
3552 10.162521450489383 -50.77144369193258 -0.9147815445272807
3553 9.108849162008035 -50.973322138363486 -0.9103681284825
3554 -34.00966840020821 38.950541488047385 -1.0391962679588311
3555 8.04760648707456 -51.15161747409503 -0.9103447533767886
3556 6.985329922108549 -51.30545333542844 -0.914254935537246
3557 -33.1919907141188 39.649640343110136 -1.0391962679601776
3558 -32.35994611426736 40.331577137348745 -1.0391962679591757
3559 3.7671476847595033 -51.639357693427286 -0.9185580068564085
3560 -31.51389474515473 40.996056699340365 -1.039196267958845
3561 -30.654202814015235 41.64279141389807 -1.0391962679591331
3562 0.5346021734405567 -51.77575387542491 -0.9148162375820319
3563 -0.5387239394071369 -51.77793650417616 -0.9104771215512686
3564 -29.78124243230017 42.27150134656642 -1.0391962679591393
3565 -1.6114931819806169 -51.753723586385085 -0.9142466827711972
3566 -28.895391454613545 42.88191436478591 -1.0391962679594018
3567 -4.840503748216174 -51.5498310486329 -0.918541327573904
3568 -27.997033315162092 43.473766255684716 -1.0391962679590678
3569 -27.08655686178506 44.04680084044144 -1.0391962679587206
3570 -8.046321846309404 -51.14755646672125 -0.9185362828369008
3571 -26.164356187648877 44.600770085168584 -1.039196267958725
3572 -25.230830460663046 45.135434208274596 -1.0391962679590678
3573 -11.225601282266888 -50.54709591164009 -0.9146558873414086
3574 -12.271760486023917 -50.30560987169826 -0.9103721496075301
3575 -24.286383750705856 45.65056178425011 -1.0391962679593911
3576 -13.315074109407949 -50.0396518536784 -0.9102311114344599
3577 -14.35311242604613 -49.7518483219469 -0.9102256027004054
3578 -23.33142485472252 46.1459298438402 -1.0391962679594018
3579 -15.38460077221604 -49.44255216738028 -0.910345407740671
3580 -22.366367119783263 46.62132397055326 -1.0391962679590678
3581 -16.40577356614131 -49.111050230835 -0.914249580878367
3582 -21.391628264166485 47.076538393470926 -1.0391962679587206
3583 -19.444573009860502 -47.9888111196542 -0.914761353977068
3584 -20.407630196555925 47.511376076312985 -1.0391962679587445
3585 -20.431797785645806 -47.57707117216399 -0.9144111214448525
3586 -19.414798833417002 47.925648802725036 -1.039196267959332
3587 -23.366161335672032 -46.20649535352825 -0.9147557927202159
3588 -18.41356391464575 48.319177257745636 -1.0391962679593698
3589 -24.315895945964346 -45.71403826682246 -0.9144105909730043
3590 -17.404358817551724 48.6917911054231 -1.0391962679583804
3591 -16.38762036928304 49.0433290625389 -1.0391962679589604
3592 -27.126636959831274 -44.104074047615065 -0.9146417833910836
3593 -28.036440397191924 -43.533983136434934 -0.9103874891336863
3594 -15.363788657743491 49.37363896842542 -1.039196267958789
3595 -28.935574530857448 -42.94171389482886 -0.9102252646915798
3596 -29.822216098603953 -42.330690218591556 -0.9103453762033202
3597 -14.333306841104308 49.68257785082123 -1.039196267959818
3598 -30.692273016325203 -41.701667057929335 -0.9142496327346088
3599 -13.296620955987883 49.97001198776106 -1.0391962679591575
3600 -12.25417972439878 50.235816965451754 -1.0391962679585913
3601 -33.24009730728508 -39.700365474496664 -0.9146547877747033
3602 -34.05700713108747 -39.004673545847396 -0.9104891888125204
3603 -11.206434359507274 50.47987773212458 -1.0391962679592956
3604 -34.85592829879901 -38.28971052947272 -0.9143809177099571
3605 -10.153838370337166 50.70208864783839 -1.0391962679592655
3606 -9.096847365468912 50.90235353020115 -1.039196267958857
3607 -8.035918855834595 51.080585696002586 -1.0391962679588298
3608 -38.650075738097 -34.455593401958936 -0.9147827752397379
3609 -39.357366663637 -33.64889363418504 -0.9103747276683585
3610 -6.971512056687736 51.236707998735085 -1.0391962679594036
3611 -40.048455957158836 -32.82345866528682 -0.9102253091235077
3612 -40.72222172171967 -31.98362591731791 -0.9103498839334305
3613 -5.904087688834507 51.37065286198677 -1.0391962679592242
3614 -41.37442213217325 -31.13189369365455 -0.9143820124330828
3615 -4.8341077792104805 51.482362308689865 -1.039196267958634
3616 -3.762035460903664 51.571787986214915 -1.0391962679592153
3617 -2.6883347726838003 51.63889118730364 -1.0391962679590634
3618 -44.3885744923692 -26.658423807434232 -0.9147671150597387
3619 -44.93330862070714 -25.73416332860264 -0.9103930052052298
3620 -1.6134704581488224 51.6836428668186 -1.039196267959666
3621 -45.45868091588918 -24.794479778415973 -0.9102322087137005
3622 -45.964613723136495 -23.84350081006768 -0.910225643656559
3623 -0.537907764564934 51.70602365431918 -1.0391962679592637
3624 -46.450453971592175 -22.882465585080247 -0.910345413883525
3625 -46.91308784879938 -21.91362241570591 -0.9142496220580472
3626 0.5378877585160605 51.70602386244234 -1.039196267958875
3627 1.6134504607602567 51.68364349109759 -1.039196267959138
3628 -48.19154618203208 -18.9366830372384 -0.9146547866222328
3629 2.6883147926105155 51.63889222746785 -1.0391962679590483
3630 -48.57559492674187 -17.934767109179838 -0.9104891774367256
3631 -48.93462356666783 -16.924547000492886 -0.9143808278903005
3632 3.7620155067954313 51.57178944181519 -1.0391962679577413
3633 4.834087859718824 51.482364179100216 -1.039196267946744
3634 5.904067812732759 51.37065514644558 -1.0391962678290554
3635 -50.42675153176337 -11.745304722842953 -0.9186553391784202
3636 6.971492234101165 51.23671069667526 -1.039196266675547
3637 8.035899109597546 51.08058880981207 -1.0391962559937769
3638 -51.06357436638628 -8.573927158176524 -0.9150721659564236
3639 -51.231861714023815 -7.507375471668964 -0.9138797368068028
3640 9.096827827056014 50.9023570855209 -1.0391961650402077
3641 -51.35244045423815 -6.383060695135754 -0.9725275599429453
3642 10.15381998813958 50.70209281478145 -1.039195484933197
3643 11.206435080334888 50.47988137153318 -1.0391901687562815
3644 12.25467055379687 50.23583096027389 -1.0389826061347853
3645 13.303661087437982 49.97422422050731 -1.0294631310650142
3646 14.36681446744337 49.714448735178394 -0.9705252425852562
3647 14.32171902147264 49.727891677780256 0.9697749413253487
3648 15.359532974549925 49.384182192909904 1.0245806011522962
3649 16.386761877143847 49.043829278378254 1.0388634315630885
3650 17.404254750152376 48.69183184531974 1.0391907830317328
3651 18.413537927969905 48.319187173125464 1.0391962490041737
3652 19.414779885061847 47.925656539752694 1.039196174981671
3653 20.407613142074343 47.511383967953414 1.039195412481786
3654 21.3916301180728 47.07654206285146 1.0391895135000295
3655 22.366829078410404 46.62124946716028 1.0389781170062053
3656 23.338654682287704 46.148803327841485 1.0295538524466905
3657 24.32000256161278 45.67428985521348 0.9762224190695576
3658 25.23340672407985 45.17610944358278 0.9761809346187114
3659 24.291379315981857 45.69640963554504 -0.9652631463697605
3660 25.266149881121553 45.16489067253506 -0.9650401573771692
3661 26.16302285546956 44.60838026478713 1.0294491202429943
3662 27.086533302568775 44.04712597327751 1.0387610181956544
3663 28.004480409369027 43.47590664940739 1.0295453019303307
3664 28.93132357706841 42.90200554492658 0.9762174893538325
3665 29.78844830092414 42.31147450471047 0.9760626089632483
3666 29.819264319172007 42.29697379671724 -0.9654462653085609
3667 28.905659651576165 42.926850351455236 -0.9649355944229328
3668 30.65903484718793 41.649139508875045 1.025964501982601
3669 31.550497805321886 41.01433689238395 0.9761107263801976
3670 32.36955951107322 40.37108350618138 0.9760584706979551
3671 31.526935480820022 41.03999097379608 -0.9653410346511957
3672 32.39920501735798 40.35508098854691 -0.9651213870397268
3673 33.197198567137605 39.65568713836819 1.0259600444192074
3674 34.0473214952833 38.96651987799716 0.9761102093580372
3675 34.824304559953575 38.273665145068904 0.9761817577714875
3676 34.0254269826282 38.99356954887494 -0.9653475635767184
3677 34.85377331734954 38.255200070119564 -0.9650372182950351
3678 35.60091666562371 37.50980640257888 1.0294573493705501
3679 36.37261459566666 36.75389344289295 1.0389808075466789
3680 37.12967428858302 35.98874562863708 1.0391915329266728
3681 37.87039169087992 35.20846623485776 1.0391893588220351
3682 38.59506311077995 34.412746796515215 1.0389766266589966
3683 39.310016615606074 33.602496180006646 1.0295489432926304
3684 40.032977142861554 32.78664868115214 0.9762170234733201
3685 40.68441339250318 31.974851783162272 0.976060661226213
3686 40.709788415287534 31.952085434478246 -0.965444170096444
3687 40.01552194948265 32.817825548714396 -0.9649350744158596
3688 41.328128434089706 31.090404832967213 1.025960733278093
3689 41.999738046251906 30.226344566045647 0.9761079737542946
3690 42.59927321180515 29.375283998596345 0.9761859659329921
3691 42.62395009910851 29.350067613011028 -0.9653573205977943
3692 41.98504772166581 30.257265003008957 -0.9650289615564387
3693 43.18233577646891 28.45516545909253 1.0294618484586597
3694 43.762420764950164 27.543896229508555 1.038982159861746
3695 44.32615536123445 26.62694996413861 1.039191710978551
3696 44.870540947918485 25.69897283153487 1.0391895476710449
3697 45.39579494608521 24.75959910435307 1.038978090074949
3698 45.90828539080264 23.808280435163297 1.0295533076819794
3699 46.427302790213076 22.84970188858864 0.9762216865575661
3700 46.87759260711446 21.911266720804864 0.9760665662087145
3701 46.41697522333378 22.884444959012466 -0.9652553037585494
3702 46.896996299642296 21.88408104535982 -0.9651175680594493
3703 47.3041305042449 20.90340284084672 1.0258710924925807
3704 47.76654479442619 19.906908715772868 0.9705940902123937
3705 48.19194482764396 18.935550328801543 0.9147388179565372
3706 47.74943940503714 19.94869734323849 -0.9700425250158298
3707 48.128518911460404 18.923079671478284 -1.029031548959626
3708 48.575911336839965 17.934089687229513 0.9103675195815162
3709 48.938082808067904 16.920883557903338 0.9103389180747741
3710 48.507988330095 17.91066743921773 -1.038962290787092
3711 48.8704955962887 16.89651163413591 -1.0389542542244814
3712 49.2760763985317 15.902736646053235 0.9145486817170339
3713 49.562654798177796 14.882482002408345 0.9702945266145435
3714 49.21874919553067 15.87274059437986 -1.0291622234502524
3715 49.57588906468937 14.838812479960218 -0.9700487410402652
3716 49.8367572367676 13.818054171386 1.025741967250251
3717 50.14978723677522 12.76427125405476 0.9705947112433639
3718 50.42957796849913 11.741820964213407 0.9148499391745604
3719 50.13900753321766 12.807834648108386 -0.9700213479528046
3720 50.365462373859515 11.73771401975601 -1.0287663828606761
3721 50.66114306741095 10.699046316231753 0.9146938222152374
3722 50.840127156667194 9.655369715898049 0.9703002306558515
3723 50.84856070043102 9.611105033247737 -0.9702171294153048
3724 50.600977513521016 10.676909724622652 -1.0287406561610393
3725 51.00219901222276 8.568356288281905 1.0257413101424842
3726 51.204108110491994 7.487785406599854 0.9705975462034233
3727 51.376208034884684 6.441848972556966 0.9148597648133654
3728 51.197908967820545 7.532236504062911 -0.9700254482002237
3729 51.31199525306147 6.444443282361551 -1.0287990140592362
3730 51.49831552316184 5.380813805454495 0.9145313873714747
3731 51.43580998961639 5.3651684190642 -1.029187756269624
3732 51.57156885435384 4.278464782057105 -0.9705216909206236
3733 51.56809827355185 4.325084276760544 0.9697702864662006
3734 51.61664635335884 3.232600848223495 1.0243344526813738
3735 51.67037244897833 2.1467280166585354 1.0290548589712314
3736 51.737844700073225 1.053634645988929 0.9708220308339643
3737 51.77841926437344 -0.005119225856669787 0.9149994644800543
3738 51.73747348176365 1.1001064511022058 -0.9697479283523991
3739 51.71779608000994 0.0066577432248086385 -1.0242925144890784
3740 51.76740285186067 -1.073228586018496 0.9147912915326208
3741 51.70500143633998 -2.13022546880464 0.970294302231467
3742 51.703833384879864 -1.0807116120807547 -1.0287568125119608
3743 51.7032602105339 -2.175650822685123 -0.9700236456253313
3744 51.61621573214122 -3.2251559208813543 1.0258331634984668
3745 51.56505387953996 -4.31908744758645 0.9761184074826157
3746 51.46770450118022 -5.356091101652085 0.9760662108871021
3747 51.5738424169021 -4.285550333943742 -0.9653648171105282
3748 51.470321172906544 -5.3895742555404995 -0.9651139351173297
3749 51.3143489990125 -6.439777978407278 1.0258688189679765
3750 51.197613901044434 -7.532107339635238 0.9705854920197898
3751 51.06210472059221 -8.583367514935114 0.914849136523022
3752 51.2044652015892 -7.487521631624118 -0.9700295015033982
3753 51.001358017076264 -8.56242625663425 -1.0287674717749886
3754 50.87425997069304 -9.634869150988662 0.9146934063365129
3755 50.637567334188894 -10.66652864920139 0.9704157638605058
3756 50.81012793542947 -9.632073375958983 -1.028891972908228
3757 50.62819065659359 -10.712179261103257 -0.9699556860609562
3758 50.36770346933391 -11.726617389336225 1.0293242471186632
3759 50.105947153056356 -12.775894017412696 1.0387639583570825
3760 49.83324895153834 -13.822179551616827 1.0295458391598937
3761 49.56064851702315 -14.87769047956295 0.9762176321431122
3762 49.25145563355998 -15.871566907463759 0.9760627613318309
3763 49.24677829120751 -15.90529074037038 -0.9654299865474858
3764 49.57674590518375 -14.845804559215653 -0.9649354792077789
3765 48.877701505207746 -16.899630230472233 1.0259650396093916
3766 48.53644586074678 -17.939429130191026 0.9761115588566596
3767 48.165692486120165 -18.912226283549295 0.9761713223838675
3768 48.55391092426102 -17.909352396105906 -0.96536471226641
3769 48.158949586244034 -18.94628184308509 -0.9650341655335863
3770 47.72841933575373 -19.910394934799548 1.0292158303949313
3771 47.30020292940414 -20.907230576969205 1.029285921453004
3772 46.87693858079505 -21.912467565286033 0.9762167669823536
3773 46.42688394360503 -22.850597643561454 0.9761863597312543
3774 46.41696495091858 -22.884332578979485 -0.9653621957773573
3775 46.89738089172958 -21.883481532127558 -0.9649451102981117
3776 45.90826005598329 -23.80844789179003 1.0294623643056906
3777 45.395884165736334 -24.759430196657398 1.03898228484698
3778 44.87057220073371 -25.698914566606387 1.0391925692486508
3779 44.32619676401836 -26.62687561282888 1.0391963067664252
3780 43.762662287979104 -27.543268054544594 1.0391962878026266
3781 43.180187697950494 -28.447734833095897 1.0391962701824577
3782 42.579023048272845 -29.33988791993531 1.0391962680304716
3783 41.959428388146755 -30.219341427798977 1.0391962665964698
3784 41.32167188918773 -31.08571472560677 1.0391962549957907
3785 40.6660295657279 -31.93863292864103 1.0391961552750844
3786 39.99278492423616 -32.77772774180861 1.0391953933143827
3787 39.302220406571394 -33.60265069893595 1.0391893357722806
3788 38.5944504315967 -34.41343394147999 1.0389766082821255
3789 37.87113186832114 -35.21622533740016 1.029548940785074
3790 37.14316703887579 -36.02761070351657 0.9762170231312082
3791 36.41105971047655 -36.7674770742905 0.976060661207595
3792 36.391339553335726 -36.795285593991146 -0.9654441700986547
3793 37.172147004003136 -36.00670989956353 -0.9649350736586793
3794 35.60589584641347 -37.50796786705946 1.0259607332845126
3795 34.82417032286471 -38.27384306679242 0.9761079737845653
3796 34.04713007275611 -38.966630876691156 0.9761859676735585
3797 34.024896190237264 -38.99402556923225 -0.965357322162397
3798 34.85321121410592 -38.25571834003483 -0.965028961656593
3799 33.199602656105384 -39.650938790765395 1.029461863012454
3800 32.360526762918894 -40.331278077278704 1.0389822710373866
3801 31.513944618063682 -40.996021199068146 1.0391925689014068
3802 30.654207013992405 -41.642788293873636 1.039196305469809
3803 29.781242813228893 -42.27150107235769 1.0391962758038176
3804 28.89539146269945 -42.88191443340732 1.039196166952514
3805 27.99703266656663 -43.47376724174502 1.0391954821988798
3806 27.086541962966 -44.04681437485542 1.0391901434640807
3807 26.16399920896751 -44.601130191656566 1.0389825054795443
3808 25.228731731199442 -45.14333854640371 1.029472228019487
3809 24.284687844201084 -45.696480968358486 0.9708269661118731
3810 23.3582792046093 -46.210334570271165 0.9150088342669966
3811 24.32620153110125 -45.675073890462 -0.9697468940027298
3812 23.341456468281415 -46.15089089378798 -1.0243274594984682
3813 22.400283123024426 -46.68245591632728 0.9146306287725261
3814 22.36486120233994 -46.628838175886 -1.0290591120599881
3815 21.386962009680037 -47.12249197623297 -0.9705318047604568
3816 21.4297259439088 -47.10351730363192 0.9697810415045109
3817 20.417661983823262 -47.516653165952356 1.0245717693557364
3818 19.41537132632677 -47.925778518791844 1.0386449109383271
3819 18.4108879847554 -48.32643588481447 1.0295482046890752
3820 17.399238081501423 -48.732636050570115 0.9762220064942277
3821 16.41551950601035 -49.07283395088038 0.9760663126236389
3822 17.43491320649804 -48.72634992016348 -0.9652559157462033
3823 16.386278307328542 -49.08900265282574 -0.9651345237076476
3824 15.365543292084768 -49.38150659329803 1.0258694583833012
3825 14.322787885014323 -49.72711430076221 0.9705882887405473
3826 13.309678351139487 -50.03858522063843 0.9149465165650958
3827 14.366177699646565 -49.71492777471917 -0.9700143697492227
3828 13.303275500314758 -49.97485013522811 -1.0286204214524286
3829 12.27461053699353 -50.30255285892009 0.9148462912282762
3830 11.237388477473262 -50.51387831339587 0.9705421110507437
3831 11.192064401834221 -50.524282556048234 -0.9699389652592774
3832 12.250085688763338 -50.24605338131066 -1.0242924483292755
3833 10.160711104160432 -50.70678550002404 1.0293397463954377
3834 9.097559938082988 -50.902361393025785 1.0389773645306142
3835 8.03554394145993 -51.080781091820505 1.0389746420598351
3836 6.967173814978182 -51.24317875558518 1.0295533859026098
3837 5.8898270214884665 -51.409272248057164 0.9762214335022037
3838 4.854610668951324 -51.51742737964585 0.976061889636302
3839 5.926011935035203 -51.41124193561267 -0.9652552187134928
3840 4.822361266436931 -51.52655145786956 -0.9651279458834012
3841 3.76250726355988 -51.579745671381396 1.0259744539570654
3842 2.672520788782143 -51.676655520964964 0.9759491269317517
3843 2.707307547158316 -51.68051199585965 -0.9657561469088594
3844 1.5986049459897809 -51.726811280809144 -0.9655159168239797
3845 1.6325827167851639 -51.72009095611225 0.9757063932768506
3846 0.5432447907722691 -51.71204342323445 1.0291399334739597
3847 -0.537669884174692 -51.706304210349806 1.038738885782124
3848 -1.6187461487812012 -51.68931355742224 1.0295438020825003
3849 -2.708790333868636 -51.674616756450064 0.9762175187103419
3850 -3.7476286233876657 -51.60976459176847 0.9760627026797004
3851 -3.7814999615324565 -51.61321251012908 -0.9654299519150584
3852 -2.673995593158711 -51.68269928380307 -0.9649353014424948
3853 -4.834980994936811 -51.490292273260664 1.0259645017175072
3854 -5.9260515281745585 -51.40517154208045 0.9761106313442094
3855 -6.959409421779095 -51.275524290856794 0.976058394690748
3856 -5.8926293402853975 -51.415022197948815 -0.9653573693682544
3857 -6.9930613590938036 -51.27707214884282 -0.9651215978093495
3858 -8.037269343074389 -51.08845091557107 1.0259600391817907
3859 -9.12089662578295 -50.935439697246125 0.9761102092804739
3860 -10.143725273173947 -50.741604914544446 0.9761817577700518
3861 -9.08819912804722 -50.94735306307629 -0.9653475633720026
3862 -10.178495069392383 -50.740950769419136 -0.9650372182915405
3863 -11.202798657528929 -50.486712569054404 1.029457349373494
3864 -12.253567885205534 -50.23610106105933 1.0389808075804723
3865 -13.296544209647905 -49.970035388786705 1.0391915332970183
3866 -14.333303319223171 -49.68258323749694 1.0391893626400477
3867 -15.364257987277975 -49.37363276764383 1.0389766653454129
3868 -16.394363823708034 -49.04722174556124 1.0295494215958576
3869 -17.43419762345635 -48.72014239575532 0.9762182126255188
3870 -18.410249270884798 -48.35978378675153 0.9761759798693843
3871 -18.444684014221977 -48.353093143853286 -0.9653504131835284
3872 -17.40326227825271 -48.7378474906497 -0.9649412957305106
3873 -19.412836171004287 -47.93294492602142 1.029222616634446
3874 -20.414057112749912 -47.51512808139731 1.0292917712359264
3875 -21.423631446255065 -47.10235017486442 0.976220726456257
3876 -22.36641628594274 -46.66207891669068 0.976172175335261
3877 -21.39384008862725 -47.122567987367994 -0.9652658672612631
3878 -22.399749806757164 -46.65294770159564 -0.9650289089373589
3879 -23.33006952740107 -46.15336996182501 1.0292180174253671
3880 -24.293098678979664 -45.65376845744619 1.0292902668056683
3881 -25.26486685470313 -45.1584972888274 0.9762207570309689
3882 -26.167769444444346 -44.6413870160846 0.9761824368840721
3883 -25.236856460817435 -45.18112263750318 -0.9652665800093909
3884 -26.200288319374174 -44.62948509870895 -0.9650336873388072
3885 -27.085360037667062 -44.0544446471291 1.029457707761758
3886 -27.996549639575925 -43.47423412974564 1.0389800257842996
3887 -28.895344501752025 -42.881953968844606 1.039185405503893
3888 -29.781683269135552 -42.271354099680615 1.0389766718678648
3889 -30.661815309043746 -41.64442582857802 1.0295495102306012
3890 -31.550996034910188 -41.013877672519634 0.976218373395956
3891 -32.36923884428571 -40.371249909577145 0.9761850251600013
3892 -32.40000991887622 -40.35426504375129 -0.965361544974638
3893 -31.52699490085436 -41.04022235628451 -0.9649423028116002
3894 -33.191939540139415 -39.65735948622399 1.0294546428370808
3895 -34.00971231327249 -38.950848604082566 1.0387682449233933
3896 -34.82072946697874 -38.23515344375707 1.0294683695330118
3897 -35.64458685720493 -37.51503491344305 0.9708273107545171
3898 -36.4255147423308 -36.79920316281244 0.9150979947478497
3899 -35.61115969910981 -37.54759553080024 -0.9697439412374762
3900 -36.37483819959352 -36.76425821939921 -1.0241455932172845
3901 -37.1769434795791 -36.04001167583808 0.9149461527167881
3902 -37.88404690192411 -35.25237095091131 0.9705444565215484
3903 -37.91592355342807 -35.21857632372436 -0.9699399444226169
3904 -37.140443888194596 -35.9906550334316 -1.024140963698045
3905 -38.59522341803892 -34.421313349072754 1.0293407534488792
3906 -39.3018485364173 -33.60327837894597 1.0389833450494366
3907 -39.99274650259092 -32.77778293820681 1.0391867235956287
3908 -40.666418648900446 -31.938347824641994 1.0389825290900743
3909 -41.32977523935837 -31.08471681672547 1.029471889326393
3910 -42.0051467109437 -30.22386615178456 0.9708269872201765
3911 -42.63916579171759 -29.375176945506876 0.9150979509904626
3912 -41.97835551720352 -30.26209377710122 -0.9697434803997782
3913 -42.58286891975403 -29.35027793274672 -1.0241455332616525
3914 -43.23613234029848 -28.489373927775 0.9149461815095905
3915 -43.78425257645717 -27.58387007088828 0.9705445533371124
3916 -43.80928243144573 -27.544737523635604 -0.9699327098458499
3917 -43.19108253149567 -28.447675052820102 -1.0241408954951026
3918 -44.32829244274873 -26.634950020977357 1.02934091215642
3919 -44.870284077755926 -25.69967280363384 1.0389839933256102
3920 -45.39542449008752 -24.760006804663583 1.0391919001739423
3921 -45.90073976704926 -23.81018160724826 1.0391893922012252
3922 -46.38646413512607 -22.84976981774886 1.0389766731442367
3923 -46.858940444643 -21.877952882345443 1.029549489637826
3924 -47.3376290936177 -20.898621594197728 0.9762183697492268
3925 -47.748256972449866 -19.942652750623658 0.9761850248296986
3926 -47.767138135240934 -19.91300741572668 -0.9653615448804902
3927 -47.32917303642336 -20.933242428835758 -0.9649422964209922
3928 -48.12867548737672 -18.921987416094375 1.0294546414170136
3929 -48.50830134263679 -17.910160258246524 1.0387682287849298
3930 -48.87759888017274 -16.893504721502595 1.029468134636272
3931 -49.256053575353825 -15.866813495343806 0.970824395189597
3932 -49.598931350567604 -14.864412889096762 0.914998827616816
3933 -49.2422893910705 -15.911430266222457 -0.9697430292295468
3934 -49.53747278754948 -14.858306712361564 -1.024292306359495
3935 -49.89510700181536 -13.838140245420162 0.9147910934690091
3936 -50.13887531026675 -12.807744847725393 0.9702923624997817
3937 -49.836364311889476 -13.812716180826111 -1.02875662167166
3938 -50.15026098017158 -12.763698719651632 -0.9700217556804893
3939 -50.36826473894972 -11.733434451780763 1.0258296097609798
3940 -50.633401099469665 -10.670900326407688 0.9761162872895783
3941 -50.83777831032583 -9.650033684242274 0.9762297574913092
3942 -50.850156743851336 -9.61702382991859 -0.9653924282616821
3943 -50.63248650116871 -10.70495592227517 -0.9650560936525625
3944 -50.99940226414786 -8.57179980773964 1.0293939052685759
3945 -51.17027480665634 -7.493471980214387 1.02722685466646
3946 -51.34455405551307 -6.354311354761448 0.9926753724356887
3947 -51.6302923606795 -6.185025110786138 -0.0473803160998644
3948 -51.63358935174083 6.161503212608144 0.017897847395241133
3949 -51.51699668771536 -7.0520745905512845 0.10136208828659843
3950 -51.36390552908316 -8.089407301912093 0.10927649544979379
3951 -50.98689972944824 -10.210906467545513 -0.053144441058007696
3952 -51.18625972727654 -9.153066557610902 0.08505786805470378
3953 -50.763109183344845 -11.265852482823734 0.0848602411387557
3954 -50.25119612254093 -13.365539859127766 -0.08310279591823597
3955 -50.51651070321258 -12.324869430391338 0.08312761754220063
3956 -49.959691378614096 -14.412554010280312 -0.10871728527442939
3957 -49.64840399368546 -15.455222426899322 -0.08133789172702555
3958 -49.318902817512495 -16.476026044045554 0.08465095046668672
3959 -48.96325719858797 -17.500702497658775 0.11173675338651773
3960 -48.588191354968714 -18.51656609792273 0.11166527564561354
3961 -47.77835582583056 -20.522065068956298 -0.05318595050559902
3962 -48.192324068827034 -19.527200572006805 0.08509195807026665
3963 -47.34179384592752 -21.507288630440215 0.08571123507215583
3964 -46.881447308431106 -22.490114990120215 0.11169711866998366
3965 -46.403027056900186 -23.4610981241029 0.11362791421400514
3966 -45.904826346764565 -24.421523794515736 0.11365137632773908
3967 -45.3867783274449 -25.37132706470528 0.11365516129230926
3968 -44.84897791922575 -26.31053902459004 0.11171256175619204
3969 -43.72044913433554 -28.14866804841699 -0.08198122517270917
3970 -44.29160386429433 -27.24096258284572 0.08405735550359716
3971 -43.12116032991299 -29.056212601174007 -0.10774439127353144
3972 -42.50489006633388 -29.952668164553057 -0.08131654633953042
3973 -41.877909376835746 -30.822951437983626 0.08464645714535887
3974 -41.22488763638838 -31.68885952512787 0.11173069905611535
3975 -40.55632155521739 -32.53995654647862 0.11363722385994982
3976 -39.8704536350207 -33.37680020945391 0.1136583178438528
3977 -39.16720028047625 -34.19949865901019 0.11171218791865858
3978 -37.716219057483784 -35.795418727639195 -0.08198205228441607
3979 -38.44636450179122 -35.0099026180149 0.08405520312100553
3980 -36.958461384697664 -36.57553952003379 -0.10774435864623397
3981 -36.186083691281624 -37.341603601120866 -0.0813159109793197
3982 -35.408050691234465 -38.07996260161347 0.08465182070923788
3983 -34.60518220750476 -38.80923224709797 0.11173678480807012
3984 -33.78948045921747 -39.52146972840158 0.11166527719259023
3985 -32.11822052450323 -40.8943315199941 -0.05318594557166778
3986 -32.95802038397826 -40.21915655135073 0.0850919583964512
3987 -31.263201936730653 -41.550223985295865 0.08571128400983882
3988 -30.388450635893946 -42.19262304200069 0.11169759786985953
3989 -29.503497864249905 -42.81597404971824 0.11363216910507787
3990 -28.60616400363854 -43.42063221869403 0.1136488587674038
3991 -27.69616257331395 -44.006796214629404 0.1116695474614273
3992 -25.843316219180906 -45.12260484767743 -0.05317824012586772
3993 -26.772297963793314 -44.576402400917225 0.08510822869351467
3994 -24.90218805527513 -45.647453316124526 0.08569881416994632
3995 -23.94301528763107 -46.1564605100355 0.10971035554061057
3996 -22.003083533454596 -47.114655825497664 -0.05317206125248142
3997 -22.974394615413186 -46.647495969088816 0.0850859070879956
3998 -21.021568865339212 -47.55946383772213 0.0857001809478096
3999 -20.023425403857892 -47.98696910498756 0.10972069797716263
4000 -18.01074710234329 -48.78052322520062 -0.05317973504493016
4001 -19.01740921585947 -48.395763261528025 0.0850708168643533
4002 -16.99562727272661 -49.142217723236804 0.08571115255671571
4003 -15.965885867913853 -49.48500644179074 0.11169710332009494
4004 -14.932292204234884 -49.806532655229994 0.11362785051676161
4005 -13.892736108489004 -50.10644462851364 0.11365078202491888
4006 -12.847206531911944 -50.3846523943826 0.11365032824313043
4007 -11.795641767952063 -50.64127140014919 0.11166965440477508
4008 -9.679774416197391 -51.09039588988352 -0.053133579295292915
4009 -10.736355878705835 -50.87771852328021 0.08511039195985626
4010 -8.61787240807181 -51.27909126551395 0.08480594304410319
4011 -6.474331930622108 -51.59466783625322 -0.05308357258156071
4012 -7.5431552975057246 -51.44818969827888 0.08424008094311403
4013 -5.402599356114081 -51.716774919175464 0.08481455559465928
4014 -3.2438523964545865 -51.898015402443946 -0.05313497267910426
4015 -4.319493703993815 -51.81850504725412 0.08422271718656185
4016 -2.167477182332677 -51.95296836369807 0.08571788097297606
4017 -1.0825018327176088 -51.985608990918955 0.11170083659911048
4018 0.0009695366691340434 -51.9968862103404 0.11155907337643348
4019 1.0880905125199822 -51.98686622231746 0.08360231479786329
4020 2.165292188463323 -51.95415358816064 -0.05456852318896538
4021 3.240726678045271 -51.89711750381931 0.08476316830148353
4022 5.3993872640064176 -51.71820950230372 -0.053136467399294576
4023 4.325398058780319 -51.81801192541434 0.08423707080119713
4024 6.469853644165395 -51.59408846285843 0.08569740121340452
4025 7.545026835362627 -51.44655330280639 0.11171384726045797
4026 8.61436357094895 -51.27822840552021 0.11364094034013028
4027 9.679942498166572 -51.087904585182784 0.1117129899461968
4028 11.79073788669706 -50.64389012143306 -0.08199970754332367
4029 10.743711981161093 -50.876211285722 0.08405584407225683
4030 12.84732334837424 -50.3849068486779 -0.10870322021707127
4031 13.89818576318538 -50.10652401084194 -0.08241823110853341
4032 14.930132529127638 -49.808724401737756 0.08367507477325314
4033 16.991676153517112 -49.14478128132998 -0.05313330349850036
4034 15.968385316640688 -49.485614394402326 0.08425227381945052
4035 18.006070437059797 -48.78104519970113 0.08570348379920548
4036 19.019824097700916 -48.39340500464198 0.11170010149039042
4037 20.023683683988153 -47.98680456190478 0.11067014572964343
4038 21.023213320503412 -47.558930193537414 0.08147477624287963
4039 21.999589605650023 -47.11509137044202 -0.08461273293875196
4040 22.977431871802608 -46.64471563821313 -0.10882380694761826
4041 23.94863812863054 -46.1550715308778 -0.08134336022520217
4042 24.895463918589225 -45.65117193116232 0.08464798081330771
4043 25.84150109904826 -45.12085994990398 0.11173017749369688
4044 26.77496018078 -44.57314809684217 0.11363151121333218
4045 27.696566309206926 -44.00641035869829 0.11364603655540714
4046 28.606091847623322 -43.42068001044544 0.1136451266167155
4047 29.503217054476007 -42.81616664886434 0.11364517684880038
4048 30.387568943075294 -42.1931225882464 0.11364569214330528
4049 31.25877179024556 -41.551812220984736 0.11365031029020278
4050 32.11651175007306 -40.89246356194149 0.11365191955652734
4051 32.9608174510621 -40.21517111272861 0.1116798117399159
4052 34.606261012292464 -38.81150980156558 -0.05313018018780108
4053 33.79380457893067 -39.51949418234858 0.0850948904316147
4054 35.40310938855811 -38.084546256206025 0.08483039490566785
4055 36.95952706566794 -36.57758779521242 -0.05313904204393935
4056 36.19215146256727 -37.335555693449116 0.08421011462840725
4057 37.708866378517676 -35.8029370411775 0.08571223394921343
4058 38.44695593519634 -35.0072414383155 0.11169715280947198
4059 39.16727133034992 -34.19925299389036 0.11362731041561616
4060 39.87037045166807 -33.37690068692731 0.11364579329395455
4061 40.55612485848814 -32.54020098197123 0.11364510630772934
4062 41.22430857073859 -31.689435562545036 0.11364511918147865
4063 41.874646156919745 -30.824956652079656 0.11364512565951326
4064 42.50685827390332 -29.94713580701953 0.11364512701921542
4065 43.12067156026118 -29.05635261907353 0.11364513207394178
4066 43.71582033693306 -28.152992652632904 0.11364518303856536
4067 44.292046935809694 -27.23744698478046 0.11364569286101939
4068 44.8491047195874 -26.31010677564914 0.11365030827187939
4069 45.38679160677683 -25.371303690470434 0.11365189357712197
4070 45.90517006274003 -24.42111459167772 0.11167951589480968
4071 46.88313395786466 -22.492181082824004 -0.053178916351415584
4072 46.406017580057714 -23.458328908584296 0.08509162168671588
4073 47.338174321225274 -21.51525368090807 0.08571566516454993
4074 47.77608083481709 -20.521525036213433 0.10969952594243268
4075 48.59065735328143 -18.516873842876578 -0.05312851244703916
4076 48.19535826818814 -19.519711196044884 0.08508689049622564
4077 48.96322238852722 -17.50473486712919 0.08481419459324266
4078 49.6508821325142 -15.45045257082977 -0.05313493722832749
4079 49.318727621948426 -16.476607570137645 0.08422269959392198
4080 49.959351946127306 -14.417767826963438 0.08571858617454384
4081 50.24816570159675 -13.371505001916521 0.11170942860877889
4082 50.51574708519952 -12.322122135587454 0.11169307901856468
4083 50.98482862534175 -10.216031665949771 -0.08317548579252704
4084 50.76314949407357 -11.265836987735184 0.08400835947731167
4085 51.18598059251515 -9.147811866633736 -0.10966776410487356
4086 51.36737019530459 -8.075673263793755 -0.08244072894434762
4087 51.523166204404305 -7.012933517865455 0.08367314879661683
4088 51.77156359365276 -4.861270417453148 -0.053074908481914984
4089 51.65852207416131 -5.934005947464944 0.08425960349820619
4090 51.86015983531198 -3.786367026486296 0.08484500653793625
4091 51.9727756653753 -1.6281781861181404 -0.08310115491338474
4092 51.92806407501083 -2.7011801346866813 0.08313857451625917
4093 51.99422273146221 -0.5415569485551123 -0.10871629048642512
4094 51.99547278933967 0.5465947604302778 -0.0813291422596287
4095 51.97299432696778 1.6191182083522349 0.08463420748602943
4096 51.926720320014375 2.703349249171733 0.10873413324340231
4097 51.86011614923789 3.7889023925485374 0.08145381174389199
4098 51.770793957040496 4.857840412177118 -0.08462573241749277
4099 51.656900316586004 5.9372675688795145 -0.10976834189232812
4100 51.52281941060991 7.015861859571108 -0.08243648545813817
4101 51.36689348397254 8.078363573721859 0.083716316496423
4102 50.98701310902598 10.20514078023359 -0.08309432082598778
4103 51.18687328516217 9.150097838223484 0.08312136328900047
4104 50.76126754970528 11.268578995028676 -0.10965293986269717
4105 50.515803287854936 12.327890024560308 -0.08243261049155645
4106 50.2503694838981 13.368547893654553 0.0837158964290072
4107 49.65172856224941 15.444294400253394 -0.08310019029314702
4108 49.960038012660576 14.415779356225483 0.08316630967411298
4109 49.316962312857505 16.477650532272765 -0.11163438298003378
4110 48.96301843432115 17.50104978154277 -0.11364947009925844
4111 48.58803822344048 18.516961196575174 -0.11170805921279678
4112 48.19186883775331 19.52861741078014 -0.08246389196607415
4113 47.778255962716635 20.51965196987455 0.08368060001127525
4114 46.88328346834385 22.49187232559499 -0.053131932871535226
4115 47.33872442222599 21.514193537607984 0.08425412450239286
4116 46.406107138662385 23.458094376542377 0.08569716499084082
4117 45.905297423902894 24.420871771394477 0.11170818058797183
4118 45.386911729138944 25.371091444990316 0.11362923453254917
4119 44.849192194226255 26.309957577086863 0.11365107052802104
4120 44.292077269164146 27.237396983424613 0.11365190384735349
4121 43.71561413090447 28.15351764645556 0.1116798043228675
4122 42.509007792188854 29.948469925077017 -0.053130179579499934
4123 43.119596391893744 29.06048959236801 0.08509489036232318
4124 41.877782072822896 30.823111241091926 0.0848303948451557
4125 40.5583895865335 32.541413675234914 -0.053139041508096924
4126 41.22378207336091 31.692512333293443 0.08421011466066392
4127 39.874363979949436 33.37430151326196 0.08571223928701599
4128 39.16814669902192 34.198416010862054 0.11169720702256924
4129 38.447687584471794 35.00627608003475 0.113627854637297
4130 37.71098843251966 35.798676809813514 0.11365078190766659
4131 36.957992444415396 36.575547939232145 0.11365032821441412
4132 36.188706052458414 37.337020341615364 0.11166965440200652
4133 34.60619951520168 38.81156451430183 -0.05313357920064829
4134 35.40241361740084 38.0851767719513 0.08511039196963335
4135 33.793075242334616 39.520134001739564 0.08480594512286085
4136 32.11807857859339 40.89444653211648 -0.05308151999538155
4137 32.95887443237439 40.21850333832797 0.08424018318634002
4138 31.262237527596874 41.550997405080125 0.0848161990295272
4139 29.50503048514276 42.81798397231004 -0.05313703493274888
4140 30.38615523094652 42.195936636667874 0.0842210805740895
4141 28.61063277629795 43.41935711054159 0.08571774254428102
4142 27.697419160804305 44.006003179819366 0.11170227078929865
4143 26.77482645739664 44.573358767800734 0.11165075081433298
4144 24.899013838312463 45.65047152692101 -0.05318572042273126
4145 25.839178031314486 45.12370194130531 0.08510620787178066
4146 23.94725245352155 46.15558551737679 0.08569649667714904
4147 22.978222217520752 46.64414876177597 0.11170812273305847
4148 22.00225539389615 47.112257410786405 0.1136286701903626
4149 21.01723876257067 47.55985296050083 0.1136458931276442
4150 20.023240440066154 47.986808451405 0.11364517588781528
4151 19.020597429789017 48.39298309545021 0.11364578579719378
4152 18.009718494010887 48.77821181060261 0.11365115655960467
4153 16.990958610455642 49.142357778378795 0.11363513144329604
4154 15.96436755132747 49.48555528542144 0.11068873034919086
4155 14.926757534920812 49.80983028549883 0.08148795811954221
4156 13.896315643389029 50.1069476457026 -0.08460974269688226
4157 12.8479573865388 50.38457273543069 -0.11173068151153528
4158 11.796488272656253 50.64096057149705 -0.11363164209198867
4159 10.740283840551545 50.875438484316284 -0.11364604185722266
4160 9.67953459504633 51.087870903159654 -0.11364512147250788
4161 8.614616551098322 51.27818566484412 -0.11364512044557568
4162 7.545973141818054 51.44630436399048 -0.1136451257336184
4163 6.474063990232373 51.59215481849105 -0.11364512651263667
4164 5.399352646740176 51.715673971827584 -0.11364512660546983
4165 4.322304239357874 51.81680836781242 -0.1136451266153109
4166 3.243384954521389 51.895514231973316 -0.11364512661635195
4167 2.1630617939818406 51.9517574971201 -0.11364512661656653
4168 1.081802367754733 51.98551381876762 -0.11364512661644594
4169 7.469117636523391e-05 51.996768585735985 -0.11364512661640691
4170 -1.0816530177308004 51.98551692648051 -0.11364512661690881
4171 -2.1629125409309573 51.95176371120081 -0.11364512661670309
4172 -3.2432358630397493 51.89552354973261 -0.11364512661657009
4173 -4.322155373898956 51.81682078522414 -0.1136451266164229
4174 -5.39920407098159 51.715689483599235 -0.11364512661625617
4175 -6.473915761525965 51.59217341881249 -0.11364512661682014
4176 -7.545825264329958 51.446326053901636 -0.11364512661650802
4177 -8.614468611098086 51.278210517846325 -0.11364512661630938
4178 -9.679383247264928 51.087899578243835 -0.11364512661649914
4179 -10.740108232211034 50.875475609811744 -0.11364512661674919
4180 -11.79618443877853 50.64103055873249 -0.11364512661643708
4181 -12.847154751999799 50.384665902855104 -0.11364512661618523
4182 -13.892564266953809 50.10649260777203 -0.11364512661701345
4183 -14.931960485672628 49.80663107878779 -0.11364512661665521
4184 -15.964893513002455 49.48521110880151 -0.11364512661632356
4185 -16.990916251331655 49.142371822129164 -0.11364512661620652
4186 -18.00958459411945 48.77826161428282 -0.11364512661624732
4187 -19.02045761811951 48.393038087740216 -0.11364512661694962
4188 -20.0230977742363 47.986867983725844 -0.11364512661640161
4189 -21.017071076911293 47.55992711003896 -0.11364512661625617
4190 -22.001947291969117 47.11240026495755 -0.11364512661629164
4191 -22.977300122843612 46.64448115724869 -0.11364512661672083
4192 -23.942707395097376 46.15637232232302 -0.11364512661674919
4193 -24.897751239156698 45.6482850345687 -0.11364512661672616
4194 -25.84201827118276 45.12043921590321 -0.11364512661629342
4195 -26.77509977200198 44.573063340581605 -0.11364512661625262
4196 -27.69659186401667 44.00639433630351 -0.1136451266162952
4197 -28.60609568602116 43.42067748166026 -0.11364512661673501
4198 -29.503217565846565 42.816166299967584 -0.11364512661665344
4199 -30.387569190759077 42.193122449529476 -0.11364512661655768
4200 -31.258767775536313 41.551815610382796 -0.11364512661644238
4201 -32.11643622815526 40.892523367566795 -0.1136451266162952
4202 -32.96020331301184 40.21553109097379 -0.11364512661708084
4203 -33.78970381160913 39.521131811828006 -0.11364512661695492
4204 -34.604578680641936 38.809626095846674 -0.11364512661601675
4205 -35.40447520739946 38.08132191314784 -0.11364512661695139
4206 -36.18904716243851 37.336534504945114 -0.1136451266168769
4207 -36.95795494945061 36.575586247093035 -0.11364512661609125
4208 -37.710865752244146 35.798806510558066 -0.11364512661714646
4209 -38.44745367880838 35.006531518847154 -0.11364512661717485
4210 -39.16739990237485 34.199104202473016 -0.11364512661609658
4211 -39.87039279941264 33.3768740505264 -0.11364512661666054
4212 -40.55612808451607 32.54019695939907 -0.1136451266168432
4213 -41.224308942114305 31.689435078733602 -0.11364512661681306
4214 -41.87464615494222 30.824956654674125 -0.11364512661706133
4215 -42.50685822922836 29.94713587047079 -0.11364512661690881
4216 -43.120671516536994 29.0563526845176 -0.11364512661668891
4217 -43.715820332214186 28.152992665891272 -0.11364512661641579
4218 -44.29204707038793 27.237446827459785 -0.1136451266164229
4219 -44.84910231547034 26.31011145663642 -0.11364512661677226
4220 -45.38674495011692 25.37138794384715 -0.11364512661686271
4221 -45.90474225959156 24.421682608793066 -0.11364512661685916
4222 -46.40287003249529 23.46140652457795 -0.11364512661660733
4223 -46.88091265781488 22.49097533977776 -0.1136451266165896
4224 -47.33866321824752 21.510809098532246 -0.11364512661675985
4225 -47.77592357976526 20.521332058728234 -0.11364512661681483
4226 -48.19250447737441 19.522972508365687 -0.11364512661709325
4227 -48.58822559703842 18.516162580174566 -0.11364512661698509
4228 -48.96291565372367 17.501338064573297 -0.11364512661953535
4229 -49.31641246552564 16.478938221078078 -0.11364512665010848
4230 -49.64856302374058 15.449405588557527 -0.113645126965704
4231 -49.95922355783946 14.413185797760317 -0.11364513020140934
4232 -50.24825958587564 13.370727420098364 -0.11364516244261308
4233 -50.5155458607762 12.32248220542643 -0.11364547279150206
4234 -50.760965193257206 11.268910196616982 -0.1136483356433674
4235 -50.98439343120662 10.210553659583296 -0.11367279480335571
4236 -51.18555566438727 9.148866650886236 -0.11382638778189658
4237 -51.36330237662343 8.09179198251361 -0.1133092269110254
4238 -51.5139886252595 7.067127273285691 -0.11838343670926132
4239 -51.36982453934447 5.786239309324486 1.0621092911460894
$EndNodes
$Elements
8478
1 2 2 1 1 303 1 2
2 2 2 1 1 1 314 2
3 2 2 1 1 2 315 3
4 2 2 1 1 3 315 316
5 2 2 1 1 4 316 317
6 2 2 1 1 5 317 318
7 2 2 1 1 6 318 319
8 2 2 1 1 7 319 320
9 2 2 1 1 8 320 321
10 2 2 1 1 322 10 11
11 2 2 1 1 10 323 11
12 2 2 1 1 11 323 324
13 2 2 1 1 325 13 14
14 2 2 1 1 13 545 326
15 2 2 1 1 327 15 16
16 2 2 1 1 15 328 16
17 2 2 1 1 16 328 329
18 2 2 1 1 17 329 330
19 2 2 1 1 18 330 331
20 2 2 1 1 332 20 21
21 2 2 1 1 20 333 21
22 2 2 1 1 21 333 334
23 2 2 1 1 22 334 335
24 2 2 1 1 23 335 336
25 2 2 1 1 24 336 337
26 2 2 1 1 25 337 338
27 2 2 1 1 26 338 339
28 2 2 1 1 340 28 29
29 2 2 1 1 28 341 29
30 2 2 1 1 570 30 342
31 2 2 1 1 30 343 31
32 2 2 1 1 31 343 344
33 2 2 1 1 32 344 345
34 2 2 1 1 33 345 346
35 2 2 1 1 34 346 347
36 2 2 1 1 35 347 348
37 2 2 1 1 349 37 38
38 2 2 1 1 37 583 350
39 2 2 1 1 351 39 40
40 2 2 1 1 39 586 352
41 2 2 1 1 40 352 353
42 2 2 1 1 41 353 354
43 2 2 1 1 42 354 355
44 2 2 1 1 356 44 45
45 2 2 1 1 44 357 45
46 2 2 1 1 45 357 358
47 2 2 1 1 46 358 359
48 2 2 1 1 47 359 360
49 2 2 1 1 48 360 361
50 2 2 1 1 49 361 362
51 2 2 1 1 363 51 52
52 2 2 1 1 51 604 364
53 2 2 1 1 52 364 365
54 2 2 1 1 53 365 366
55 2 2 1 1 367 55 56
56 2 2 1 1 55 611 368
57 2 2 1 1 56 368 369
58 2 2 1 1 57 369 370
59 2 2 1 1 371 59 60
60 2 2 1 1 59 372 60
61 2 2 1 1 60 372 373
62 2 2 1 1 61 373 374
63 2 2 1 1 62 374 375
64 2 2 1 1 63 375 376
65 2 2 1 1 64 376 377
66 2 2 1 1 65 377 378
67 2 2 1 1 379 67 68
68 2 2 1 1 67 629 380
69 2 2 1 1 68 380 381
70 2 2 1 1 382 70 71
71 2 2 1 1 70 634 383
72 2 2 1 1 71 383 384
73 2 2 1 1 385 73 74
74 2 2 1 1 73 386 74
75 2 2 1 1 74 386 387
76 2 2 1 1 75 387 388
77 2 2 1 1 77 645 389
78 2 2 1 1 390 78 79
79 2 2 1 1 78 389 391
80 2 2 1 1 79 391 392
81 2 2 1 1 393 81 82
82 2 2 1 1 81 651 394
83 2 2 1 1 82 394 395
84 2 2 1 1 83 395 396
85 2 2 1 1 84 396 397
86 2 2 1 1 85 397 398
87 2 2 1 1 399 87 88
88 2 2 1 1 87 661 400
89 2 2 1 1 401 89 90
90 2 2 1 1 89 402 90
91 2 2 1 1 90 402 403
92 2 2 1 1 404 92 93
93 2 2 1 1 92 405 93
94 2 2 1 1 93 405 406
95 2 2 1 1 94 406 407
96 2 2 1 1 96 675 408
97 2 2 1 1 409 97 98
98 2 2 1 1 97 408 410
99 2 2 1 1 678 99 411
100 2 2 1 1 99 412 100
101 2 2 1 1 100 412 413
102 2 2 1 1 101 413 414
103 2 2 1 1 102 414 415
104 2 2 1 1 103 415 416
105 2 2 1 1 104 416 417
106 2 2 1 1 105 417 418
107 2 2 1 1 106 418 419
108 2 2 1 1 107 419 420
109 2 2 1 1 108 420 421
110 2 2 1 1 109 421 422
111 2 2 1 1 423 111 112
112 2 2 1 1 111 424 112
113 2 2 1 1 112 424 425
114 2 2 1 1 426 114 115
115 2 2 1 1 114 427 115
116 2 2 1 1 115 427 428
117 2 2 1 1 116 428 429
118 2 2 1 1 117 429 430
119 2 2 1 1 118 430 431
120 2 2 1 1 119 431 432
121 2 2 1 1 120 432 433
122 2 2 1 1 121 433 434
123 2 2 1 1 122 434 435
124 2 2 1 1 123 435 436
125 2 2 1 1 124 436 437
126 2 2 1 1 125 437 438
127 2 2 1 1 126 438 439
128 2 2 1 1 127 439 440
129 2 2 1 1 128 440 441
130 2 2 1 1 442 130 131
131 2 2 1 1 130 443 131
132 2 2 1 1 131 443 444
133 2 2 1 1 132 444 445
134 2 2 1 1 446 134 135
135 2 2 1 1 134 734 447
136 2 2 1 1 135 447 448
137 2 2 1 1 449 137 138
138 2 2 1 1 137 450 138
139 2 2 1 1 138 450 451
140 2 2 1 1 139 451 452
141 2 2 1 1 140 452 453
142 2 2 1 1 454 142 143
143 2 2 1 1 142 455 143
144 2 2 1 1 748 144 456
145 2 2 1 1 144 457 145
146 2 2 1 1 145 457 458
147 2 2 1 1 459 147 148
148 2 2 1 1 147 460 148
149 2 2 1 1 148 460 461
150 2 2 1 1 462 150 151
151 2 2 1 1 150 463 151
152 2 2 1 1 760 152 464
153 2 2 1 1 152 762 465
154 2 2 1 1 153 465 466
155 2 2 1 1 155 767 467
156 2 2 1 1 468 156 157
157 2 2 1 1 156 467 469
158 2 2 1 1 769 158 470
159 2 2 1 1 158 471 159
160 2 2 1 1 159 471 472
161 2 2 1 1 473 161 162
162 2 2 1 1 161 474 162
163 2 2 1 1 774 163 475
164 2 2 1 1 163 476 164
165 2 2 1 1 164 476 477
166 2 2 1 1 478 166 167
167 2 2 1 1 166 479 167
168 2 2 1 1 779 168 480
169 2 2 1 1 168 481 169
170 2 2 1 1 781 170 482
171 2 2 1 1 170 483 171
172 2 2 1 1 171 483 484
173 2 2 1 1 485 173 174
174 2 2 1 1 173 486 174
175 2 2 1 1 174 486 487
176 2 2 1 1 175 487 488
177 2 2 1 1 176 488 489
178 2 2 1 1 177 489 490
179 2 2 1 1 178 490 491
180 2 2 1 1 179 491 492
181 2 2 1 1 493 181 182
182 2 2 1 1 181 494 182
183 2 2 1 1 182 494 495
184 2 2 1 1 496 184 185
185 2 2 1 1 184 497 185
186 2 2 1 1 185 497 498
187 2 2 1 1 186 498 499
188 2 2 1 1 187 499 500
189 2 2 1 1 188 500 501
190 2 2 1 1 189 501 502
191 2 2 1 1 190 502 503
192 2 2 1 1 504 192 193
193 2 2 1 1 192 804 505
194 2 2 1 1 193 505 506
195 2 2 1 1 507 195 196
196 2 2 1 1 195 508 196
197 2 2 1 1 196 508 509
198 2 2 1 1 510 198 199
199 2 2 1 1 198 511 199
200 2 2 1 1 199 511 512
201 2 2 1 1 200 512 513
202 2 2 1 1 201 513 514
203 2 2 1 1 515 203 204
204 2 2 1 1 203 815 516
205 2 2 1 1 204 516 517
206 2 2 1 1 205 517 518
207 2 2 1 1 206 518 519
208 2 2 1 1 207 519 520
209 2 2 1 1 208 520 521
210 2 2 1 1 209 521 522
211 2 2 1 1 210 522 523
212 2 2 1 1 212 824 524
213 2 2 1 1 213 524 525
214 2 2 1 1 214 215 526
215 2 2 1 1 215 216 527
216 2 2 1 1 2 3 528
217 2 2 1 1 216 217 529
218 2 2 1 1 3 4 530
219 2 2 1 1 4 5 531
220 2 2 1 1 217 218 532
221 2 2 1 1 5 6 533
222 2 2 1 1 6 7 534
223 2 2 1 1 218 219 535
224 2 2 1 1 7 8 536
225 2 2 1 1 8 9 537
226 2 2 1 1 219 220 538
227 2 2 1 1 9 10 539
228 2 2 1 1 9 321 540
229 2 2 1 1 220 221 541
230 2 2 1 1 11 12 542
231 2 2 1 1 221 222 543
232 2 2 1 1 12 13 544
233 2 2 1 1 12 324 545
234 2 2 1 1 222 223 546
235 2 2 1 1 14 15 547
236 2 2 1 1 14 326 548
237 2 2 1 1 223 224 549
238 2 2 1 1 16 17 550
239 2 2 1 1 17 18 551
240 2 2 1 1 224 225 552
241 2 2 1 1 18 19 553
242 2 2 1 1 19 20 554
243 2 2 1 1 225 226 555
244 2 2 1 1 19 331 556
245 2 2 1 1 226 227 557
246 2 2 1 1 21 22 558
247 2 2 1 1 22 23 559
248 2 2 1 1 227 228 560
249 2 2 1 1 23 24 561
250 2 2 1 1 24 25 562
251 2 2 1 1 228 229 563
252 2 2 1 1 25 26 564
253 2 2 1 1 26 27 565
254 2 2 1 1 229 230 566
255 2 2 1 1 27 28 567
256 2 2 1 1 230 231 568
257 2 2 1 1 27 339 569
258 2 2 1 1 29 30 570
259 2 2 1 1 231 232 571
260 2 2 1 1 29 341 572
261 2 2 1 1 31 32 573
262 2 2 1 1 232 233 574
263 2 2 1 1 32 33 575
264 2 2 1 1 33 34 576
265 2 2 1 1 233 234 577
266 2 2 1 1 34 35 578
267 2 2 1 1 35 36 579
268 2 2 1 1 234 235 580
269 2 2 1 1 36 37 581
270 2 2 1 1 235 236 582
271 2 2 1 1 36 348 583
272 2 2 1 1 38 39 584
273 2 2 1 1 236 237 585
274 2 2 1 1 38 350 586
275 2 2 1 1 40 41 587
276 2 2 1 1 237 238 588
277 2 2 1 1 41 42 589
278 2 2 1 1 42 43 590
279 2 2 1 1 238 239 591
280 2 2 1 1 43 44 592
281 2 2 1 1 43 355 593
282 2 2 1 1 239 240 594
283 2 2 1 1 45 46 595
284 2 2 1 1 240 241 596
285 2 2 1 1 46 47 597
286 2 2 1 1 47 48 598
287 2 2 1 1 241 242 599
288 2 2 1 1 48 49 600
289 2 2 1 1 49 50 601
290 2 2 1 1 242 243 602
291 2 2 1 1 50 51 603
292 2 2 1 1 50 362 604
293 2 2 1 1 243 244 605
294 2 2 1 1 52 53 606
295 2 2 1 1 244 245 607
296 2 2 1 1 53 54 608
297 2 2 1 1 54 55 609
298 2 2 1 1 245 246 610
299 2 2 1 1 54 366 611
300 2 2 1 1 56 57 612
301 2 2 1 1 246 247 613
302 2 2 1 1 57 58 614
303 2 2 1 1 58 59 615
304 2 2 1 1 247 248 616
305 2 2 1 1 58 370 617
306 2 2 1 1 60 61 618
307 2 2 1 1 248 249 619
308 2 2 1 1 61 62 620
309 2 2 1 1 249 250 621
310 2 2 1 1 62 63 622
311 2 2 1 1 63 64 623
312 2 2 1 1 250 251 624
313 2 2 1 1 64 65 625
314 2 2 1 1 65 66 626
315 2 2 1 1 251 252 627
316 2 2 1 1 66 67 628
317 2 2 1 1 66 378 629
318 2 2 1 1 252 253 630
319 2 2 1 1 68 69 631
320 2 2 1 1 69 70 632
321 2 2 1 1 253 254 633
322 2 2 1 1 69 381 634
323 2 2 1 1 254 255 635
324 2 2 1 1 71 72 636
325 2 2 1 1 72 73 637
326 2 2 1 1 255 256 638
327 2 2 1 1 72 384 639
328 2 2 1 1 74 75 640
329 2 2 1 1 256 257 641
330 2 2 1 1 75 76 642
331 2 2 1 1 76 77 643
332 2 2 1 1 257 258 644
333 2 2 1 1 76 388 645
334 2 2 1 1 258 259 646
335 2 2 1 1 77 78 647
336 2 2 1 1 79 80 648
337 2 2 1 1 259 260 649
338 2 2 1 1 80 81 650
339 2 2 1 1 80 392 651
340 2 2 1 1 260 261 652
341 2 2 1 1 82 83 653
342 2 2 1 1 83 84 654
343 2 2 1 1 261 262 655
344 2 2 1 1 84 85 656
345 2 2 1 1 85 86 657
346 2 2 1 1 262 263 658
347 2 2 1 1 86 87 659
348 2 2 1 1 263 264 660
349 2 2 1 1 86 398 661
350 2 2 1 1 88 89 662
351 2 2 1 1 264 265 663
352 2 2 1 1 88 400 664
353 2 2 1 1 90 91 665
354 2 2 1 1 265 266 666
355 2 2 1 1 91 92 667
356 2 2 1 1 91 403 668
357 2 2 1 1 266 267 669
358 2 2 1 1 93 94 670
359 2 2 1 1 94 95 671
360 2 2 1 1 267 268 672
361 2 2 1 1 95 96 673
362 2 2 1 1 268 269 674
363 2 2 1 1 95 407 675
364 2 2 1 1 96 97 676
365 2 2 1 1 269 270 677
366 2 2 1 1 98 99 678
367 2 2 1 1 98 410 679
368 2 2 1 1 270 271 680
369 2 2 1 1 100 101 681
370 2 2 1 1 101 102 682
371 2 2 1 1 271 272 683
372 2 2 1 1 102 103 684
373 2 2 1 1 272 273 685
374 2 2 1 1 103 104 686
375 2 2 1 1 104 105 687
376 2 2 1 1 273 274 688
377 2 2 1 1 105 106 689
378 2 2 1 1 106 107 690
379 2 2 1 1 274 275 691
380 2 2 1 1 107 108 692
381 2 2 1 1 108 109 693
382 2 2 1 1 275 276 694
383 2 2 1 1 109 110 695
384 2 2 1 1 110 111 696
385 2 2 1 1 276 277 697
386 2 2 1 1 110 422 698
387 2 2 1 1 277 278 699
388 2 2 1 1 112 113 700
389 2 2 1 1 113 114 701
390 2 2 1 1 278 279 702
391 2 2 1 1 113 425 703
392 2 2 1 1 115 116 704
393 2 2 1 1 279 280 705
394 2 2 1 1 116 117 706
395 2 2 1 1 117 118 707
396 2 2 1 1 280 281 708
397 2 2 1 1 118 119 709
398 2 2 1 1 119 120 710
399 2 2 1 1 281 282 711
400 2 2 1 1 120 121 712
401 2 2 1 1 282 283 713
402 2 2 1 1 121 122 714
403 2 2 1 1 122 123 715
404 2 2 1 1 283 284 716
405 2 2 1 1 123 124 717
406 2 2 1 1 124 125 718
407 2 2 1 1 284 285 719
408 2 2 1 1 125 126 720
409 2 2 1 1 126 127 721
410 2 2 1 1 285 286 722
411 2 2 1 1 127 128 723
412 2 2 1 1 128 129 724
413 2 2 1 1 286 287 725
414 2 2 1 1 129 130 726
415 2 2 1 1 287 288 727
416 2 2 1 1 129 441 728
417 2 2 1 1 131 132 729
418 2 2 1 1 288 289 730
419 2 2 1 1 132 133 731
420 2 2 1 1 133 134 732
421 2 2 1 1 289 290 733
422 2 2 1 1 133 445 734
423 2 2 1 1 135 136 735
424 2 2 1 1 290 291 736
425 2 2 1 1 136 137 737
426 2 2 1 1 291 292 738
427 2 2 1 1 136 448 739
428 2 2 1 1 138 139 740
429 2 2 1 1 292 293 741
430 2 2 1 1 139 140 742
431 2 2 1 1 140 141 743
432 2 2 1 1 293 294 744
433 2 2 1 1 141 142 745
434 2 2 1 1 141 453 746
435 2 2 1 1 294 295 747
436 2 2 1 1 143 144 748
437 2 2 1 1 143 455 749
438 2 2 1 1 295 296 750
439 2 2 1 1 145 146 751
440 2 2 1 1 296 297 752
441 2 2 1 1 146 147 753
442 2 2 1 1 146 458 754
443 2 2 1 1 297 298 755
444 2 2 1 1 148 149 756
445 2 2 1 1 149 150 757
446 2 2 1 1 298 299 758
447 2 2 1 1 149 461 759
448 2 2 1 1 151 152 760
449 2 2 1 1 299 300 761
450 2 2 1 1 151 463 762
451 2 2 1 1 153 154 763
452 2 2 1 1 300 301 764
453 2 2 1 1 154 155 765
454 2 2 1 1 301 302 766
455 2 2 1 1 154 466 767
456 2 2 1 1 155 156 768
457 2 2 1 1 302 1 303
458 2 2 1 1 157 158 769
459 2 2 1 1 157 469 770
460 2 2 1 1 159 160 771
461 2 2 1 1 160 161 772
462 2 2 1 1 160 472 773
463 2 2 1 1 162 163 774
464 2 2 1 1 162 474 775
465 2 2 1 1 164 165 776
466 2 2 1 1 165 166 777
467 2 2 1 1 165 477 778
468 2 2 1 1 167 168 779
469 2 2 1 1 167 479 780
470 2 2 1 1 169 170 781
471 2 2 1 1 169 481 782
472 2 2 1 1 171 172 783
473 2 2 1 1 172 173 784
474 2 2 1 1 172 484 785
475 2 2 1 1 174 175 786
476 2 2 1 1 175 176 787
477 2 2 1 1 176 177 788
478 2 2 1 1 177 178 789
479 2 2 1 1 178 179 790
480 2 2 1 1 179 180 791
481 2 2 1 1 180 181 792
482 2 2 1 1 180 492 793
483 2 2 1 1 182 183 794
484 2 2 1 1 183 184 795
485 2 2 1 1 183 495 796
486 2 2 1 1 185 186 797
487 2 2 1 1 186 187 798
488 2 2 1 1 187 188 799
489 2 2 1 1 188 189 800
490 2 2 1 1 189 190 801
491 2 2 1 1 190 191 802
492 2 2 1 1 191 192 803
493 2 2 1 1 191 503 804
494 2 2 1 1 193 194 805
495 2 2 1 1 194 195 806
496 2 2 1 1 194 506 807
497 2 2 1 1 196 197 808
498 2 2 1 1 197 198 809
499 2 2 1 1 197 509 810
500 2 2 1 1 199 200 811
501 2 2 1 1 200 201 812
502 2 2 1 1 201 202 813
503 2 2 1 1 202 203 814
504 2 2 1 1 202 514 815
505 2 2 1 1 204 205 816
506 2 2 1 1 205 206 817
507 2 2 1 1 206 207 818
508 2 2 1 1 207 208 819
509 2 2 1 1 208 209 820
510 2 2 1 1 209 210 821
511 2 2 1 1 210 211 822
512 2 2 1 1 211 212 823
513 2 2 1 1 211 523 824
514 2 2 1 1 212 213 825
515 2 2 1 1 213 214 826
516 2 2 1 1 214 525 827
517 2 2 1 1 215 827 828
518 2 2 1 1 216 828 829
519 2 2 1 1 829 1040 830
520 2 2 1 1 832 1037 833
521 2 2 1 1 834 1035 835
522 2 2 1 1 835 1034 836
523 2 2 1 1 837 1032 838
524 2 2 1 1 838 1031 839
525 2 2 1 1 839 1030 840
526 2 2 1 1 840 1029 841
527 2 2 1 1 842 1027 843
528 2 2 1 1 843 1026 844
529 2 2 1 1 845 1024 846
530 2 2 1 1 846 1023 847
531 2 2 1 1 849 1020 850
532 2 2 1 1 850 1019 851
533 2 2 1 1 852 1017 853
534 2 2 1 1 855 1014 856
535 2 2 1 1 856 1013 857
536 2 2 1 1 857 1012 858
537 2 2 1 1 858 1011 859
538 2 2 1 1 860 1009 861
539 2 2 1 1 862 1007 863
540 2 2 1 1 864 1005 865
541 2 2 1 1 865 1004 866
542 2 2 1 1 867 1002 868
543 2 2 1 1 868 1001 869
544 2 2 1 1 870 999 871
545 2 2 1 1 871 998 872
546 2 2 1 1 874 995 875
547 2 2 1 1 876 993 877
548 2 2 1 1 878 991 879
549 2 2 1 1 879 990 880
550 2 2 1 1 880 989 881
551 2 2 1 1 884 985 885
552 2 2 1 1 885 984 886
553 2 2 1 1 886 983 887
554 2 2 1 1 888 981 889
555 2 2 1 1 889 980 890
556 2 2 1 1 892 977 893
557 2 2 1 1 893 976 894
558 2 2 1 1 899 970 900
559 2 2 1 1 900 969 901
560 2 2 1 1 902 967 903
561 2 2 1 1 908 961 909
562 2 2 1 1 934 927 941
563 2 2 1 1 912 312 313
564 2 2 1 1 302 936 314
565 2 2 1 1 2 528 303
566 2 2 1 1 304 914 915
567 2 2 1 1 528 914 303
568 2 2 1 1 310 920 921
569 2 2 1 1 311 921 922
570 2 2 1 1 312 922 923
571 2 2 1 1 313 924 314
572 2 2 1 1 301 300 925
573 2 2 1 1 926 766 303
574 2 2 1 1 299 298 927
575 2 2 1 1 298 297 932
576 2 2 1 1 300 299 934
577 2 2 1 1 911 311 935
578 2 2 1 1 302 301 936
579 2 2 1 1 1 302 314
580 2 2 1 1 924 315 314
581 2 2 1 1 4 3 316
582 2 2 1 1 310 309 920
583 2 2 1 1 5 4 317
584 2 2 1 1 309 308 919
585 2 2 1 1 6 5 318
586 2 2 1 1 7 6 319
587 2 2 1 1 1548 1549 1553
588 2 2 1 1 8 7 320
589 2 2 1 1 1547 1548 1554
590 2 2 1 1 9 8 321
591 2 2 1 1 542 1233 1543
592 2 2 1 1 1540 324 1541
593 2 2 1 1 10 9 540
594 2 2 1 1 12 11 324
595 2 2 1 1 327 1534 1535
596 2 2 1 1 14 13 326
597 2 2 1 1 325 547 1538
598 2 2 1 1 325 14 547
599 2 2 1 1 15 14 548
600 2 2 1 1 17 16 329
601 2 2 1 1 1229 1534 550
602 2 2 1 1 18 17 330
603 2 2 1 1 332 1527 1528
604 2 2 1 1 19 18 331
605 2 2 1 1 331 330 1530
606 2 2 1 1 20 19 556
607 2 2 1 1 22 21 334
608 2 2 1 1 23 22 335
609 2 2 1 1 24 23 336
610 2 2 1 1 1220 1222 561
611 2 2 1 1 25 24 337
612 2 2 1 1 1219 1220 562
613 2 2 1 1 26 25 338
614 2 2 1 1 1216 1217 565
615 2 2 1 1 27 26 339
616 2 2 1 1 570 342 1514
617 2 2 1 1 28 27 569
618 2 2 1 1 30 31 342
619 2 2 1 1 342 573 1513
620 2 2 1 1 30 29 572
621 2 2 1 1 32 31 344
622 2 2 1 1 33 32 345
623 2 2 1 1 1210 1212 575
624 2 2 1 1 34 33 346
625 2 2 1 1 1209 1210 576
626 2 2 1 1 35 34 347
627 2 2 1 1 349 1505 581
628 2 2 1 1 347 1507 348
629 2 2 1 1 36 35 348
630 2 2 1 1 351 1500 1501
631 2 2 1 1 38 37 350
632 2 2 1 1 349 584 1504
633 2 2 1 1 349 38 584
634 2 2 1 1 40 39 352
635 2 2 1 1 589 590 1200
636 2 2 1 1 41 40 353
637 2 2 1 1 42 41 354
638 2 2 1 1 354 1496 355
639 2 2 1 1 43 42 355
640 2 2 1 1 44 43 593
641 2 2 1 1 46 45 358
642 2 2 1 1 1196 1493 595
643 2 2 1 1 47 46 359
644 2 2 1 1 48 47 360
645 2 2 1 1 49 48 361
646 2 2 1 1 361 1487 362
647 2 2 1 1 50 49 362
648 2 2 1 1 52 51 364
649 2 2 1 1 53 52 365
650 2 2 1 1 1187 1484 606
651 2 2 1 1 54 53 366
652 2 2 1 1 56 55 368
653 2 2 1 1 612 614 1183
654 2 2 1 1 57 56 369
655 2 2 1 1 1620 1895 2682
656 2 2 1 1 1183 1478 612
657 2 2 1 1 58 57 370
658 2 2 1 1 614 58 615
659 2 2 1 1 59 58 617
660 2 2 1 1 61 60 373
661 2 2 1 1 1179 1472 618
662 2 2 1 1 62 61 374
663 2 2 1 1 1177 1179 620
664 2 2 1 1 63 62 375
665 2 2 1 1 1175 1177 622
666 2 2 1 1 64 63 376
667 2 2 1 1 65 64 377
668 2 2 1 1 2837 2839 2669
669 2 2 1 1 377 1465 378
670 2 2 1 1 66 65 378
671 2 2 1 1 632 1168 631
672 2 2 1 1 1459 381 1461
673 2 2 1 1 68 67 380
674 2 2 1 1 2841 2843 2664
675 2 2 1 1 69 68 381
676 2 2 1 1 631 69 632
677 2 2 1 1 71 70 383
678 2 2 1 1 382 636 1457
679 2 2 1 1 383 1455 1456
680 2 2 1 1 1163 1914 1452
681 2 2 1 1 72 71 384
682 2 2 1 1 73 72 639
683 2 2 1 1 75 74 387
684 2 2 1 1 1163 1452 640
685 2 2 1 1 76 75 388
686 2 2 1 1 78 77 389
687 2 2 1 1 1646 1648 1442
688 2 2 1 1 389 645 1446
689 2 2 1 1 650 1157 648
690 2 2 1 1 1442 392 1443
691 2 2 1 1 79 78 391
692 2 2 1 1 80 79 392
693 2 2 1 1 82 81 394
694 2 2 1 1 83 82 395
695 2 2 1 1 1154 1440 653
696 2 2 1 1 84 83 396
697 2 2 1 1 1153 1154 654
698 2 2 1 1 85 84 397
699 2 2 1 1 1151 1153 656
700 2 2 1 1 86 85 398
701 2 2 1 1 399 662 1432
702 2 2 1 1 88 87 400
703 2 2 1 1 664 400 1431
704 2 2 1 1 399 88 662
705 2 2 1 1 667 1146 665
706 2 2 1 1 89 88 664
707 2 2 1 1 91 90 403
708 2 2 1 1 665 91 667
709 2 2 1 1 92 91 668
710 2 2 1 1 94 93 406
711 2 2 1 1 1143 1423 670
712 2 2 1 1 95 94 407
713 2 2 1 1 97 96 408
714 2 2 1 1 408 675 1417
715 2 2 1 1 678 411 1413
716 2 2 1 1 98 97 410
717 2 2 1 1 99 100 411
718 2 2 1 1 99 98 679
719 2 2 1 1 101 100 413
720 2 2 1 1 1136 1412 681
721 2 2 1 1 102 101 414
722 2 2 1 1 1135 1136 682
723 2 2 1 1 103 102 415
724 2 2 1 1 104 103 416
725 2 2 1 1 105 104 417
726 2 2 1 1 1130 1131 687
727 2 2 1 1 106 105 418
728 2 2 1 1 1128 1130 689
729 2 2 1 1 107 106 419
730 2 2 1 1 108 107 420
731 2 2 1 1 109 108 421
732 2 2 1 1 1124 1125 693
733 2 2 1 1 110 109 422
734 2 2 1 1 423 700 1398
735 2 2 1 1 111 110 698
736 2 2 1 1 424 1396 425
737 2 2 1 1 426 1393 1394
738 2 2 1 1 113 112 425
739 2 2 1 1 700 113 701
740 2 2 1 1 114 113 703
741 2 2 1 1 116 115 428
742 2 2 1 1 1117 1393 704
743 2 2 1 1 117 116 429
744 2 2 1 1 118 117 430
745 2 2 1 1 1114 1115 707
746 2 2 1 1 119 118 431
747 2 2 1 1 1112 1114 709
748 2 2 1 1 120 119 432
749 2 2 1 1 121 120 433
750 2 2 1 1 1109 1111 712
751 2 2 1 1 122 121 434
752 2 2 1 1 123 122 435
753 2 2 1 1 1106 1107 715
754 2 2 1 1 124 123 436
755 2 2 1 1 125 124 437
756 2 2 1 1 1103 1104 718
757 2 2 1 1 126 125 438
758 2 2 1 1 1101 1103 720
759 2 2 1 1 127 126 439
760 2 2 1 1 128 127 440
761 2 2 1 1 440 1378 441
762 2 2 1 1 129 128 441
763 2 2 1 1 732 1092 731
764 2 2 1 1 130 129 728
765 2 2 1 1 132 131 444
766 2 2 1 1 446 1369 1370
767 2 2 1 1 1094 1375 729
768 2 2 1 1 133 132 445
769 2 2 1 1 135 134 447
770 2 2 1 1 446 735 1369
771 2 2 1 1 447 1367 1368
772 2 2 1 1 449 1364 1365
773 2 2 1 1 136 135 448
774 2 2 1 1 735 136 737
775 2 2 1 1 137 136 739
776 2 2 1 1 139 138 451
777 2 2 1 1 140 139 452
778 2 2 1 1 454 1358 745
779 2 2 1 1 141 140 453
780 2 2 1 1 453 452 1360
781 2 2 1 1 748 456 1354
782 2 2 1 1 142 141 746
783 2 2 1 1 144 145 456
784 2 2 1 1 751 753 1080
785 2 2 1 1 144 143 749
786 2 2 1 1 1080 1353 751
787 2 2 1 1 459 1348 1349
788 2 2 1 1 146 145 458
789 2 2 1 1 756 1077 1348
790 2 2 1 1 1345 461 1346
791 2 2 1 1 147 146 754
792 2 2 1 1 462 1344 757
793 2 2 1 1 149 148 461
794 2 2 1 1 760 464 1340
795 2 2 1 1 150 149 759
796 2 2 1 1 152 153 464
797 2 2 1 1 1344 462 1343
798 2 2 1 1 153 152 465
799 2 2 1 1 765 768 1073
800 2 2 1 1 154 153 466
801 2 2 1 1 1074 1339 763
802 2 2 1 1 156 155 467
803 2 2 1 1 765 155 768
804 2 2 1 1 769 470 1330
805 2 2 1 1 157 156 469
806 2 2 1 1 158 159 470
807 2 2 1 1 470 771 1329
808 2 2 1 1 158 157 770
809 2 2 1 1 1326 1749 1751
810 2 2 1 1 473 1325 772
811 2 2 1 1 160 159 472
812 2 2 1 1 774 475 1321
813 2 2 1 1 161 160 773
814 2 2 1 1 163 164 475
815 2 2 1 1 1325 473 1324
816 2 2 1 1 475 776 1320
817 2 2 1 1 163 162 775
818 2 2 1 1 1317 1757 1759
819 2 2 1 1 478 1316 777
820 2 2 1 1 165 164 477
821 2 2 1 1 480 1311 1312
822 2 2 1 1 478 779 1315
823 2 2 1 1 166 165 778
824 2 2 1 1 168 169 480
825 2 2 1 1 480 781 1311
826 2 2 1 1 168 167 780
827 2 2 1 1 483 782 1306
828 2 2 1 1 170 171 482
829 2 2 1 1 482 783 1307
830 2 2 1 1 170 169 782
831 2 2 1 1 485 1302 1303
832 2 2 1 1 172 171 484
833 2 2 1 1 783 172 784
834 2 2 1 1 173 172 785
835 2 2 1 1 175 174 487
836 2 2 1 1 1069 1302 786
837 2 2 1 1 176 175 488
838 2 2 1 1 1068 1069 787
839 2 2 1 1 177 176 489
840 2 2 1 1 1067 1068 788
841 2 2 1 1 178 177 490
842 2 2 1 1 1066 1067 789
843 2 2 1 1 179 178 491
844 2 2 1 1 493 1292 1293
845 2 2 1 1 1065 1066 790
846 2 2 1 1 180 179 492
847 2 2 1 1 794 795 1063
848 2 2 1 1 181 180 793
849 2 2 1 1 1063 1292 794
850 2 2 1 1 183 182 495
851 2 2 1 1 184 183 796
852 2 2 1 1 186 185 498
853 2 2 1 1 1062 1287 797
854 2 2 1 1 187 186 499
855 2 2 1 1 1061 1062 798
856 2 2 1 1 188 187 500
857 2 2 1 1 1060 1061 799
858 2 2 1 1 189 188 501
859 2 2 1 1 190 189 502
860 2 2 1 1 1057 1058 802
861 2 2 1 1 191 190 503
862 2 2 1 1 806 1056 805
863 2 2 1 1 504 805 1277
864 2 2 1 1 193 192 505
865 2 2 1 1 507 1272 1273
866 2 2 1 1 194 193 506
867 2 2 1 1 805 194 806
868 2 2 1 1 809 1055 808
869 2 2 1 1 507 808 1272
870 2 2 1 1 195 194 807
871 2 2 1 1 510 1267 1268
872 2 2 1 1 197 196 509
873 2 2 1 1 198 197 810
874 2 2 1 1 200 199 512
875 2 2 1 1 1054 1267 811
876 2 2 1 1 201 200 513
877 2 2 1 1 202 201 514
878 2 2 1 1 514 513 1263
879 2 2 1 1 515 816 1260
880 2 2 1 1 204 203 516
881 2 2 1 1 205 204 517
882 2 2 1 1 206 205 518
883 2 2 1 1 1050 1051 817
884 2 2 1 1 207 206 519
885 2 2 1 1 1049 1050 818
886 2 2 1 1 208 207 520
887 2 2 1 1 1048 1049 819
888 2 2 1 1 209 208 521
889 2 2 1 1 1047 1048 820
890 2 2 1 1 210 209 522
891 2 2 1 1 1046 1047 821
892 2 2 1 1 211 210 523
893 2 2 1 1 213 212 524
894 2 2 1 1 526 527 1246
895 2 2 1 1 214 213 525
896 2 2 1 1 524 824 1249
897 2 2 1 1 526 215 527
898 2 2 1 1 304 303 914
899 2 2 1 1 527 216 529
900 2 2 1 1 827 1042 828
901 2 2 1 1 306 305 916
902 2 2 1 1 528 3 530
903 2 2 1 1 530 4 531
904 2 2 1 1 307 306 917
905 2 2 1 1 529 217 532
906 2 2 1 1 218 217 830
907 2 2 1 1 531 5 533
908 2 2 1 1 308 307 918
909 2 2 1 1 533 6 534
910 2 2 1 1 532 218 535
911 2 2 1 1 219 218 831
912 2 2 1 1 534 7 536
913 2 2 1 1 321 320 1546
914 2 2 1 1 10 322 539
915 2 2 1 1 536 8 537
916 2 2 1 1 540 321 1545
917 2 2 1 1 1236 1237 537
918 2 2 1 1 535 219 538
919 2 2 1 1 220 219 832
920 2 2 1 1 537 9 539
921 2 2 1 1 1236 537 539
922 2 2 1 1 323 10 540
923 2 2 1 1 539 322 1544
924 2 2 1 1 538 220 541
925 2 2 1 1 221 220 833
926 2 2 1 1 322 11 542
927 2 2 1 1 13 325 544
928 2 2 1 1 545 324 1540
929 2 2 1 1 541 221 543
930 2 2 1 1 222 221 834
931 2 2 1 1 542 12 544
932 2 2 1 1 1233 542 544
933 2 2 1 1 13 12 545
934 2 2 1 1 544 325 1539
935 2 2 1 1 543 222 546
936 2 2 1 1 223 222 835
937 2 2 1 1 15 327 547
938 2 2 1 1 328 548 1533
939 2 2 1 1 328 15 548
940 2 2 1 1 546 223 549
941 2 2 1 1 224 223 836
942 2 2 1 1 330 329 1531
943 2 2 1 1 554 1226 553
944 2 2 1 1 327 16 550
945 2 2 1 1 550 17 551
946 2 2 1 1 19 554 553
947 2 2 1 1 549 224 552
948 2 2 1 1 225 224 837
949 2 2 1 1 1226 1228 553
950 2 2 1 1 551 18 553
951 2 2 1 1 20 332 554
952 2 2 1 1 333 556 1526
953 2 2 1 1 552 225 555
954 2 2 1 1 226 225 838
955 2 2 1 1 331 1529 556
956 2 2 1 1 333 20 556
957 2 2 1 1 555 226 557
958 2 2 1 1 227 226 839
959 2 2 1 1 332 21 558
960 2 2 1 1 334 333 1525
961 2 2 1 1 558 22 559
962 2 2 1 1 335 334 1524
963 2 2 1 1 557 227 560
964 2 2 1 1 228 227 840
965 2 2 1 1 337 336 1522
966 2 2 1 1 559 23 561
967 2 2 1 1 27 567 565
968 2 2 1 1 561 24 562
969 2 2 1 1 338 337 1521
970 2 2 1 1 560 228 563
971 2 2 1 1 229 228 841
972 2 2 1 1 562 25 564
973 2 2 1 1 564 26 565
974 2 2 1 1 569 339 1519
975 2 2 1 1 339 338 1520
976 2 2 1 1 563 229 566
977 2 2 1 1 230 229 842
978 2 2 1 1 28 340 567
979 2 2 1 1 1216 565 567
980 2 2 1 1 566 230 568
981 2 2 1 1 231 230 843
982 2 2 1 1 341 28 569
983 2 2 1 1 567 340 1518
984 2 2 1 1 340 29 570
985 2 2 1 1 572 341 1515
986 2 2 1 1 568 231 571
987 2 2 1 1 232 231 844
988 2 2 1 1 343 30 572
989 2 2 1 1 1511 343 1512
990 2 2 1 1 342 31 573
991 2 2 1 1 344 343 1511
992 2 2 1 1 571 232 574
993 2 2 1 1 233 232 845
994 2 2 1 1 581 1206 579
995 2 2 1 1 573 32 575
996 2 2 1 1 346 345 1509
997 2 2 1 1 575 33 576
998 2 2 1 1 347 346 1508
999 2 2 1 1 574 233 577
1000 2 2 1 1 234 233 846
1001 2 2 1 1 576 34 578
1002 2 2 1 1 1206 1207 579
1003 2 2 1 1 37 349 581
1004 2 2 1 1 578 35 579
1005 2 2 1 1 577 234 580
1006 2 2 1 1 235 234 847
1007 2 2 1 1 579 36 581
1008 2 2 1 1 350 583 1502
1009 2 2 1 1 580 235 582
1010 2 2 1 1 236 235 848
1011 2 2 1 1 348 1506 583
1012 2 2 1 1 37 36 583
1013 2 2 1 1 39 351 584
1014 2 2 1 1 352 586 1498
1015 2 2 1 1 582 236 585
1016 2 2 1 1 237 236 849
1017 2 2 1 1 350 1503 586
1018 2 2 1 1 39 38 586
1019 2 2 1 1 351 40 587
1020 2 2 1 1 353 352 1499
1021 2 2 1 1 585 237 588
1022 2 2 1 1 238 237 850
1023 2 2 1 1 587 41 589
1024 2 2 1 1 43 592 590
1025 2 2 1 1 354 353 1497
1026 2 2 1 1 592 1199 590
1027 2 2 1 1 589 42 590
1028 2 2 1 1 588 238 591
1029 2 2 1 1 239 238 851
1030 2 2 1 1 44 356 592
1031 2 2 1 1 357 593 1492
1032 2 2 1 1 357 44 593
1033 2 2 1 1 355 1495 593
1034 2 2 1 1 591 239 594
1035 2 2 1 1 240 239 852
1036 2 2 1 1 359 358 1490
1037 2 2 1 1 356 45 595
1038 2 2 1 1 594 240 596
1039 2 2 1 1 241 240 853
1040 2 2 1 1 603 1190 601
1041 2 2 1 1 595 46 597
1042 2 2 1 1 597 47 598
1043 2 2 1 1 360 359 1489
1044 2 2 1 1 596 241 599
1045 2 2 1 1 242 241 854
1046 2 2 1 1 50 603 601
1047 2 2 1 1 598 48 600
1048 2 2 1 1 361 360 1488
1049 2 2 1 1 1190 1191 601
1050 2 2 1 1 600 49 601
1051 2 2 1 1 599 242 602
1052 2 2 1 1 243 242 855
1053 2 2 1 1 51 363 603
1054 2 2 1 1 604 362 1486
1055 2 2 1 1 51 50 604
1056 2 2 1 1 603 363 1485
1057 2 2 1 1 602 243 605
1058 2 2 1 1 244 243 856
1059 2 2 1 1 366 365 1481
1060 2 2 1 1 363 52 606
1061 2 2 1 1 605 244 607
1062 2 2 1 1 245 244 857
1063 2 2 1 1 606 53 608
1064 2 2 1 1 55 367 609
1065 2 2 1 1 1185 1187 608
1066 2 2 1 1 611 366 1480
1067 2 2 1 1 608 54 609
1068 2 2 1 1 1185 608 609
1069 2 2 1 1 607 245 610
1070 2 2 1 1 246 245 858
1071 2 2 1 1 55 54 611
1072 2 2 1 1 609 367 1479
1073 2 2 1 1 370 369 1475
1074 2 2 1 1 367 56 612
1075 2 2 1 1 610 246 613
1076 2 2 1 1 247 246 859
1077 2 2 1 1 615 1181 614
1078 2 2 1 1 612 57 614
1079 2 2 1 1 59 371 615
1080 2 2 1 1 613 247 616
1081 2 2 1 1 248 247 860
1082 2 2 1 1 372 59 617
1083 2 2 1 1 615 371 1473
1084 2 2 1 1 370 1474 617
1085 2 2 1 1 374 373 1469
1086 2 2 1 1 371 60 618
1087 2 2 1 1 616 248 619
1088 2 2 1 1 249 248 861
1089 2 2 1 1 375 374 1468
1090 2 2 1 1 618 61 620
1091 2 2 1 1 619 249 621
1092 2 2 1 1 250 249 862
1093 2 2 1 1 628 1171 626
1094 2 2 1 1 620 62 622
1095 2 2 1 1 376 375 1467
1096 2 2 1 1 622 63 623
1097 2 2 1 1 621 250 624
1098 2 2 1 1 251 250 863
1099 2 2 1 1 623 64 625
1100 2 2 1 1 377 376 1466
1101 2 2 1 1 1171 1172 626
1102 2 2 1 1 67 379 628
1103 2 2 1 1 625 65 626
1104 2 2 1 1 624 251 627
1105 2 2 1 1 252 251 864
1106 2 2 1 1 626 66 628
1107 2 2 1 1 629 378 1464
1108 2 2 1 1 67 66 629
1109 2 2 1 1 628 379 1463
1110 2 2 1 1 627 252 630
1111 2 2 1 1 253 252 865
1112 2 2 1 1 1168 1462 631
1113 2 2 1 1 379 68 631
1114 2 2 1 1 70 382 632
1115 2 2 1 1 634 381 1459
1116 2 2 1 1 630 253 633
1117 2 2 1 1 254 253 866
1118 2 2 1 1 70 69 634
1119 2 2 1 1 632 382 1458
1120 2 2 1 1 633 254 635
1121 2 2 1 1 255 254 867
1122 2 2 1 1 637 1165 636
1123 2 2 1 1 382 71 636
1124 2 2 1 1 73 385 637
1125 2 2 1 1 636 72 637
1126 2 2 1 1 639 384 1454
1127 2 2 1 1 635 255 638
1128 2 2 1 1 256 255 868
1129 2 2 1 1 386 73 639
1130 2 2 1 1 637 385 1453
1131 2 2 1 1 388 387 1449
1132 2 2 1 1 385 74 640
1133 2 2 1 1 638 256 641
1134 2 2 1 1 257 256 869
1135 2 2 1 1 640 75 642
1136 2 2 1 1 77 647 643
1137 2 2 1 1 642 76 643
1138 2 2 1 1 388 1448 645
1139 2 2 1 1 641 257 644
1140 2 2 1 1 258 257 870
1141 2 2 1 1 77 76 645
1142 2 2 1 1 642 643 1161
1143 2 2 1 1 644 258 646
1144 2 2 1 1 259 258 871
1145 2 2 1 1 78 390 647
1146 2 2 1 1 1160 643 647
1147 2 2 1 1 1157 1444 648
1148 2 2 1 1 390 79 648
1149 2 2 1 1 81 393 650
1150 2 2 1 1 646 259 649
1151 2 2 1 1 260 259 872
1152 2 2 1 1 648 80 650
1153 2 2 1 1 651 392 1442
1154 2 2 1 1 81 80 651
1155 2 2 1 1 650 393 1441
1156 2 2 1 1 649 260 652
1157 2 2 1 1 261 260 873
1158 2 2 1 1 393 82 653
1159 2 2 1 1 396 395 1437
1160 2 2 1 1 397 396 1436
1161 2 2 1 1 657 1150 1151
1162 2 2 1 1 653 83 654
1163 2 2 1 1 652 261 655
1164 2 2 1 1 262 261 874
1165 2 2 1 1 654 84 656
1166 2 2 1 1 398 397 1435
1167 2 2 1 1 87 399 659
1168 2 2 1 1 656 85 657
1169 2 2 1 1 661 398 1434
1170 2 2 1 1 655 262 658
1171 2 2 1 1 263 262 875
1172 2 2 1 1 657 86 659
1173 2 2 1 1 1150 657 659
1174 2 2 1 1 658 263 660
1175 2 2 1 1 264 263 876
1176 2 2 1 1 87 86 661
1177 2 2 1 1 659 399 1433
1178 2 2 1 1 89 401 662
1179 2 2 1 1 1426 402 1427
1180 2 2 1 1 660 264 663
1181 2 2 1 1 265 264 877
1182 2 2 1 1 402 89 664
1183 2 2 1 1 662 401 1429
1184 2 2 1 1 1146 1428 665
1185 2 2 1 1 401 90 665
1186 2 2 1 1 663 265 666
1187 2 2 1 1 266 265 878
1188 2 2 1 1 92 404 667
1189 2 2 1 1 405 668 1422
1190 2 2 1 1 1422 1425 1663
1191 2 2 1 1 405 92 668
1192 2 2 1 1 666 266 669
1193 2 2 1 1 267 266 879
1194 2 2 1 1 407 406 1420
1195 2 2 1 1 409 1415 1416
1196 2 2 1 1 404 93 670
1197 2 2 1 1 670 94 671
1198 2 2 1 1 669 267 672
1199 2 2 1 1 268 267 880
1200 2 2 1 1 97 409 676
1201 2 2 1 1 671 95 673
1202 2 2 1 1 407 1419 675
1203 2 2 1 1 672 268 674
1204 2 2 1 1 269 268 881
1205 2 2 1 1 96 95 675
1206 2 2 1 1 671 673 1142
1207 2 2 1 1 673 96 676
1208 2 2 1 1 1140 673 676
1209 2 2 1 1 674 269 677
1210 2 2 1 1 270 269 882
1211 2 2 1 1 409 98 678
1212 2 2 1 1 412 679 1411
1213 2 2 1 1 412 99 679
1214 2 2 1 1 677 270 680
1215 2 2 1 1 271 270 883
1216 2 2 1 1 414 413 1409
1217 2 2 1 1 411 100 681
1218 2 2 1 1 415 414 1408
1219 2 2 1 1 681 101 682
1220 2 2 1 1 680 271 683
1221 2 2 1 1 272 271 884
1222 2 2 1 1 682 102 684
1223 2 2 1 1 683 272 685
1224 2 2 1 1 273 272 885
1225 2 2 1 1 684 103 686
1226 2 2 1 1 416 415 1407
1227 2 2 1 1 418 417 1405
1228 2 2 1 1 686 104 687
1229 2 2 1 1 685 273 688
1230 2 2 1 1 274 273 886
1231 2 2 1 1 419 418 1404
1232 2 2 1 1 687 105 689
1233 2 2 1 1 696 1122 695
1234 2 2 1 1 689 106 690
1235 2 2 1 1 688 274 691
1236 2 2 1 1 275 274 887
1237 2 2 1 1 110 696 695
1238 2 2 1 1 690 107 692
1239 2 2 1 1 420 419 1403
1240 2 2 1 1 422 421 1401
1241 2 2 1 1 692 108 693
1242 2 2 1 1 691 275 694
1243 2 2 1 1 276 275 888
1244 2 2 1 1 693 109 695
1245 2 2 1 1 1122 1124 695
1246 2 2 1 1 111 423 696
1247 2 2 1 1 424 698 1397
1248 2 2 1 1 694 276 697
1249 2 2 1 1 277 276 889
1250 2 2 1 1 424 111 698
1251 2 2 1 1 422 1400 698
1252 2 2 1 1 697 277 699
1253 2 2 1 1 278 277 890
1254 2 2 1 1 701 1119 700
1255 2 2 1 1 423 112 700
1256 2 2 1 1 114 426 701
1257 2 2 1 1 427 703 1392
1258 2 2 1 1 699 278 702
1259 2 2 1 1 279 278 891
1260 2 2 1 1 1392 1395 1690
1261 2 2 1 1 427 114 703
1262 2 2 1 1 429 428 1390
1263 2 2 1 1 426 115 704
1264 2 2 1 1 702 279 705
1265 2 2 1 1 280 279 892
1266 2 2 1 1 704 116 706
1267 2 2 1 1 431 430 1388
1268 2 2 1 1 706 117 707
1269 2 2 1 1 705 280 708
1270 2 2 1 1 281 280 893
1271 2 2 1 1 432 431 1387
1272 2 2 1 1 707 118 709
1273 2 2 1 1 709 119 710
1274 2 2 1 1 708 281 711
1275 2 2 1 1 282 281 894
1276 2 2 1 1 434 433 1385
1277 2 2 1 1 710 120 712
1278 2 2 1 1 711 282 713
1279 2 2 1 1 283 282 895
1280 2 2 1 1 712 121 714
1281 2 2 1 1 436 435 1383
1282 2 2 1 1 714 122 715
1283 2 2 1 1 713 283 716
1284 2 2 1 1 284 283 896
1285 2 2 1 1 715 123 717
1286 2 2 1 1 438 437 1381
1287 2 2 1 1 717 124 718
1288 2 2 1 1 716 284 719
1289 2 2 1 1 285 284 897
1290 2 2 1 1 718 125 720
1291 2 2 1 1 439 438 1380
1292 2 2 1 1 129 726 724
1293 2 2 1 1 726 1097 724
1294 2 2 1 1 720 126 721
1295 2 2 1 1 719 285 722
1296 2 2 1 1 286 285 898
1297 2 2 1 1 721 127 723
1298 2 2 1 1 440 439 1379
1299 2 2 1 1 1097 1098 724
1300 2 2 1 1 723 128 724
1301 2 2 1 1 722 286 725
1302 2 2 1 1 287 286 899
1303 2 2 1 1 130 442 726
1304 2 2 1 1 443 728 1374
1305 2 2 1 1 725 287 727
1306 2 2 1 1 288 287 900
1307 2 2 1 1 441 1377 728
1308 2 2 1 1 443 130 728
1309 2 2 1 1 445 444 1372
1310 2 2 1 1 442 131 729
1311 2 2 1 1 727 288 730
1312 2 2 1 1 289 288 901
1313 2 2 1 1 1092 1094 731
1314 2 2 1 1 729 132 731
1315 2 2 1 1 134 446 732
1316 2 2 1 1 731 133 732
1317 2 2 1 1 447 734 1367
1318 2 2 1 1 730 289 733
1319 2 2 1 1 290 289 902
1320 2 2 1 1 134 133 734
1321 2 2 1 1 445 1371 734
1322 2 2 1 1 446 135 735
1323 2 2 1 1 450 739 1363
1324 2 2 1 1 733 290 736
1325 2 2 1 1 291 290 903
1326 2 2 1 1 137 449 737
1327 2 2 1 1 736 291 738
1328 2 2 1 1 292 291 904
1329 2 2 1 1 450 137 739
1330 2 2 1 1 735 737 1090
1331 2 2 1 1 745 1084 743
1332 2 2 1 1 449 138 740
1333 2 2 1 1 451 450 1362
1334 2 2 1 1 738 292 741
1335 2 2 1 1 293 292 905
1336 2 2 1 1 740 139 742
1337 2 2 1 1 141 745 743
1338 2 2 1 1 1085 1087 742
1339 2 2 1 1 742 140 743
1340 2 2 1 1 1084 1085 743
1341 2 2 1 1 741 293 744
1342 2 2 1 1 294 293 906
1343 2 2 1 1 142 454 745
1344 2 2 1 1 455 746 1356
1345 2 2 1 1 453 1359 746
1346 2 2 1 1 455 142 746
1347 2 2 1 1 308 309 910
1348 2 2 1 1 744 294 747
1349 2 2 1 1 295 294 907
1350 2 2 1 1 454 143 748
1351 2 2 1 1 457 749 1352
1352 2 2 1 1 457 144 749
1353 2 2 1 1 454 748 1357
1354 2 2 1 1 747 295 750
1355 2 2 1 1 307 308 931
1356 2 2 1 1 296 295 908
1357 2 2 1 1 456 145 751
1358 2 2 1 1 147 459 753
1359 2 2 1 1 458 457 1351
1360 2 2 1 1 306 307 930
1361 2 2 1 1 750 296 752
1362 2 2 1 1 297 296 909
1363 2 2 1 1 751 146 753
1364 2 2 1 1 460 754 1347
1365 2 2 1 1 460 147 754
1366 2 2 1 1 752 297 755
1367 2 2 1 1 459 148 756
1368 2 2 1 1 150 462 757
1369 2 2 1 1 463 759 1342
1370 2 2 1 1 756 149 757
1371 2 2 1 1 1077 756 757
1372 2 2 1 1 305 306 929
1373 2 2 1 1 755 298 758
1374 2 2 1 1 910 959 931
1375 2 2 1 1 2289 2559 2013
1376 2 2 1 1 463 150 759
1377 2 2 1 1 462 151 760
1378 2 2 1 1 465 762 1337
1379 2 2 1 1 758 299 761
1380 2 2 1 1 304 305 928
1381 2 2 1 1 463 1341 762
1382 2 2 1 1 152 151 762
1383 2 2 1 1 467 767 1334
1384 2 2 1 1 464 153 763
1385 2 2 1 1 761 300 764
1386 2 2 1 1 303 304 926
1387 2 2 1 1 928 929 939
1388 2 2 1 1 763 154 765
1389 2 2 1 1 466 1336 767
1390 2 2 1 1 764 301 766
1391 2 2 1 1 926 928 942
1392 2 2 1 1 155 154 767
1393 2 2 1 1 763 765 1074
1394 2 2 1 1 468 1332 1333
1395 2 2 1 1 156 468 768
1396 2 2 1 1 468 157 769
1397 2 2 1 1 471 770 1328
1398 2 2 1 1 471 158 770
1399 2 2 1 1 772 1072 771
1400 2 2 1 1 470 159 771
1401 2 2 1 1 161 473 772
1402 2 2 1 1 771 160 772
1403 2 2 1 1 474 773 1323
1404 2 2 1 1 474 161 773
1405 2 2 1 1 473 162 774
1406 2 2 1 1 476 775 1319
1407 2 2 1 1 476 163 775
1408 2 2 1 1 777 1071 776
1409 2 2 1 1 475 164 776
1410 2 2 1 1 166 478 777
1411 2 2 1 1 776 165 777
1412 2 2 1 1 479 778 1314
1413 2 2 1 1 479 166 778
1414 2 2 1 1 2285 2530 2022
1415 2 2 1 1 478 167 779
1416 2 2 1 1 481 780 1310
1417 2 2 1 1 481 168 780
1418 2 2 1 1 480 169 781
1419 2 2 1 1 482 1307 1308
1420 2 2 1 1 481 1309 782
1421 2 2 1 1 483 170 782
1422 2 2 1 1 482 171 783
1423 2 2 1 1 486 785 1301
1424 2 2 1 1 484 483 1305
1425 2 2 1 1 173 485 784
1426 2 2 1 1 1070 783 784
1427 2 2 1 1 2284 2517 2025
1428 2 2 1 1 486 173 785
1429 2 2 1 1 488 487 1299
1430 2 2 1 1 485 174 786
1431 2 2 1 1 489 488 1298
1432 2 2 1 1 786 175 787
1433 2 2 1 1 792 1064 791
1434 2 2 1 1 787 176 788
1435 2 2 1 1 490 489 1297
1436 2 2 1 1 180 792 791
1437 2 2 1 1 788 177 789
1438 2 2 1 1 491 490 1296
1439 2 2 1 1 492 491 1295
1440 2 2 1 1 789 178 790
1441 2 2 1 1 790 179 791
1442 2 2 1 1 1064 1065 791
1443 2 2 1 1 181 493 792
1444 2 2 1 1 494 793 1291
1445 2 2 1 1 492 1294 793
1446 2 2 1 1 494 181 793
1447 2 2 1 1 493 182 794
1448 2 2 1 1 184 496 795
1449 2 2 1 1 495 494 1290
1450 2 2 1 1 794 183 795
1451 2 2 1 1 497 796 1286
1452 2 2 1 1 497 184 796
1453 2 2 1 1 499 498 1284
1454 2 2 1 1 496 185 797
1455 2 2 1 1 500 499 1283
1456 2 2 1 1 797 186 798
1457 2 2 1 1 798 187 799
1458 2 2 1 1 501 500 1282
1459 2 2 1 1 803 1057 802
1460 2 2 1 1 799 188 800
1461 2 2 1 1 800 189 801
1462 2 2 1 1 502 501 1281
1463 2 2 1 1 192 504 803
1464 2 2 1 1 801 190 802
1465 2 2 1 1 503 502 1280
1466 2 2 1 1 802 191 803
1467 2 2 1 1 505 804 1275
1468 2 2 1 1 503 1279 804
1469 2 2 1 1 192 191 804
1470 2 2 1 1 504 193 805
1471 2 2 1 1 506 505 1276
1472 2 2 1 1 195 507 806
1473 2 2 1 1 508 807 1271
1474 2 2 1 1 508 195 807
1475 2 2 1 1 507 196 808
1476 2 2 1 1 198 510 809
1477 2 2 1 1 509 508 1270
1478 2 2 1 1 808 197 809
1479 2 2 1 1 511 810 1266
1480 2 2 1 1 511 198 810
1481 2 2 1 1 202 814 813
1482 2 2 1 1 513 512 1264
1483 2 2 1 1 814 1052 813
1484 2 2 1 1 510 199 811
1485 2 2 1 1 811 200 812
1486 2 2 1 1 812 201 813
1487 2 2 1 1 1052 1053 813
1488 2 2 1 1 203 515 814
1489 2 2 1 1 516 815 1258
1490 2 2 1 1 514 1262 815
1491 2 2 1 1 203 202 815
1492 2 2 1 1 515 204 816
1493 2 2 1 1 517 516 1259
1494 2 2 1 1 519 518 1256
1495 2 2 1 1 816 205 817
1496 2 2 1 1 520 519 1255
1497 2 2 1 1 817 206 818
1498 2 2 1 1 521 520 1254
1499 2 2 1 1 818 207 819
1500 2 2 1 1 825 1043 1044
1501 2 2 1 1 522 521 1253
1502 2 2 1 1 819 208 820
1503 2 2 1 1 523 522 1252
1504 2 2 1 1 820 209 821
1505 2 2 1 1 821 210 822
1506 2 2 1 1 213 826 825
1507 2 2 1 1 822 211 823
1508 2 2 1 1 212 211 824
1509 2 2 1 1 822 823 1045
1510 2 2 1 1 823 212 825
1511 2 2 1 1 526 1246 1247
1512 2 2 1 1 1043 825 826
1513 2 2 1 1 214 526 826
1514 2 2 1 1 215 214 827
1515 2 2 1 1 527 529 1245
1516 2 2 1 1 216 215 828
1517 2 2 1 1 217 216 829
1518 2 2 1 1 532 535 1241
1519 2 2 1 1 217 829 830
1520 2 2 1 1 218 830 831
1521 2 2 1 1 535 538 1238
1522 2 2 1 1 219 831 832
1523 2 2 1 1 541 543 1234
1524 2 2 1 1 220 832 833
1525 2 2 1 1 221 833 834
1526 2 2 1 1 546 549 1231
1527 2 2 1 1 222 834 835
1528 2 2 1 1 549 552 1230
1529 2 2 1 1 223 835 836
1530 2 2 1 1 224 836 837
1531 2 2 1 1 555 557 1225
1532 2 2 1 1 225 837 838
1533 2 2 1 1 557 560 1224
1534 2 2 1 1 226 838 839
1535 2 2 1 1 560 563 1221
1536 2 2 1 1 227 839 840
1537 2 2 1 1 563 566 1218
1538 2 2 1 1 228 840 841
1539 2 2 1 1 229 841 842
1540 2 2 1 1 568 571 1214
1541 2 2 1 1 230 842 843
1542 2 2 1 1 571 574 1213
1543 2 2 1 1 231 843 844
1544 2 2 1 1 232 844 845
1545 2 2 1 1 577 580 1208
1546 2 2 1 1 233 845 846
1547 2 2 1 1 580 582 1205
1548 2 2 1 1 234 846 847
1549 2 2 1 1 235 847 848
1550 2 2 1 1 582 585 1204
1551 2 2 1 1 236 848 849
1552 2 2 1 1 588 591 1201
1553 2 2 1 1 237 849 850
1554 2 2 1 1 591 594 1198
1555 2 2 1 1 238 850 851
1556 2 2 1 1 239 851 852
1557 2 2 1 1 596 599 1195
1558 2 2 1 1 240 852 853
1559 2 2 1 1 241 853 854
1560 2 2 1 1 599 602 1192
1561 2 2 1 1 242 854 855
1562 2 2 1 1 605 607 1188
1563 2 2 1 1 243 855 856
1564 2 2 1 1 607 610 1186
1565 2 2 1 1 244 856 857
1566 2 2 1 1 610 613 1184
1567 2 2 1 1 245 857 858
1568 2 2 1 1 613 616 1182
1569 2 2 1 1 246 858 859
1570 2 2 1 1 247 859 860
1571 2 2 1 1 619 621 1178
1572 2 2 1 1 248 860 861
1573 2 2 1 1 249 861 862
1574 2 2 1 1 624 627 1173
1575 2 2 1 1 250 862 863
1576 2 2 1 1 251 863 864
1577 2 2 1 1 630 633 1169
1578 2 2 1 1 252 864 865
1579 2 2 1 1 633 635 1167
1580 2 2 1 1 253 865 866
1581 2 2 1 1 254 866 867
1582 2 2 1 1 638 641 1164
1583 2 2 1 1 255 867 868
1584 2 2 1 1 641 644 1162
1585 2 2 1 1 256 868 869
1586 2 2 1 1 257 869 870
1587 2 2 1 1 646 649 1158
1588 2 2 1 1 258 870 871
1589 2 2 1 1 649 652 1156
1590 2 2 1 1 259 871 872
1591 2 2 1 1 260 872 873
1592 2 2 1 1 652 655 1155
1593 2 2 1 1 261 873 874
1594 2 2 1 1 658 660 1149
1595 2 2 1 1 262 874 875
1596 2 2 1 1 263 875 876
1597 2 2 1 1 663 666 1147
1598 2 2 1 1 264 876 877
1599 2 2 1 1 265 877 878
1600 2 2 1 1 669 672 1144
1601 2 2 1 1 266 878 879
1602 2 2 1 1 672 674 1141
1603 2 2 1 1 267 879 880
1604 2 2 1 1 674 677 1139
1605 2 2 1 1 268 880 881
1606 2 2 1 1 269 881 882
1607 2 2 1 1 677 680 1138
1608 2 2 1 1 270 882 883
1609 2 2 1 1 680 683 1137
1610 2 2 1 1 271 883 884
1611 2 2 1 1 685 688 1132
1612 2 2 1 1 272 884 885
1613 2 2 1 1 688 691 1129
1614 2 2 1 1 273 885 886
1615 2 2 1 1 691 694 1126
1616 2 2 1 1 274 886 887
1617 2 2 1 1 275 887 888
1618 2 2 1 1 697 699 1121
1619 2 2 1 1 276 888 889
1620 2 2 1 1 699 702 1120
1621 2 2 1 1 277 889 890
1622 2 2 1 1 278 890 891
1623 2 2 1 1 702 705 1118
1624 2 2 1 1 279 891 892
1625 2 2 1 1 708 711 1113
1626 2 2 1 1 280 892 893
1627 2 2 1 1 711 713 1110
1628 2 2 1 1 281 893 894
1629 2 2 1 1 282 894 895
1630 2 2 1 1 713 716 1108
1631 2 2 1 1 283 895 896
1632 2 2 1 1 716 719 1105
1633 2 2 1 1 284 896 897
1634 2 2 1 1 719 722 1102
1635 2 2 1 1 285 897 898
1636 2 2 1 1 722 725 1099
1637 2 2 1 1 286 898 899
1638 2 2 1 1 727 730 1095
1639 2 2 1 1 287 899 900
1640 2 2 1 1 730 733 1093
1641 2 2 1 1 288 900 901
1642 2 2 1 1 289 901 902
1643 2 2 1 1 736 738 1089
1644 2 2 1 1 290 902 903
1645 2 2 1 1 291 903 904
1646 2 2 1 1 738 741 1088
1647 2 2 1 1 292 904 905
1648 2 2 1 1 741 744 1086
1649 2 2 1 1 293 905 906
1650 2 2 1 1 744 747 1083
1651 2 2 1 1 294 906 907
1652 2 2 1 1 309 310 933
1653 2 2 1 1 295 907 908
1654 2 2 1 1 747 750 1082
1655 2 2 1 1 296 908 909
1656 2 2 1 1 310 311 911
1657 2 2 1 1 752 755 1079
1658 2 2 1 1 909 960 932
1659 2 2 1 1 910 309 933
1660 2 2 1 1 311 312 935
1661 2 2 1 1 925 934 943
1662 2 2 1 1 313 314 913
1663 2 2 1 1 912 313 913
1664 2 2 1 1 925 943 944
1665 2 2 1 1 954 914 528
1666 2 2 1 1 528 530 954
1667 2 2 1 1 305 304 915
1668 2 2 1 1 531 533 1242
1669 2 2 1 1 305 915 916
1670 2 2 1 1 530 531 1243
1671 2 2 1 1 319 318 1548
1672 2 2 1 1 306 916 917
1673 2 2 1 1 318 317 1549
1674 2 2 1 1 307 917 918
1675 2 2 1 1 533 534 1240
1676 2 2 1 1 534 536 1239
1677 2 2 1 1 308 918 919
1678 2 2 1 1 317 316 1550
1679 2 2 1 1 309 919 920
1680 2 2 1 1 311 310 921
1681 2 2 1 1 316 315 945
1682 2 2 1 1 920 948 921
1683 2 2 1 1 315 2 314
1684 2 2 1 1 312 311 922
1685 2 2 1 1 921 947 922
1686 2 2 1 1 922 946 923
1687 2 2 1 1 313 312 923
1688 2 2 1 1 313 923 924
1689 2 2 1 1 924 945 315
1690 2 2 1 1 936 301 925
1691 2 2 1 1 298 932 927
1692 2 2 1 1 766 302 303
1693 2 2 1 1 934 299 927
1694 2 2 1 1 910 933 958
1695 2 2 1 1 764 766 942
1696 2 2 1 1 926 304 928
1697 2 2 1 1 928 305 929
1698 2 2 1 1 761 764 1075
1699 2 2 1 1 758 761 1076
1700 2 2 1 1 308 910 931
1701 2 2 1 1 929 306 930
1702 2 2 1 1 755 758 1078
1703 2 2 1 1 930 307 931
1704 2 2 1 1 937 930 931
1705 2 2 1 1 297 909 932
1706 2 2 1 1 911 956 957
1707 2 2 1 1 310 911 933
1708 2 2 1 1 927 932 940
1709 2 2 1 1 925 300 934
1710 2 2 1 1 911 935 956
1711 2 2 1 1 312 912 935
1712 2 2 1 1 944 913 936
1713 2 2 1 1 912 913 944
1714 2 2 1 1 929 930 938
1715 2 2 1 1 930 937 938
1716 2 2 1 1 929 938 939
1717 2 2 1 1 942 766 926
1718 2 2 1 1 2158 2015 2017
1719 2 2 1 1 750 752 1081
1720 2 2 1 1 927 940 941
1721 2 2 1 1 935 912 955
1722 2 2 1 1 2143 958 2144
1723 2 2 1 1 939 2017 942
1724 2 2 1 1 928 939 942
1725 2 2 1 1 934 941 943
1726 2 2 1 1 936 913 314
1727 2 2 1 1 2155 2146 2147
1728 2 2 1 1 943 2147 944
1729 2 2 1 1 936 925 944
1730 2 2 1 1 924 923 945
1731 2 2 1 1 1550 945 1551
1732 2 2 1 1 945 923 946
1733 2 2 1 1 920 919 949
1734 2 2 1 1 946 922 947
1735 2 2 1 1 919 918 950
1736 2 2 1 1 947 921 948
1737 2 2 1 1 320 319 1547
1738 2 2 1 1 918 917 951
1739 2 2 1 1 948 920 949
1740 2 2 1 1 917 916 952
1741 2 2 1 1 949 919 950
1742 2 2 1 1 950 918 951
1743 2 2 1 1 1239 1826 1240
1744 2 2 1 1 951 917 952
1745 2 2 1 1 916 915 953
1746 2 2 1 1 952 916 953
1747 2 2 1 1 915 914 954
1748 2 2 1 1 1243 1822 954
1749 2 2 1 1 953 915 954
1750 2 2 1 1 912 944 955
1751 2 2 1 1 955 2147 2146
1752 2 2 1 1 959 910 958
1753 2 2 1 1 941 940 2157
1754 2 2 1 1 935 955 956
1755 2 2 1 1 933 911 957
1756 2 2 1 1 933 957 958
1757 2 2 1 1 937 931 959
1758 2 2 1 1 908 907 962
1759 2 2 1 1 940 932 960
1760 2 2 1 1 959 958 2143
1761 2 2 1 1 907 906 963
1762 2 2 1 1 960 909 961
1763 2 2 1 1 906 905 964
1764 2 2 1 1 961 908 962
1765 2 2 1 1 905 904 965
1766 2 2 1 1 962 907 963
1767 2 2 1 1 904 903 966
1768 2 2 1 1 963 906 964
1769 2 2 1 1 733 736 1091
1770 2 2 1 1 964 905 965
1771 2 2 1 1 902 901 968
1772 2 2 1 1 965 904 966
1773 2 2 1 1 966 903 967
1774 2 2 1 1 725 727 1096
1775 2 2 1 1 967 902 968
1776 2 2 1 1 899 898 971
1777 2 2 1 1 968 901 969
1778 2 2 1 1 898 897 972
1779 2 2 1 1 969 900 970
1780 2 2 1 1 897 896 973
1781 2 2 1 1 970 899 971
1782 2 2 1 1 896 895 974
1783 2 2 1 1 971 898 972
1784 2 2 1 1 895 894 975
1785 2 2 1 1 972 897 973
1786 2 2 1 1 973 896 974
1787 2 2 1 1 705 708 1116
1788 2 2 1 1 974 895 975
1789 2 2 1 1 892 891 978
1790 2 2 1 1 975 894 976
1791 2 2 1 1 891 890 979
1792 2 2 1 1 976 893 977
1793 2 2 1 1 977 892 978
1794 2 2 1 1 694 697 1123
1795 2 2 1 1 978 891 979
1796 2 2 1 1 888 887 982
1797 2 2 1 1 979 890 980
1798 2 2 1 1 980 889 981
1799 2 2 1 1 981 888 982
1800 2 2 1 1 683 685 1134
1801 2 2 1 1 982 887 983
1802 2 2 1 1 884 883 986
1803 2 2 1 1 983 886 984
1804 2 2 1 1 883 882 987
1805 2 2 1 1 984 885 985
1806 2 2 1 1 882 881 988
1807 2 2 1 1 985 884 986
1808 2 2 1 1 986 883 987
1809 2 2 1 1 987 882 988
1810 2 2 1 1 666 669 1145
1811 2 2 1 1 988 881 989
1812 2 2 1 1 878 877 992
1813 2 2 1 1 989 880 990
1814 2 2 1 1 660 663 1148
1815 2 2 1 1 990 879 991
1816 2 2 1 1 876 875 994
1817 2 2 1 1 991 878 992
1818 2 2 1 1 655 658 1152
1819 2 2 1 1 992 877 993
1820 2 2 1 1 874 873 996
1821 2 2 1 1 993 876 994
1822 2 2 1 1 873 872 997
1823 2 2 1 1 994 875 995
1824 2 2 1 1 995 874 996
1825 2 2 1 1 644 646 1159
1826 2 2 1 1 996 873 997
1827 2 2 1 1 870 869 1000
1828 2 2 1 1 997 872 998
1829 2 2 1 1 998 871 999
1830 2 2 1 1 635 638 1166
1831 2 2 1 1 999 870 1000
1832 2 2 1 1 867 866 1003
1833 2 2 1 1 1000 869 1001
1834 2 2 1 1 1001 868 1002
1835 2 2 1 1 627 630 1170
1836 2 2 1 1 1002 867 1003
1837 2 2 1 1 864 863 1006
1838 2 2 1 1 1003 866 1004
1839 2 2 1 1 621 624 1176
1840 2 2 1 1 1004 865 1005
1841 2 2 1 1 862 861 1008
1842 2 2 1 1 1005 864 1006
1843 2 2 1 1 616 619 1180
1844 2 2 1 1 1006 863 1007
1845 2 2 1 1 860 859 1010
1846 2 2 1 1 1007 862 1008
1847 2 2 1 1 1008 861 1009
1848 2 2 1 1 1009 860 1010
1849 2 2 1 1 1010 859 1011
1850 2 2 1 1 602 605 1189
1851 2 2 1 1 1011 858 1012
1852 2 2 1 1 855 854 1015
1853 2 2 1 1 1012 857 1013
1854 2 2 1 1 854 853 1016
1855 2 2 1 1 1013 856 1014
1856 2 2 1 1 594 596 1197
1857 2 2 1 1 1014 855 1015
1858 2 2 1 1 852 851 1018
1859 2 2 1 1 1015 854 1016
1860 2 2 1 1 1016 853 1017
1861 2 2 1 1 585 588 1203
1862 2 2 1 1 1017 852 1018
1863 2 2 1 1 849 848 1021
1864 2 2 1 1 1018 851 1019
1865 2 2 1 1 848 847 1022
1866 2 2 1 1 1019 850 1020
1867 2 2 1 1 1020 849 1021
1868 2 2 1 1 574 577 1211
1869 2 2 1 1 1021 848 1022
1870 2 2 1 1 845 844 1025
1871 2 2 1 1 1022 847 1023
1872 2 2 1 1 1023 846 1024
1873 2 2 1 1 566 568 1215
1874 2 2 1 1 1024 845 1025
1875 2 2 1 1 842 841 1028
1876 2 2 1 1 1025 844 1026
1877 2 2 1 1 1026 843 1027
1878 2 2 1 1 1027 842 1028
1879 2 2 1 1 1028 841 1029
1880 2 2 1 1 552 555 1227
1881 2 2 1 1 1029 840 1030
1882 2 2 1 1 837 836 1033
1883 2 2 1 1 1030 839 1031
1884 2 2 1 1 1031 838 1032
1885 2 2 1 1 543 546 1232
1886 2 2 1 1 1032 837 1033
1887 2 2 1 1 834 833 1036
1888 2 2 1 1 1033 836 1034
1889 2 2 1 1 538 541 1235
1890 2 2 1 1 1034 835 1035
1891 2 2 1 1 832 831 1038
1892 2 2 1 1 1035 834 1036
1893 2 2 1 1 831 830 1039
1894 2 2 1 1 1036 833 1037
1895 2 2 1 1 529 532 1244
1896 2 2 1 1 1037 832 1038
1897 2 2 1 1 829 828 1041
1898 2 2 1 1 1038 831 1039
1899 2 2 1 1 1039 830 1040
1900 2 2 1 1 827 525 1248
1901 2 2 1 1 1040 829 1041
1902 2 2 1 1 525 524 1250
1903 2 2 1 1 1041 828 1042
1904 2 2 1 1 1041 1042 2061
1905 2 2 1 1 824 523 1251
1906 2 2 1 1 821 822 1046
1907 2 2 1 1 823 825 1044
1908 2 2 1 1 1817 1818 1250
1909 2 2 1 1 823 1044 1045
1910 2 2 1 1 1815 1816 1251
1911 2 2 1 1 822 1045 1046
1912 2 2 1 1 820 821 1047
1913 2 2 1 1 1813 1814 1253
1914 2 2 1 1 819 820 1048
1915 2 2 1 1 518 517 1257
1916 2 2 1 1 818 819 1049
1917 2 2 1 1 1811 1812 1255
1918 2 2 1 1 817 818 1050
1919 2 2 1 1 816 817 1051
1920 2 2 1 1 814 515 1261
1921 2 2 1 1 811 812 1054
1922 2 2 1 1 512 511 1265
1923 2 2 1 1 1805 1807 1262
1924 2 2 1 1 812 813 1053
1925 2 2 1 1 812 1053 1054
1926 2 2 1 1 1800 2046 2477
1927 2 2 1 1 809 510 1268
1928 2 2 1 1 1799 1801 1269
1929 2 2 1 1 806 507 1273
1930 2 2 1 1 1795 1797 1274
1931 2 2 1 1 803 504 1278
1932 2 2 1 1 800 801 1059
1933 2 2 1 1 799 800 1060
1934 2 2 1 1 801 802 1058
1935 2 2 1 1 801 1058 1059
1936 2 2 1 1 1789 1790 1281
1937 2 2 1 1 800 1059 1060
1938 2 2 1 1 498 497 1285
1939 2 2 1 1 798 799 1061
1940 2 2 1 1 1787 1788 1283
1941 2 2 1 1 797 798 1062
1942 2 2 1 1 795 496 1288
1943 2 2 1 1 1782 1784 1289
1944 2 2 1 1 792 493 1293
1945 2 2 1 1 1064 1293 2032
1946 2 2 1 1 790 791 1065
1947 2 2 1 1 789 790 1066
1948 2 2 1 1 1776 1777 1296
1949 2 2 1 1 788 789 1067
1950 2 2 1 1 487 486 1300
1951 2 2 1 1 1775 1776 1297
1952 2 2 1 1 787 788 1068
1953 2 2 1 1 1774 1775 1298
1954 2 2 1 1 786 787 1069
1955 2 2 1 1 1773 1774 1299
1956 2 2 1 1 784 485 1303
1957 2 2 1 1 1305 1306 1768
1958 2 2 1 1 466 465 1338
1959 2 2 1 1 765 1073 1074
1960 2 2 1 1 764 942 1075
1961 2 2 1 1 938 937 2160
1962 2 2 1 1 1075 2015 1076
1963 2 2 1 1 761 1075 1076
1964 2 2 1 1 960 961 2142
1965 2 2 1 1 758 1076 1078
1966 2 2 1 1 961 962 2141
1967 2 2 1 1 937 959 2159
1968 2 2 1 1 755 1078 1079
1969 2 2 1 1 962 963 2140
1970 2 2 1 1 753 459 1349
1971 2 2 1 1 752 1079 1081
1972 2 2 1 1 963 964 2139
1973 2 2 1 1 1079 2010 1081
1974 2 2 1 1 750 1081 1082
1975 2 2 1 1 964 965 2138
1976 2 2 1 1 1081 2007 1082
1977 2 2 1 1 747 1082 1083
1978 2 2 1 1 965 966 2137
1979 2 2 1 1 452 451 1361
1980 2 2 1 1 449 740 1364
1981 2 2 1 1 1084 1358 2004
1982 2 2 1 1 742 743 1085
1983 2 2 1 1 744 1083 1086
1984 2 2 1 1 966 967 2136
1985 2 2 1 1 1083 2005 1086
1986 2 2 1 1 740 742 1087
1987 2 2 1 1 741 1086 1088
1988 2 2 1 1 967 968 2135
1989 2 2 1 1 1086 2001 1088
1990 2 2 1 1 738 1088 1089
1991 2 2 1 1 968 969 2134
1992 2 2 1 1 1088 1999 1089
1993 2 2 1 1 737 449 1365
1994 2 2 1 1 736 1089 1091
1995 2 2 1 1 969 970 2133
1996 2 2 1 1 1089 1998 1091
1997 2 2 1 1 1711 1997 2580
1998 2 2 1 1 732 446 1370
1999 2 2 1 1 444 443 1373
2000 2 2 1 1 733 1091 1093
2001 2 2 1 1 970 971 2132
2002 2 2 1 1 1091 1995 1093
2003 2 2 1 1 729 731 1094
2004 2 2 1 1 1710 1712 1371
2005 2 2 1 1 730 1093 1095
2006 2 2 1 1 971 972 2131
2007 2 2 1 1 1093 1992 1095
2008 2 2 1 1 727 1095 1096
2009 2 2 1 1 972 973 2130
2010 2 2 1 1 1095 1990 1096
2011 2 2 1 1 1706 2585 2586
2012 2 2 1 1 726 442 1376
2013 2 2 1 1 721 723 1100
2014 2 2 1 1 720 721 1101
2015 2 2 1 1 1097 1376 1988
2016 2 2 1 1 723 724 1098
2017 2 2 1 1 725 1096 1099
2018 2 2 1 1 973 974 2129
2019 2 2 1 1 723 1098 1100
2020 2 2 1 1 437 436 1382
2021 2 2 1 1 1703 1704 1379
2022 2 2 1 1 721 1100 1101
2023 2 2 1 1 722 1099 1102
2024 2 2 1 1 974 975 2128
2025 2 2 1 1 715 717 1106
2026 2 2 1 1 718 720 1103
2027 2 2 1 1 435 434 1384
2028 2 2 1 1 717 718 1104
2029 2 2 1 1 719 1102 1105
2030 2 2 1 1 975 976 2127
2031 2 2 1 1 1102 1982 1105
2032 2 2 1 1 712 714 1109
2033 2 2 1 1 717 1104 1106
2034 2 2 1 1 433 432 1386
2035 2 2 1 1 714 715 1107
2036 2 2 1 1 716 1105 1108
2037 2 2 1 1 976 977 2126
2038 2 2 1 1 1105 1979 1108
2039 2 2 1 1 709 710 1112
2040 2 2 1 1 714 1107 1109
2041 2 2 1 1 713 1108 1110
2042 2 2 1 1 977 978 2125
2043 2 2 1 1 710 712 1111
2044 2 2 1 1 430 429 1389
2045 2 2 1 1 710 1111 1112
2046 2 2 1 1 711 1110 1113
2047 2 2 1 1 978 979 2124
2048 2 2 1 1 704 706 1117
2049 2 2 1 1 707 709 1114
2050 2 2 1 1 428 427 1391
2051 2 2 1 1 706 707 1115
2052 2 2 1 1 708 1113 1116
2053 2 2 1 1 979 980 2123
2054 2 2 1 1 1113 1971 1116
2055 2 2 1 1 1693 1694 1389
2056 2 2 1 1 706 1115 1117
2057 2 2 1 1 705 1116 1118
2058 2 2 1 1 980 981 2122
2059 2 2 1 1 1692 1693 1390
2060 2 2 1 1 701 426 1394
2061 2 2 1 1 702 1118 1120
2062 2 2 1 1 981 982 2121
2063 2 2 1 1 1118 1966 1120
2064 2 2 1 1 699 1120 1121
2065 2 2 1 1 982 983 2120
2066 2 2 1 1 696 423 1399
2067 2 2 1 1 421 420 1402
2068 2 2 1 1 697 1121 1123
2069 2 2 1 1 983 984 2119
2070 2 2 1 1 1121 1962 1123
2071 2 2 1 1 690 692 1127
2072 2 2 1 1 1122 1399 1961
2073 2 2 1 1 693 695 1124
2074 2 2 1 1 689 690 1128
2075 2 2 1 1 692 693 1125
2076 2 2 1 1 694 1123 1126
2077 2 2 1 1 984 985 2118
2078 2 2 1 1 692 1125 1127
2079 2 2 1 1 417 416 1406
2080 2 2 1 1 690 1127 1128
2081 2 2 1 1 691 1126 1129
2082 2 2 1 1 985 986 2117
2083 2 2 1 1 1126 1956 1129
2084 2 2 1 1 684 686 1133
2085 2 2 1 1 687 689 1130
2086 2 2 1 1 682 684 1135
2087 2 2 1 1 1679 1680 1405
2088 2 2 1 1 686 687 1131
2089 2 2 1 1 688 1129 1132
2090 2 2 1 1 986 987 2116
2091 2 2 1 1 1678 1679 1406
2092 2 2 1 1 686 1131 1133
2093 2 2 1 1 685 1132 1134
2094 2 2 1 1 987 988 2115
2095 2 2 1 1 1132 1950 1134
2096 2 2 1 1 413 412 1410
2097 2 2 1 1 684 1133 1135
2098 2 2 1 1 681 682 1136
2099 2 2 1 1 683 1134 1137
2100 2 2 1 1 988 989 2114
2101 2 2 1 1 680 1137 1138
2102 2 2 1 1 989 990 2113
2103 2 2 1 1 677 1138 1139
2104 2 2 1 1 990 991 2112
2105 2 2 1 1 670 671 1143
2106 2 2 1 1 674 1139 1141
2107 2 2 1 1 991 992 2111
2108 2 2 1 1 1139 1943 1141
2109 2 2 1 1 406 405 1421
2110 2 2 1 1 673 1140 1142
2111 2 2 1 1 671 1142 1143
2112 2 2 1 1 672 1141 1144
2113 2 2 1 1 992 993 2110
2114 2 2 1 1 1141 1940 1144
2115 2 2 1 1 669 1144 1145
2116 2 2 1 1 993 994 2109
2117 2 2 1 1 1144 1937 1145
2118 2 2 1 1 1662 2634 2633
2119 2 2 1 1 667 404 1424
2120 2 2 1 1 666 1145 1147
2121 2 2 1 1 994 995 2108
2122 2 2 1 1 663 1147 1148
2123 2 2 1 1 995 996 2107
2124 2 2 1 1 660 1148 1149
2125 2 2 1 1 996 997 2106
2126 2 2 1 1 1148 1932 1149
2127 2 2 1 1 1653 1655 1434
2128 2 2 1 1 656 657 1151
2129 2 2 1 1 658 1149 1152
2130 2 2 1 1 997 998 2105
2131 2 2 1 1 395 394 1439
2132 2 2 1 1 1652 1653 1435
2133 2 2 1 1 654 656 1153
2134 2 2 1 1 653 654 1154
2135 2 2 1 1 655 1152 1155
2136 2 2 1 1 998 999 2104
2137 2 2 1 1 652 1155 1156
2138 2 2 1 1 999 1000 2103
2139 2 2 1 1 394 651 1438
2140 2 2 1 1 649 1156 1158
2141 2 2 1 1 1000 1001 2102
2142 2 2 1 1 646 1158 1159
2143 2 2 1 1 1001 1002 2101
2144 2 2 1 1 1158 1920 1159
2145 2 2 1 1 391 389 1447
2146 2 2 1 1 647 390 1445
2147 2 2 1 1 640 642 1163
2148 2 2 1 1 387 386 1450
2149 2 2 1 1 643 1160 1161
2150 2 2 1 1 644 1159 1162
2151 2 2 1 1 1002 1003 2100
2152 2 2 1 1 1159 1919 1162
2153 2 2 1 1 1641 1642 1448
2154 2 2 1 1 642 1161 1163
2155 2 2 1 1 641 1162 1164
2156 2 2 1 1 1003 1004 2099
2157 2 2 1 1 1162 1915 1164
2158 2 2 1 1 386 639 1451
2159 2 2 1 1 638 1164 1166
2160 2 2 1 1 1004 1005 2098
2161 2 2 1 1 635 1166 1167
2162 2 2 1 1 1005 1006 2097
2163 2 2 1 1 383 634 1455
2164 2 2 1 1 633 1167 1169
2165 2 2 1 1 1006 1007 2096
2166 2 2 1 1 1167 1909 1169
2167 2 2 1 1 630 1169 1170
2168 2 2 1 1 1007 1008 2095
2169 2 2 1 1 380 629 1460
2170 2 2 1 1 623 625 1174
2171 2 2 1 1 622 623 1175
2172 2 2 1 1 1628 1630 1464
2173 2 2 1 1 625 626 1172
2174 2 2 1 1 627 1170 1173
2175 2 2 1 1 1008 1009 2094
2176 2 2 1 1 1170 1905 1173
2177 2 2 1 1 625 1172 1174
2178 2 2 1 1 623 1174 1175
2179 2 2 1 1 624 1173 1176
2180 2 2 1 1 1009 1010 2093
2181 2 2 1 1 373 372 1470
2182 2 2 1 1 620 622 1177
2183 2 2 1 1 621 1176 1178
2184 2 2 1 1 1010 1011 2092
2185 2 2 1 1 1624 1625 1468
2186 2 2 1 1 618 620 1179
2187 2 2 1 1 619 1178 1180
2188 2 2 1 1 1011 1012 2091
2189 2 2 1 1 1178 1896 1180
2190 2 2 1 1 372 617 1471
2191 2 2 1 1 369 368 1477
2192 2 2 1 1 616 1180 1182
2193 2 2 1 1 1012 1013 2090
2194 2 2 1 1 1180 1894 1182
2195 2 2 1 1 1619 1621 1474
2196 2 2 1 1 614 1181 1183
2197 2 2 1 1 613 1182 1184
2198 2 2 1 1 1013 1014 2089
2199 2 2 1 1 1182 1891 1184
2200 2 2 1 1 368 611 1476
2201 2 2 1 1 367 1478 1479
2202 2 2 1 1 365 364 1483
2203 2 2 1 1 610 1184 1186
2204 2 2 1 1 1014 1015 2088
2205 2 2 1 1 1184 1889 1186
2206 2 2 1 1 606 608 1187
2207 2 2 1 1 607 1186 1188
2208 2 2 1 1 1015 1016 2087
2209 2 2 1 1 1186 1886 1188
2210 2 2 1 1 605 1188 1189
2211 2 2 1 1 1016 1017 2086
2212 2 2 1 1 1188 1884 1189
2213 2 2 1 1 364 604 1482
2214 2 2 1 1 598 600 1193
2215 2 2 1 1 597 598 1194
2216 2 2 1 1 600 601 1191
2217 2 2 1 1 602 1189 1192
2218 2 2 1 1 1017 1018 2085
2219 2 2 1 1 1189 1883 1192
2220 2 2 1 1 595 597 1196
2221 2 2 1 1 1608 1609 1487
2222 2 2 1 1 600 1191 1193
2223 2 2 1 1 358 357 1491
2224 2 2 1 1 1607 1608 1488
2225 2 2 1 1 598 1193 1194
2226 2 2 1 1 599 1192 1195
2227 2 2 1 1 1018 1019 2084
2228 2 2 1 1 1192 1879 1195
2229 2 2 1 1 597 1194 1196
2230 2 2 1 1 596 1195 1197
2231 2 2 1 1 1019 1020 2083
2232 2 2 1 1 1195 1876 1197
2233 2 2 1 1 594 1197 1198
2234 2 2 1 1 1020 1021 2082
2235 2 2 1 1 1197 1874 1198
2236 2 2 1 1 1196 1875 1493
2237 2 2 1 1 592 356 1494
2238 2 2 1 1 587 589 1202
2239 2 2 1 1 351 587 1500
2240 2 2 1 1 1601 1603 1495
2241 2 2 1 1 590 1199 1200
2242 2 2 1 1 591 1198 1201
2243 2 2 1 1 1021 1022 2081
2244 2 2 1 1 1600 1601 1496
2245 2 2 1 1 589 1200 1202
2246 2 2 1 1 588 1201 1203
2247 2 2 1 1 1022 1023 2080
2248 2 2 1 1 1201 1869 1203
2249 2 2 1 1 585 1203 1204
2250 2 2 1 1 1023 1024 2079
2251 2 2 1 1 1203 1867 1204
2252 2 2 1 1 582 1204 1205
2253 2 2 1 1 1024 1025 2078
2254 2 2 1 1 576 578 1209
2255 2 2 1 1 1591 1593 1506
2256 2 2 1 1 578 579 1207
2257 2 2 1 1 580 1205 1208
2258 2 2 1 1 1025 1026 2077
2259 2 2 1 1 1205 1865 1208
2260 2 2 1 1 345 344 1510
2261 2 2 1 1 578 1207 1209
2262 2 2 1 1 575 576 1210
2263 2 2 1 1 577 1208 1211
2264 2 2 1 1 1026 1027 2076
2265 2 2 1 1 1208 1861 1211
2266 2 2 1 1 1588 1589 1509
2267 2 2 1 1 573 575 1212
2268 2 2 1 1 574 1211 1213
2269 2 2 1 1 1027 1028 2075
2270 2 2 1 1 1211 1858 1213
2271 2 2 1 1 571 1213 1214
2272 2 2 1 1 1028 1029 2074
2273 2 2 1 1 568 1214 1215
2274 2 2 1 1 1029 1030 2073
2275 2 2 1 1 1214 1855 1215
2276 2 2 1 1 562 564 1219
2277 2 2 1 1 1216 1518 1852
2278 2 2 1 1 564 565 1217
2279 2 2 1 1 566 1215 1218
2280 2 2 1 1 1030 1031 2072
2281 2 2 1 1 336 335 1523
2282 2 2 1 1 564 1217 1219
2283 2 2 1 1 558 559 1223
2284 2 2 1 1 561 562 1220
2285 2 2 1 1 563 1218 1221
2286 2 2 1 1 1031 1032 2071
2287 2 2 1 1 1218 1850 1221
2288 2 2 1 1 332 558 1527
2289 2 2 1 1 1576 1577 1522
2290 2 2 1 1 559 561 1222
2291 2 2 1 1 1575 1576 1523
2292 2 2 1 1 559 1222 1223
2293 2 2 1 1 560 1221 1224
2294 2 2 1 1 1032 1033 2070
2295 2 2 1 1 557 1224 1225
2296 2 2 1 1 1033 1034 2069
2297 2 2 1 1 1224 1844 1225
2298 2 2 1 1 554 332 1528
2299 2 2 1 1 550 551 1229
2300 2 2 1 1 555 1225 1227
2301 2 2 1 1 1034 1035 2068
2302 2 2 1 1 1225 1843 1227
2303 2 2 1 1 329 328 1532
2304 2 2 1 1 1226 1528 1842
2305 2 2 1 1 551 553 1228
2306 2 2 1 1 1569 1570 1530
2307 2 2 1 1 551 1228 1229
2308 2 2 1 1 552 1227 1230
2309 2 2 1 1 1035 1036 2067
2310 2 2 1 1 1227 1840 1230
2311 2 2 1 1 549 1230 1231
2312 2 2 1 1 1036 1037 2066
2313 2 2 1 1 1230 1837 1231
2314 2 2 1 1 546 1231 1232
2315 2 2 1 1 1037 1038 2065
2316 2 2 1 1 1231 1836 1232
2317 2 2 1 1 543 1232 1234
2318 2 2 1 1 1038 1039 2064
2319 2 2 1 1 1232 1835 1234
2320 2 2 1 1 541 1234 1235
2321 2 2 1 1 1039 1040 2063
2322 2 2 1 1 1234 1832 1235
2323 2 2 1 1 323 540 1542
2324 2 2 1 1 536 537 1237
2325 2 2 1 1 538 1235 1238
2326 2 2 1 1 1040 1041 2062
2327 2 2 1 1 1235 1831 1238
2328 2 2 1 1 952 953 2148
2329 2 2 1 1 536 1237 1239
2330 2 2 1 1 534 1239 1240
2331 2 2 1 1 950 951 2150
2332 2 2 1 1 535 1238 1241
2333 2 2 1 1 533 1240 1242
2334 2 2 1 1 954 530 1243
2335 2 2 1 1 951 952 2149
2336 2 2 1 1 531 1242 1243
2337 2 2 1 1 1242 1823 1243
2338 2 2 1 1 532 1241 1244
2339 2 2 1 1 1241 1824 1244
2340 2 2 1 1 529 1244 1245
2341 2 2 1 1 1244 1821 1245
2342 2 2 1 1 1245 1820 1246
2343 2 2 1 1 1043 826 1247
2344 2 2 1 1 527 1245 1246
2345 2 2 1 1 826 526 1247
2346 2 2 1 1 1042 827 1248
2347 2 2 1 1 1247 1246 1819
2348 2 2 1 1 1250 524 1249
2349 2 2 1 1 1044 1043 2059
2350 2 2 1 1 1249 1816 1817
2351 2 2 1 1 1248 525 1250
2352 2 2 1 1 1249 824 1251
2353 2 2 1 1 1046 1045 2056
2354 2 2 1 1 1251 523 1252
2355 2 2 1 1 1252 522 1253
2356 2 2 1 1 1048 1047 2054
2357 2 2 1 1 1253 521 1254
2358 2 2 1 1 1254 520 1255
2359 2 2 1 1 1050 1049 2052
2360 2 2 1 1 1255 519 1256
2361 2 2 1 1 1052 1261 2049
2362 2 2 1 1 1256 518 1257
2363 2 2 1 1 1259 516 1258
2364 2 2 1 1 1051 2050 1260
2365 2 2 1 1 1258 1807 1808
2366 2 2 1 1 1257 517 1259
2367 2 2 1 1 816 1051 1260
2368 2 2 1 1 1052 814 1261
2369 2 2 1 1 1257 1259 1809
2370 2 2 1 1 1260 1806 1261
2371 2 2 1 1 515 1260 1261
2372 2 2 1 1 1258 815 1262
2373 2 2 1 1 1053 1052 2048
2374 2 2 1 1 1262 514 1263
2375 2 2 1 1 1267 1054 2046
2376 2 2 1 1 1263 513 1264
2377 2 2 1 1 810 509 1269
2378 2 2 1 1 1264 512 1265
2379 2 2 1 1 1265 511 1266
2380 2 2 1 1 510 811 1267
2381 2 2 1 1 1265 1266 1802
2382 2 2 1 1 1055 809 1268
2383 2 2 1 1 1272 1055 2044
2384 2 2 1 1 1266 810 1269
2385 2 2 1 1 807 506 1274
2386 2 2 1 1 1269 509 1270
2387 2 2 1 1 1270 508 1271
2388 2 2 1 1 808 1055 1272
2389 2 2 1 1 1270 1271 1798
2390 2 2 1 1 1272 1796 1273
2391 2 2 1 1 1056 806 1273
2392 2 2 1 1 1057 1278 2041
2393 2 2 1 1 1271 807 1274
2394 2 2 1 1 2270 3241 3242
2395 2 2 1 1 1274 506 1276
2396 2 2 1 1 1275 1793 1794
2397 2 2 1 1 505 1275 1276
2398 2 2 1 1 805 1056 1277
2399 2 2 1 1 1057 803 1278
2400 2 2 1 1 1056 2042 1277
2401 2 2 1 1 1277 1792 1278
2402 2 2 1 1 504 1277 1278
2403 2 2 1 1 1275 804 1279
2404 2 2 1 1 1279 503 1280
2405 2 2 1 1 1058 1057 2040
2406 2 2 1 1 1280 502 1281
2407 2 2 1 1 1060 1059 2038
2408 2 2 1 1 1281 501 1282
2409 2 2 1 1 1062 1061 2036
2410 2 2 1 1 1282 500 1283
2411 2 2 1 1 1283 499 1284
2412 2 2 1 1 796 495 1289
2413 2 2 1 1 1287 1062 2035
2414 2 2 1 1 1284 498 1285
2415 2 2 1 1 1285 497 1286
2416 2 2 1 1 496 797 1287
2417 2 2 1 1 1063 795 1288
2418 2 2 1 1 1285 1286 1785
2419 2 2 1 1 496 1287 1288
2420 2 2 1 1 1292 1063 2034
2421 2 2 1 1 1286 796 1289
2422 2 2 1 1 2277 3232 3233
2423 2 2 1 1 1289 495 1290
2424 2 2 1 1 1065 1064 2031
2425 2 2 1 1 1290 494 1291
2426 2 2 1 1 493 794 1292
2427 2 2 1 1 1290 1291 1781
2428 2 2 1 1 1064 792 1293
2429 2 2 1 1 1779 2502 2503
2430 2 2 1 1 1291 793 1294
2431 2 2 1 1 1294 492 1295
2432 2 2 1 1 1295 491 1296
2433 2 2 1 1 1067 1066 2029
2434 2 2 1 1 1296 490 1297
2435 2 2 1 1 1068 1067 2028
2436 2 2 1 1 1069 1068 2027
2437 2 2 1 1 1297 489 1298
2438 2 2 1 1 1302 1069 2026
2439 2 2 1 1 1298 488 1299
2440 2 2 1 1 785 484 1304
2441 2 2 1 1 1299 487 1300
2442 2 2 1 1 1304 1769 1771
2443 2 2 1 1 1300 486 1301
2444 2 2 1 1 485 786 1302
2445 2 2 1 1 1300 1301 1772
2446 2 2 1 1 1302 1770 1303
2447 2 2 1 1 1070 784 1303
2448 2 2 1 1 1305 1768 1769
2449 2 2 1 1 1301 785 1304
2450 2 2 1 1 1304 484 1305
2451 2 2 1 1 1305 483 1306
2452 2 2 1 1 783 1070 1307
2453 2 2 1 1 1765 1766 2518
2454 2 2 1 1 1306 1309 1767
2455 2 2 1 1 781 482 1308
2456 2 2 1 1 780 479 1313
2457 2 2 1 1 1315 1312 1761
2458 2 2 1 1 1306 782 1309
2459 2 2 1 1 1309 481 1310
2460 2 2 1 1 781 1308 1311
2461 2 2 1 1 1311 1762 1312
2462 2 2 1 1 779 480 1312
2463 2 2 1 1 1316 478 1315
2464 2 2 1 1 778 477 1317
2465 2 2 1 1 1758 2525 2023
2466 2 2 1 1 1310 780 1313
2467 2 2 1 1 477 476 1318
2468 2 2 1 1 1313 479 1314
2469 2 2 1 1 779 1312 1315
2470 2 2 1 1 1313 1314 1760
2471 2 2 1 1 1315 1758 1316
2472 2 2 1 1 1071 777 1316
2473 2 2 1 1 1314 778 1317
2474 2 2 1 1 775 474 1322
2475 2 2 1 1 1317 477 1318
2476 2 2 1 1 1071 2022 1320
2477 2 2 1 1 1318 476 1319
2478 2 2 1 1 473 774 1324
2479 2 2 1 1 1318 1319 1756
2480 2 2 1 1 776 1071 1320
2481 2 2 1 1 1320 1754 1321
2482 2 2 1 1 475 1320 1321
2483 2 2 1 1 773 472 1326
2484 2 2 1 1 1321 1753 1324
2485 2 2 1 1 1319 775 1322
2486 2 2 1 1 472 471 1327
2487 2 2 1 1 1322 474 1323
2488 2 2 1 1 774 1321 1324
2489 2 2 1 1 1322 1323 1752
2490 2 2 1 1 1319 1322 1755
2491 2 2 1 1 1072 772 1325
2492 2 2 1 1 1073 1333 2018
2493 2 2 1 1 1323 773 1326
2494 2 2 1 1 770 469 1331
2495 2 2 1 1 1326 472 1327
2496 2 2 1 1 469 467 1335
2497 2 2 1 1 1072 2020 1329
2498 2 2 1 1 1327 471 1328
2499 2 2 1 1 468 769 1332
2500 2 2 1 1 1327 1328 1748
2501 2 2 1 1 771 1072 1329
2502 2 2 1 1 1745 1746 2540
2503 2 2 1 1 470 1329 1330
2504 2 2 1 1 1743 2542 2543
2505 2 2 1 1 1328 770 1331
2506 2 2 1 1 1073 768 1333
2507 2 2 1 1 769 1330 1332
2508 2 2 1 1 1328 1331 1747
2509 2 2 1 1 768 468 1333
2510 2 2 1 1 1335 467 1334
2511 2 2 1 1 1336 1740 1741
2512 2 2 1 1 1331 469 1335
2513 2 2 1 1 1333 1332 1743
2514 2 2 1 1 1343 1340 1736
2515 2 2 1 1 1334 767 1336
2516 2 2 1 1 1336 466 1338
2517 2 2 1 1 1337 1738 1739
2518 2 2 1 1 465 1337 1338
2519 2 2 1 1 1074 2016 1339
2520 2 2 1 1 464 763 1339
2521 2 2 1 1 1339 1737 1340
2522 2 2 1 1 464 1339 1340
2523 2 2 1 1 462 760 1343
2524 2 2 1 1 759 461 1345
2525 2 2 1 1 1733 2553 2012
2526 2 2 1 1 1337 762 1341
2527 2 2 1 1 1341 463 1342
2528 2 2 1 1 760 1340 1343
2529 2 2 1 1 1341 1342 1735
2530 2 2 1 1 1343 1733 1344
2531 2 2 1 1 1077 757 1344
2532 2 2 1 1 1342 759 1345
2533 2 2 1 1 754 458 1350
2534 2 2 1 1 1077 2012 2013
2535 2 2 1 1 461 460 1346
2536 2 2 1 1 1350 1728 1730
2537 2 2 1 1 1346 460 1347
2538 2 2 1 1 459 756 1348
2539 2 2 1 1 1346 1347 1731
2540 2 2 1 1 1345 1346 1732
2541 2 2 1 1 1348 1729 1349
2542 2 2 1 1 1080 753 1349
2543 2 2 1 1 1357 1354 1724
2544 2 2 1 1 1347 754 1350
2545 2 2 1 1 749 455 1355
2546 2 2 1 1 1350 458 1351
2547 2 2 1 1 1080 2009 1353
2548 2 2 1 1 1351 457 1352
2549 2 2 1 1 1358 454 1357
2550 2 2 1 1 1351 1352 1727
2551 2 2 1 1 456 751 1353
2552 2 2 1 1 1353 1725 1354
2553 2 2 1 1 456 1353 1354
2554 2 2 1 1 1352 749 1355
2555 2 2 1 1 1085 1084 2003
2556 2 2 1 1 1355 455 1356
2557 2 2 1 1 748 1354 1357
2558 2 2 1 1 1355 1356 1723
2559 2 2 1 1 1357 1721 1358
2560 2 2 1 1 1084 745 1358
2561 2 2 1 1 1356 746 1359
2562 2 2 1 1 1359 453 1360
2563 2 2 1 1 1360 452 1361
2564 2 2 1 1 1087 1085 2002
2565 2 2 1 1 739 448 1366
2566 2 2 1 1 1364 1087 2000
2567 2 2 1 1 1361 451 1362
2568 2 2 1 1 1362 450 1363
2569 2 2 1 1 740 1087 1364
2570 2 2 1 1 1362 1363 1717
2571 2 2 1 1 1090 737 1365
2572 2 2 1 1 1092 1370 1994
2573 2 2 1 1 1363 739 1366
2574 2 2 1 1 1366 448 1368
2575 2 2 1 1 1367 1712 1713
2576 2 2 1 1 448 447 1368
2577 2 2 1 1 735 1090 1369
2578 2 2 1 1 1090 1997 1369
2579 2 2 1 1 1369 1711 1370
2580 2 2 1 1 1092 732 1370
2581 2 2 1 1 1094 1092 1993
2582 2 2 1 1 1367 734 1371
2583 2 2 1 1 1371 445 1372
2584 2 2 1 1 1375 1094 1991
2585 2 2 1 1 1372 444 1373
2586 2 2 1 1 1098 1097 1987
2587 2 2 1 1 1373 443 1374
2588 2 2 1 1 442 729 1375
2589 2 2 1 1 1097 726 1376
2590 2 2 1 1 1373 1374 1708
2591 2 2 1 1 442 1375 1376
2592 2 2 1 1 1374 728 1377
2593 2 2 1 1 1705 1707 1377
2594 2 2 1 1 1377 441 1378
2595 2 2 1 1 1378 440 1379
2596 2 2 1 1 1101 1100 1984
2597 2 2 1 1 1379 439 1380
2598 2 2 1 1 1380 438 1381
2599 2 2 1 1 1103 1101 1983
2600 2 2 1 1 1381 437 1382
2601 2 2 1 1 1104 1103 1981
2602 2 2 1 1 1382 436 1383
2603 2 2 1 1 1106 1104 1980
2604 2 2 1 1 1383 435 1384
2605 2 2 1 1 1107 1106 1978
2606 2 2 1 1 1384 434 1385
2607 2 2 1 1 1109 1107 1977
2608 2 2 1 1 1385 433 1386
2609 2 2 1 1 1111 1109 1975
2610 2 2 1 1 1386 432 1387
2611 2 2 1 1 1112 1111 1973
2612 2 2 1 1 1387 431 1388
2613 2 2 1 1 1114 1112 1972
2614 2 2 1 1 1117 1115 1969
2615 2 2 1 1 1388 430 1389
2616 2 2 1 1 1393 1117 1967
2617 2 2 1 1 1389 429 1390
2618 2 2 1 1 703 425 1395
2619 2 2 1 1 1689 2603 2604
2620 2 2 1 1 1390 428 1391
2621 2 2 1 1 1391 427 1392
2622 2 2 1 1 426 704 1393
2623 2 2 1 1 1391 1392 1691
2624 2 2 1 1 1119 701 1394
2625 2 2 1 1 1392 703 1395
2626 2 2 1 1 1119 1394 1965
2627 2 2 1 1 1398 1119 1964
2628 2 2 1 1 1395 425 1396
2629 2 2 1 1 1124 1122 1960
2630 2 2 1 1 1396 424 1397
2631 2 2 1 1 700 1119 1398
2632 2 2 1 1 1122 696 1399
2633 2 2 1 1 1396 1397 1687
2634 2 2 1 1 423 1398 1399
2635 2 2 1 1 1397 698 1400
2636 2 2 1 1 1684 1686 1400
2637 2 2 1 1 1400 422 1401
2638 2 2 1 1 1401 421 1402
2639 2 2 1 1 1125 1124 1958
2640 2 2 1 1 1402 420 1403
2641 2 2 1 1 1127 1125 1957
2642 2 2 1 1 1403 419 1404
2643 2 2 1 1 1128 1127 1955
2644 2 2 1 1 1404 418 1405
2645 2 2 1 1 1131 1130 1952
2646 2 2 1 1 1405 417 1406
2647 2 2 1 1 1133 1131 1951
2648 2 2 1 1 1406 416 1407
2649 2 2 1 1 1407 415 1408
2650 2 2 1 1 1135 1133 1949
2651 2 2 1 1 1136 1135 1947
2652 2 2 1 1 1140 1416 1941
2653 2 2 1 1 1408 414 1409
2654 2 2 1 1 679 410 1414
2655 2 2 1 1 1409 413 1410
2656 2 2 1 1 410 408 1418
2657 2 2 1 1 1410 412 1411
2658 2 2 1 1 411 681 1412
2659 2 2 1 1 1409 1410 1675
2660 2 2 1 1 1412 1672 1413
2661 2 2 1 1 411 1412 1413
2662 2 2 1 1 409 678 1415
2663 2 2 1 1 1411 679 1414
2664 2 2 1 1 1413 1671 1415
2665 2 2 1 1 1140 676 1416
2666 2 2 1 1 678 1413 1415
2667 2 2 1 1 676 409 1416
2668 2 2 1 1 1418 408 1417
2669 2 2 1 1 1414 410 1418
2670 2 2 1 1 1416 1415 1669
2671 2 2 1 1 1417 1667 1668
2672 2 2 1 1 1417 675 1419
2673 2 2 1 1 1142 1140 1942
2674 2 2 1 1 1419 407 1420
2675 2 2 1 1 1143 1142 1939
2676 2 2 1 1 668 403 1425
2677 2 2 1 1 1423 1143 1938
2678 2 2 1 1 1420 406 1421
2679 2 2 1 1 403 402 1426
2680 2 2 1 1 1421 405 1422
2681 2 2 1 1 404 670 1423
2682 2 2 1 1 1146 667 1424
2683 2 2 1 1 1421 1422 1664
2684 2 2 1 1 1423 1662 1424
2685 2 2 1 1 404 1423 1424
2686 2 2 1 1 1146 1424 1935
2687 2 2 1 1 1432 1429 1657
2688 2 2 1 1 1422 668 1425
2689 2 2 1 1 1425 403 1426
2690 2 2 1 1 400 661 1430
2691 2 2 1 1 1146 1934 1428
2692 2 2 1 1 402 664 1427
2693 2 2 1 1 1426 1427 1660
2694 2 2 1 1 401 665 1428
2695 2 2 1 1 1428 1658 1429
2696 2 2 1 1 401 1428 1429
2697 2 2 1 1 1654 2643 1929
2698 2 2 1 1 1431 400 1430
2699 2 2 1 1 1427 664 1431
2700 2 2 1 1 1150 659 1433
2701 2 2 1 1 662 1429 1432
2702 2 2 1 1 1431 1430 1656
2703 2 2 1 1 399 1432 1433
2704 2 2 1 1 2362 2643 3131
2705 2 2 1 1 1430 661 1434
2706 2 2 1 1 1151 1150 1930
2707 2 2 1 1 1434 398 1435
2708 2 2 1 1 1153 1151 1928
2709 2 2 1 1 1435 397 1436
2710 2 2 1 1 1157 1441 1922
2711 2 2 1 1 1436 396 1437
2712 2 2 1 1 1437 395 1439
2713 2 2 1 1 1438 1648 1649
2714 2 2 1 1 394 1438 1439
2715 2 2 1 1 393 653 1440
2716 2 2 1 1 1157 650 1441
2717 2 2 1 1 1154 1925 1440
2718 2 2 1 1 1440 1647 1441
2719 2 2 1 1 393 1440 1441
2720 2 2 1 1 1160 1445 1917
2721 2 2 1 1 1438 651 1442
2722 2 2 1 1 2369 3123 3124
2723 2 2 1 1 392 391 1443
2724 2 2 1 1 1157 1921 1444
2725 2 2 1 1 390 648 1444
2726 2 2 1 1 1160 647 1445
2727 2 2 1 1 390 1444 1445
2728 2 2 1 1 1447 389 1446
2729 2 2 1 1 1643 1645 1447
2730 2 2 1 1 1443 391 1447
2731 2 2 1 1 1446 1642 1643
2732 2 2 1 1 1163 1161 1916
2733 2 2 1 1 1446 645 1448
2734 2 2 1 1 1448 388 1449
2735 2 2 1 1 2377 2668 1911
2736 2 2 1 1 1449 387 1450
2737 2 2 1 1 1450 386 1451
2738 2 2 1 1 385 640 1452
2739 2 2 1 1 1165 637 1453
2740 2 2 1 1 1450 1451 1639
2741 2 2 1 1 1449 1450 1640
2742 2 2 1 1 385 1452 1453
2743 2 2 1 1 1912 2377 1911
2744 2 2 1 1 1457 1165 1911
2745 2 2 1 1 1451 639 1454
2746 2 2 1 1 1454 384 1456
2747 2 2 1 1 384 383 1456
2748 2 2 1 1 2380 2673 1907
2749 2 2 1 1 636 1165 1457
2750 2 2 1 1 1168 632 1458
2751 2 2 1 1 1456 1455 1635
2752 2 2 1 1 1457 1633 1458
2753 2 2 1 1 382 1457 1458
2754 2 2 1 1 1171 1463 1904
2755 2 2 1 1 1455 634 1459
2756 2 2 1 1 1168 1907 1462
2757 2 2 1 1 381 380 1461
2758 2 2 1 1 1460 1630 1631
2759 2 2 1 1 380 1460 1461
2760 2 2 1 1 379 631 1462
2761 2 2 1 1 1171 628 1463
2762 2 2 1 1 1459 1461 1632
2763 2 2 1 1 1462 1629 1463
2764 2 2 1 1 379 1462 1463
2765 2 2 1 1 1460 629 1464
2766 2 2 1 1 1172 1171 1903
2767 2 2 1 1 1464 378 1465
2768 2 2 1 1 1465 377 1466
2769 2 2 1 1 1174 1172 1902
2770 2 2 1 1 1466 376 1467
2771 2 2 1 1 1175 1174 1900
2772 2 2 1 1 1179 1177 1897
2773 2 2 1 1 1467 375 1468
2774 2 2 1 1 1181 1473 1893
2775 2 2 1 1 1468 374 1469
2776 2 2 1 1 1179 1895 1472
2777 2 2 1 1 1469 373 1470
2778 2 2 1 1 1470 372 1471
2779 2 2 1 1 1893 2393 1892
2780 2 2 1 1 371 618 1472
2781 2 2 1 1 1181 615 1473
2782 2 2 1 1 1469 1470 1623
2783 2 2 1 1 371 1472 1473
2784 2 2 1 1 1470 1471 1622
2785 2 2 1 1 1183 1181 1892
2786 2 2 1 1 1471 617 1474
2787 2 2 1 1 1474 370 1475
2788 2 2 1 1 1181 1893 1892
2789 2 2 1 1 1477 368 1476
2790 2 2 1 1 1478 1183 1890
2791 2 2 1 1 1475 369 1477
2792 2 2 1 1 1476 1480 1616
2793 2 2 1 1 367 612 1478
2794 2 2 1 1 1477 1476 1617
2795 2 2 1 1 1478 1615 1479
2796 2 2 1 1 1185 609 1479
2797 2 2 1 1 1476 611 1480
2798 2 2 1 1 1185 1479 1887
2799 2 2 1 1 1480 366 1481
2800 2 2 1 1 1187 1185 1888
2801 2 2 1 1 1484 1187 1885
2802 2 2 1 1 1481 365 1483
2803 2 2 1 1 364 1482 1483
2804 2 2 1 1 1482 1486 1611
2805 2 2 1 1 363 606 1484
2806 2 2 1 1 1190 603 1485
2807 2 2 1 1 1483 1482 1612
2808 2 2 1 1 1484 1610 1485
2809 2 2 1 1 363 1484 1485
2810 2 2 1 1 1482 604 1486
2811 2 2 1 1 1190 1485 1882
2812 2 2 1 1 1486 362 1487
2813 2 2 1 1 1193 1191 1880
2814 2 2 1 1 1487 361 1488
2815 2 2 1 1 1194 1193 1878
2816 2 2 1 1 1488 360 1489
2817 2 2 1 1 1489 359 1490
2818 2 2 1 1 1196 1194 1877
2819 2 2 1 1 1199 1494 1872
2820 2 2 1 1 1490 358 1491
2821 2 2 1 1 1491 357 1492
2822 2 2 1 1 356 595 1493
2823 2 2 1 1 1199 592 1494
2824 2 2 1 1 1490 1491 1605
2825 2 2 1 1 356 1493 1494
2826 2 2 1 1 1491 1492 1604
2827 2 2 1 1 1492 593 1495
2828 2 2 1 1 1200 1199 1871
2829 2 2 1 1 1202 1200 1870
2830 2 2 1 1 1495 355 1496
2831 2 2 1 1 1206 1505 1864
2832 2 2 1 1 1496 354 1497
2833 2 2 1 1 1499 352 1498
2834 2 2 1 1 1498 1597 1598
2835 2 2 1 1 1497 353 1499
2836 2 2 1 1 587 1202 1500
2837 2 2 1 1 1497 1499 1599
2838 2 2 1 1 1500 1596 1501
2839 2 2 1 1 584 351 1501
2840 2 2 1 1 1505 349 1504
2841 2 2 1 1 1503 350 1502
2842 2 2 1 1 1592 2715 1864
2843 2 2 1 1 1502 1593 1594
2844 2 2 1 1 1498 586 1503
2845 2 2 1 1 584 1501 1504
2846 2 2 1 1 1501 1595 1504
2847 2 2 1 1 1206 581 1505
2848 2 2 1 1 1502 583 1506
2849 2 2 1 1 1207 1206 1863
2850 2 2 1 1 1506 348 1507
2851 2 2 1 1 1507 347 1508
2852 2 2 1 1 1209 1207 1862
2853 2 2 1 1 1212 1210 1859
2854 2 2 1 1 1508 346 1509
2855 2 2 1 1 1509 345 1510
2856 2 2 1 1 1510 344 1511
2857 2 2 1 1 341 569 1516
2858 2 2 1 1 1212 1857 1513
2859 2 2 1 1 343 572 1512
2860 2 2 1 1 1511 1512 1586
2861 2 2 1 1 573 1212 1513
2862 2 2 1 1 1513 1584 1514
2863 2 2 1 1 342 1513 1514
2864 2 2 1 1 340 570 1517
2865 2 2 1 1 1514 1583 1517
2866 2 2 1 1 1512 572 1515
2867 2 2 1 1 1217 1216 1853
2868 2 2 1 1 1515 341 1516
2869 2 2 1 1 1216 567 1518
2870 2 2 1 1 570 1514 1517
2871 2 2 1 1 1515 1516 1582
2872 2 2 1 1 1512 1515 1585
2873 2 2 1 1 340 1517 1518
2874 2 2 1 1 1580 2727 2728
2875 2 2 1 1 1516 569 1519
2876 2 2 1 1 1519 339 1520
2877 2 2 1 1 1520 338 1521
2878 2 2 1 1 1219 1217 1851
2879 2 2 1 1 1521 337 1522
2880 2 2 1 1 1222 1220 1848
2881 2 2 1 1 1223 1222 1846
2882 2 2 1 1 1522 336 1523
2883 2 2 1 1 1523 335 1524
2884 2 2 1 1 1527 1223 1845
2885 2 2 1 1 1524 334 1525
2886 2 2 1 1 1228 1226 1841
2887 2 2 1 1 1525 333 1526
2888 2 2 1 1 558 1223 1527
2889 2 2 1 1 1525 1526 1573
2890 2 2 1 1 1226 554 1528
2891 2 2 1 1 1571 2737 2738
2892 2 2 1 1 1526 556 1529
2893 2 2 1 1 1570 1572 1529
2894 2 2 1 1 1229 1228 1839
2895 2 2 1 1 1529 331 1530
2896 2 2 1 1 1530 330 1531
2897 2 2 1 1 548 326 1537
2898 2 2 1 1 1531 329 1532
2899 2 2 1 1 326 545 1536
2900 2 2 1 1 1564 1565 2745
2901 2 2 1 1 1532 328 1533
2902 2 2 1 1 327 550 1534
2903 2 2 1 1 1531 1532 1568
2904 2 2 1 1 547 327 1535
2905 2 2 1 1 1539 325 1538
2906 2 2 1 1 1532 1533 1567
2907 2 2 1 1 1535 1564 1538
2908 2 2 1 1 1537 326 1536
2909 2 2 1 1 1533 548 1537
2910 2 2 1 1 1536 1540 1562
2911 2 2 1 1 547 1535 1538
2912 2 2 1 1 1537 1536 1563
2913 2 2 1 1 1533 1537 1566
2914 2 2 1 1 1538 1561 1539
2915 2 2 1 1 1233 544 1539
2916 2 2 1 1 1536 545 1540
2917 2 2 1 1 1233 1539 1833
2918 2 2 1 1 1236 1544 1829
2919 2 2 1 1 324 323 1541
2920 2 2 1 1 1541 323 1542
2921 2 2 1 1 1233 1834 1543
2922 2 2 1 1 1547 1554 1555
2923 2 2 1 1 322 542 1543
2924 2 2 1 1 1236 539 1544
2925 2 2 1 1 1541 1542 1559
2926 2 2 1 1 322 1543 1544
2927 2 2 1 1 1542 540 1545
2928 2 2 1 1 1545 321 1546
2929 2 2 1 1 1237 1236 1830
2930 2 2 1 1 946 947 2154
2931 2 2 1 1 1546 320 1547
2932 2 2 1 1 949 950 2151
2933 2 2 1 1 1547 319 1548
2934 2 2 1 1 948 949 2152
2935 2 2 1 1 1548 318 1549
2936 2 2 1 1 316 945 1550
2937 2 2 1 1 947 948 2153
2938 2 2 1 1 1549 317 1550
2939 2 2 1 1 1551 1552 1550
2940 2 2 1 1 945 946 1551
2941 2 2 1 1 2154 947 2153
2942 2 2 1 1 1549 1550 1552
2943 2 2 1 1 2149 2163 2170
2944 2 2 1 1 1239 1237 1828
2945 2 2 1 1 1549 1552 1553
2946 2 2 1 1 1545 1546 1556
2947 2 2 1 1 1548 1553 1554
2948 2 2 1 1 1542 1545 1558
2949 2 2 1 1 1546 1547 1555
2950 2 2 1 1 1544 1543 1557
2951 2 2 1 1 2448 2449 1830
2952 2 2 1 1 1546 1555 1556
2953 2 2 1 1 1540 1541 1560
2954 2 2 1 1 1545 1556 1558
2955 2 2 1 1 1557 1834 2753
2956 2 2 1 1 1542 1558 1559
2957 2 2 1 1 2750 2765 2767
2958 2 2 1 1 1561 2748 1833
2959 2 2 1 1 1541 1559 1560
2960 2 2 1 1 1834 1233 1833
2961 2 2 1 1 1535 1534 1565
2962 2 2 1 1 1540 1560 1562
2963 2 2 1 1 1561 1564 2749
2964 2 2 1 1 1536 1562 1563
2965 2 2 1 1 1561 1538 1564
2966 2 2 1 1 1534 1229 1838
2967 2 2 1 1 1530 1531 1569
2968 2 2 1 1 1564 1535 1565
2969 2 2 1 1 1537 1563 1566
2970 2 2 1 1 1533 1566 1567
2971 2 2 1 1 1532 1567 1568
2972 2 2 1 1 2441 2744 1838
2973 2 2 1 1 1531 1568 1569
2974 2 2 1 1 1528 1527 1571
2975 2 2 1 1 1529 1530 1570
2976 2 2 1 1 2438 2440 1841
2977 2 2 1 1 1523 1524 1575
2978 2 2 1 1 1524 1525 1574
2979 2 2 1 1 1526 1529 1572
2980 2 2 1 1 1526 1572 1573
2981 2 2 1 1 1525 1573 1574
2982 2 2 1 1 1220 1219 1849
2983 2 2 1 1 2435 2737 1845
2984 2 2 1 1 1524 1574 1575
2985 2 2 1 1 1520 1521 1578
2986 2 2 1 1 1522 1523 1576
2987 2 2 1 1 1519 1520 1579
2988 2 2 1 1 1521 1522 1577
2989 2 2 1 1 1516 1519 1581
2990 2 2 1 1 1521 1577 1578
2991 2 2 1 1 1518 1517 1580
2992 2 2 1 1 2428 2429 1853
2993 2 2 1 1 1520 1578 1579
2994 2 2 1 1 1519 1579 1581
2995 2 2 1 1 1580 1583 2727
2996 2 2 1 1 1516 1581 1582
2997 2 2 1 1 1510 1511 1587
2998 2 2 1 1 1580 1517 1583
2999 2 2 1 1 1509 1510 1588
3000 2 2 1 1 1583 1514 1584
3001 2 2 1 1 2721 2722 2791
3002 2 2 1 1 1515 1582 1585
3003 2 2 1 1 1512 1585 1586
3004 2 2 1 1 1511 1586 1587
3005 2 2 1 1 1210 1209 1860
3006 2 2 1 1 1507 1508 1590
3007 2 2 1 1 2424 2723 1857
3008 2 2 1 1 1510 1587 1588
3009 2 2 1 1 1506 1507 1591
3010 2 2 1 1 1508 1509 1589
3011 2 2 1 1 1508 1589 1590
3012 2 2 1 1 1505 1504 1592
3013 2 2 1 1 2419 2421 1862
3014 2 2 1 1 1507 1590 1591
3015 2 2 1 1 2418 2419 1863
3016 2 2 1 1 1595 1596 2711
3017 2 2 1 1 1498 1503 1597
3018 2 2 1 1 1502 1506 1593
3019 2 2 1 1 1592 1595 2714
3020 2 2 1 1 1503 1502 1594
3021 2 2 1 1 1592 1504 1595
3022 2 2 1 1 1500 1202 1868
3023 2 2 1 1 1496 1497 1600
3024 2 2 1 1 1595 1501 1596
3025 2 2 1 1 1503 1594 1597
3026 2 2 1 1 1596 1868 2710
3027 2 2 1 1 1499 1498 1598
3028 2 2 1 1 1499 1598 1599
3029 2 2 1 1 1497 1599 1600
3030 2 2 1 1 1494 1493 1602
3031 2 2 1 1 2412 2414 1870
3032 2 2 1 1 1495 1496 1601
3033 2 2 1 1 2411 2412 1871
3034 2 2 1 1 1489 1490 1606
3035 2 2 1 1 1492 1495 1603
3036 2 2 1 1 1492 1603 1604
3037 2 2 1 1 1488 1489 1607
3038 2 2 1 1 1491 1604 1605
3039 2 2 1 1 1490 1605 1606
3040 2 2 1 1 1191 1190 1881
3041 2 2 1 1 2406 2408 1877
3042 2 2 1 1 1489 1606 1607
3043 2 2 1 1 1487 1488 1608
3044 2 2 1 1 1882 2402 1881
3045 2 2 1 1 2403 2405 1880
3046 2 2 1 1 1486 1487 1609
3047 2 2 1 1 2402 2403 1881
3048 2 2 1 1 1480 1481 1614
3049 2 2 1 1 1481 1483 1613
3050 2 2 1 1 1486 1609 1611
3051 2 2 1 1 1482 1611 1612
3052 2 2 1 1 1483 1612 1613
3053 2 2 1 1 1615 2689 2688
3054 2 2 1 1 2399 2695 1885
3055 2 2 1 1 1481 1613 1614
3056 2 2 1 1 1474 1475 1619
3057 2 2 1 1 1475 1477 1618
3058 2 2 1 1 1480 1614 1616
3059 2 2 1 1 1476 1616 1617
3060 2 2 1 1 1477 1617 1618
3061 2 2 1 1 1473 1472 1620
3062 2 2 1 1 2395 2689 1890
3063 2 2 1 1 1475 1618 1619
3064 2 2 1 1 1471 1474 1621
3065 2 2 1 1 1468 1469 1624
3066 2 2 1 1 1471 1621 1622
3067 2 2 1 1 1470 1622 1623
3068 2 2 1 1 1177 1175 1899
3069 2 2 1 1 1466 1467 1626
3070 2 2 1 1 1469 1623 1624
3071 2 2 1 1 1465 1466 1627
3072 2 2 1 1 2389 2391 1897
3073 2 2 1 1 1467 1468 1625
3074 2 2 1 1 1464 1465 1628
3075 2 2 1 1 1467 1625 1626
3076 2 2 1 1 1466 1626 1627
3077 2 2 1 1 2384 2386 1902
3078 2 2 1 1 1465 1627 1628
3079 2 2 1 1 1168 1458 1908
3080 2 2 1 1 2380 3109 3110
3081 2 2 1 1 1460 1464 1630
3082 2 2 1 1 1455 1459 1634
3083 2 2 1 1 1461 1460 1631
3084 2 2 1 1 1461 1631 1632
3085 2 2 1 1 1907 1168 1908
3086 2 2 1 1 1165 1453 1912
3087 2 2 1 1 1454 1456 1636
3088 2 2 1 1 1459 1632 1634
3089 2 2 1 1 1451 1454 1638
3090 2 2 1 1 1455 1634 1635
3091 2 2 1 1 1456 1635 1636
3092 2 2 1 1 1453 1452 1637
3093 2 2 1 1 1911 1165 1912
3094 2 2 1 1 1448 1449 1641
3095 2 2 1 1 1454 1636 1638
3096 2 2 1 1 1451 1638 1639
3097 2 2 1 1 1161 1160 1918
3098 2 2 1 1 1450 1639 1640
3099 2 2 1 1 1449 1640 1641
3100 2 2 1 1 1445 1444 1644
3101 2 2 1 1 2372 2373 1918
3102 2 2 1 1 1446 1448 1642
3103 2 2 1 1 1442 1443 1646
3104 2 2 1 1 2372 1918 1917
3105 2 2 1 1 1447 1446 1643
3106 2 2 1 1 1644 1921 2654
3107 2 2 1 1 1443 1447 1645
3108 2 2 1 1 2652 2851 2853
3109 2 2 1 1 1443 1645 1646
3110 2 2 1 1 1921 1157 1922
3111 2 2 1 1 1154 1153 1926
3112 2 2 1 1 1437 1439 1650
3113 2 2 1 1 1438 1442 1648
3114 2 2 1 1 1436 1437 1651
3115 2 2 1 1 1439 1438 1649
3116 2 2 1 1 1439 1649 1650
3117 2 2 1 1 1435 1436 1652
3118 2 2 1 1 2366 2651 1925
3119 2 2 1 1 1437 1650 1651
3120 2 2 1 1 1150 1433 1929
3121 2 2 1 1 1436 1651 1652
3122 2 2 1 1 1434 1435 1653
3123 2 2 1 1 1433 1432 1654
3124 2 2 1 1 2363 2365 1928
3125 2 2 1 1 2362 1930 1929
3126 2 2 1 1 1657 1658 2639
3127 2 2 1 1 1427 1431 1659
3128 2 2 1 1 1430 1434 1655
3129 2 2 1 1 1654 1657 2642
3130 2 2 1 1 1430 1655 1656
3131 2 2 1 1 1654 1432 1657
3132 2 2 1 1 1425 1426 1661
3133 2 2 1 1 1657 1429 1658
3134 2 2 1 1 2358 3136 3137
3135 2 2 1 1 1431 1656 1659
3136 2 2 1 1 1658 1934 2638
3137 2 2 1 1 1427 1659 1660
3138 2 2 1 1 1426 1660 1661
3139 2 2 1 1 1419 1420 1666
3140 2 2 1 1 1420 1421 1665
3141 2 2 1 1 1425 1661 1663
3142 2 2 1 1 1662 1938 2634
3143 2 2 1 1 1422 1663 1664
3144 2 2 1 1 1421 1664 1665
3145 2 2 1 1 1417 1419 1667
3146 2 2 1 1 1420 1665 1666
3147 2 2 1 1 1414 1418 1670
3148 2 2 1 1 2354 2355 1939
3149 2 2 1 1 1419 1666 1667
3150 2 2 1 1 1411 1414 1673
3151 2 2 1 1 2352 1942 1941
3152 2 2 1 1 1418 1417 1668
3153 2 2 1 1 1410 1411 1674
3154 2 2 1 1 1669 1671 2625
3155 2 2 1 1 1418 1668 1670
3156 2 2 1 1 1412 1136 1946
3157 2 2 1 1 1669 1415 1671
3158 2 2 1 1 1408 1409 1676
3159 2 2 1 1 1671 1413 1672
3160 2 2 1 1 1414 1670 1673
3161 2 2 1 1 1671 1672 2623
3162 2 2 1 1 1411 1673 1674
3163 2 2 1 1 1410 1674 1675
3164 2 2 1 1 1407 1408 1677
3165 2 2 1 1 1406 1407 1678
3166 2 2 1 1 2348 2622 1946
3167 2 2 1 1 1409 1675 1676
3168 2 2 1 1 2347 2348 1947
3169 2 2 1 1 1408 1676 1677
3170 2 2 1 1 1130 1128 1954
3171 2 2 1 1 1407 1677 1678
3172 2 2 1 1 1403 1404 1681
3173 2 2 1 1 2343 2345 1951
3174 2 2 1 1 1405 1406 1679
3175 2 2 1 1 1402 1403 1682
3176 2 2 1 1 1404 1405 1680
3177 2 2 1 1 1401 1402 1683
3178 2 2 1 1 2340 2342 1954
3179 2 2 1 1 1404 1680 1681
3180 2 2 1 1 1400 1401 1684
3181 2 2 1 1 1403 1681 1682
3182 2 2 1 1 2337 2339 1957
3183 2 2 1 1 1402 1682 1683
3184 2 2 1 1 1399 1398 1685
3185 2 2 1 1 2336 2337 1958
3186 2 2 1 1 1401 1683 1684
3187 2 2 1 1 1964 2331 2608
3188 2 2 1 1 1395 1396 1688
3189 2 2 1 1 1397 1400 1686
3190 2 2 1 1 2893 2895 2605
3191 2 2 1 1 1397 1686 1687
3192 2 2 1 1 1396 1687 1688
3193 2 2 1 1 1394 1393 1689
3194 2 2 1 1 1390 1391 1692
3195 2 2 1 1 1395 1688 1690
3196 2 2 1 1 1392 1690 1691
3197 2 2 1 1 1115 1114 1970
3198 2 2 1 1 1391 1691 1692
3199 2 2 1 1 1387 1388 1695
3200 2 2 1 1 1389 1390 1693
3201 2 2 1 1 1386 1387 1696
3202 2 2 1 1 2327 2329 1969
3203 2 2 1 1 1388 1389 1694
3204 2 2 1 1 1385 1386 1697
3205 2 2 1 1 1388 1694 1695
3206 2 2 1 1 1384 1385 1698
3207 2 2 1 1 1387 1695 1696
3208 2 2 1 1 1383 1384 1699
3209 2 2 1 1 1386 1696 1697
3210 2 2 1 1 1382 1383 1700
3211 2 2 1 1 2321 2323 1975
3212 2 2 1 1 1385 1697 1698
3213 2 2 1 1 1381 1382 1701
3214 2 2 1 1 2319 2321 1977
3215 2 2 1 1 1384 1698 1699
3216 2 2 1 1 1380 1381 1702
3217 2 2 1 1 2318 2319 1978
3218 2 2 1 1 1383 1699 1700
3219 2 2 1 1 1379 1380 1703
3220 2 2 1 1 2316 2318 1980
3221 2 2 1 1 1382 1700 1701
3222 2 2 1 1 1100 1098 1986
3223 2 2 1 1 1381 1701 1702
3224 2 2 1 1 1377 1378 1705
3225 2 2 1 1 1380 1702 1703
3226 2 2 1 1 2312 2313 1984
3227 2 2 1 1 1378 1379 1704
3228 2 2 1 1 1376 1375 1706
3229 2 2 1 1 2310 2312 1986
3230 2 2 1 1 1378 1704 1705
3231 2 2 1 1 1371 1372 1710
3232 2 2 1 1 1372 1373 1709
3233 2 2 1 1 1374 1377 1707
3234 2 2 1 1 1374 1707 1708
3235 2 2 1 1 1373 1708 1709
3236 2 2 1 1 1711 2580 2579
3237 2 2 1 1 2304 2306 1993
3238 2 2 1 1 1372 1709 1710
3239 2 2 1 1 1090 1365 1996
3240 2 2 1 1 1366 1368 1714
3241 2 2 1 1 1367 1371 1712
3242 2 2 1 1 1363 1366 1716
3243 2 2 1 1 1368 1367 1713
3244 2 2 1 1 1368 1713 1714
3245 2 2 1 1 1365 1364 1715
3246 2 2 1 1 1997 1090 1996
3247 2 2 1 1 1360 1361 1719
3248 2 2 1 1 1361 1362 1718
3249 2 2 1 1 1366 1714 1716
3250 2 2 1 1 1363 1716 1717
3251 2 2 1 1 1359 1360 1720
3252 2 2 1 1 1362 1717 1718
3253 2 2 1 1 1356 1359 1722
3254 2 2 1 1 2299 2574 2000
3255 2 2 1 1 1361 1718 1719
3256 2 2 1 1 1721 2567 2004
3257 2 2 1 1 2297 2299 2002
3258 2 2 1 1 1360 1719 1720
3259 2 2 1 1 1352 1355 1726
3260 2 2 1 1 1359 1720 1722
3261 2 2 1 1 1721 1724 2568
3262 2 2 1 1 1356 1722 1723
3263 2 2 1 1 1350 1351 1728
3264 2 2 1 1 1721 1357 1724
3265 2 2 1 1 1080 1349 2008
3266 2 2 1 1 1724 1354 1725
3267 2 2 1 1 2561 1727 2562
3268 2 2 1 1 1355 1723 1726
3269 2 2 1 1 1725 2009 2563
3270 2 2 1 1 1352 1726 1727
3271 2 2 1 1 1351 1727 1728
3272 2 2 1 1 2009 1080 2008
3273 2 2 1 1 1077 1344 2012
3274 2 2 1 1 2289 3215 3214
3275 2 2 1 1 1347 1350 1730
3276 2 2 1 1 1342 1345 1734
3277 2 2 1 1 1347 1730 1731
3278 2 2 1 1 1346 1731 1732
3279 2 2 1 1 2012 2289 2013
3280 2 2 1 1 1337 1341 1738
3281 2 2 1 1 1345 1732 1734
3282 2 2 1 1 1733 1736 2554
3283 2 2 1 1 1342 1734 1735
3284 2 2 1 1 1336 1338 1740
3285 2 2 1 1 1733 1343 1736
3286 2 2 1 1 1074 1073 2019
3287 2 2 1 1 1736 1340 1737
3288 2 2 1 1 2547 1739 2548
3289 2 2 1 1 1736 1737 2550
3290 2 2 1 1 1341 1735 1738
3291 2 2 1 1 1338 1337 1739
3292 2 2 1 1 1335 1334 1742
3293 2 2 1 1 1338 1739 1740
3294 2 2 1 1 1331 1335 1744
3295 2 2 1 1 2288 2549 2016
3296 2 2 1 1 1334 1336 1741
3297 2 2 1 1 1332 1330 1745
3298 2 2 1 1 2287 2288 2019
3299 2 2 1 1 1334 1741 1742
3300 2 2 1 1 1330 1329 1746
3301 2 2 1 1 1743 1745 2542
3302 2 2 1 1 1335 1742 1744
3303 2 2 1 1 1743 1332 1745
3304 2 2 1 1 1326 1327 1749
3305 2 2 1 1 1072 1325 2021
3306 2 2 1 1 1745 1330 1746
3307 2 2 1 1 1331 1744 1747
3308 2 2 1 1 1328 1747 1748
3309 2 2 1 1 2286 2539 2020
3310 2 2 1 1 1327 1748 1749
3311 2 2 1 1 1325 1324 1750
3312 2 2 1 1 2020 1072 2021
3313 2 2 1 1 1753 1754 2531
3314 2 2 1 1 1750 2535 2021
3315 2 2 1 1 1323 1326 1751
3316 2 2 1 1 1750 1753 2534
3317 2 2 1 1 1323 1751 1752
3318 2 2 1 1 1750 1324 1753
3319 2 2 1 1 1317 1318 1757
3320 2 2 1 1 1071 1316 2023
3321 2 2 1 1 1753 1321 1754
3322 2 2 1 1 2528 1756 2529
3323 2 2 1 1 1322 1752 1755
3324 2 2 1 1 1319 1755 1756
3325 2 2 1 1 1318 1756 1757
3326 2 2 1 1 2022 1071 2023
3327 2 2 1 1 1309 1310 1764
3328 2 2 1 1 1310 1313 1763
3329 2 2 1 1 1314 1317 1759
3330 2 2 1 1 1758 1761 2526
3331 2 2 1 1 1314 1759 1760
3332 2 2 1 1 1311 1308 1765
3333 2 2 1 1 1758 1315 1761
3334 2 2 1 1 1308 1307 1766
3335 2 2 1 1 1761 1312 1762
3336 2 2 1 1 1313 1760 1763
3337 2 2 1 1 1761 1762 2522
3338 2 2 1 1 1762 1765 2521
3339 2 2 1 1 1310 1763 1764
3340 2 2 1 1 1762 1311 1765
3341 2 2 1 1 1307 1070 2025
3342 2 2 1 1 1070 1303 2024
3343 2 2 1 1 1765 1308 1766
3344 2 2 1 1 1309 1764 1767
3345 2 2 1 1 2974 2976 2514
3346 2 2 1 1 1306 1767 1768
3347 2 2 1 1 1304 1305 1769
3348 2 2 1 1 1770 2513 2512
3349 2 2 1 1 2025 1070 2024
3350 2 2 1 1 1299 1300 1773
3351 2 2 1 1 1301 1304 1771
3352 2 2 1 1 1301 1771 1772
3353 2 2 1 1 1300 1772 1773
3354 2 2 1 1 1298 1299 1774
3355 2 2 1 1 1066 1065 2030
3356 2 2 1 1 2282 2283 2027
3357 2 2 1 1 1297 1298 1775
3358 2 2 1 1 1294 1295 1778
3359 2 2 1 1 1296 1297 1776
3360 2 2 1 1 1291 1294 1780
3361 2 2 1 1 2280 2281 2029
3362 2 2 1 1 1295 1296 1777
3363 2 2 1 1 1293 1292 1779
3364 2 2 1 1 1295 1777 1778
3365 2 2 1 1 2278 2279 2031
3366 2 2 1 1 1063 1288 2033
3367 2 2 1 1 1289 1290 1782
3368 2 2 1 1 1294 1778 1780
3369 2 2 1 1 2033 1783 2498
3370 2 2 1 1 1291 1780 1781
3371 2 2 1 1 2277 2502 2034
3372 2 2 1 1 1290 1781 1782
3373 2 2 1 1 1288 1287 1783
3374 2 2 1 1 2034 1063 2033
3375 2 2 1 1 1283 1284 1787
3376 2 2 1 1 1284 1285 1786
3377 2 2 1 1 2277 2034 2033
3378 2 2 1 1 1286 1289 1784
3379 2 2 1 1 1286 1784 1785
3380 2 2 1 1 1285 1785 1786
3381 2 2 1 1 1061 1060 2037
3382 2 2 1 1 1281 1282 1789
3383 2 2 1 1 2276 2497 2035
3384 2 2 1 1 1284 1786 1787
3385 2 2 1 1 1059 1058 2039
3386 2 2 1 1 1282 1283 1788
3387 2 2 1 1 1279 1280 1791
3388 2 2 1 1 2274 2275 2037
3389 2 2 1 1 1282 1788 1789
3390 2 2 1 1 1275 1279 1793
3391 2 2 1 1 1280 1281 1790
3392 2 2 1 1 2272 2273 2039
3393 2 2 1 1 1280 1790 1791
3394 2 2 1 1 1056 1273 2043
3395 2 2 1 1 1274 1276 1795
3396 2 2 1 1 1279 1791 1793
3397 2 2 1 1 2042 2043 2270
3398 2 2 1 1 1276 1275 1794
3399 2 2 1 1 1276 1794 1795
3400 2 2 1 1 2042 1056 2043
3401 2 2 1 1 1055 1268 2045
3402 2 2 1 1 1269 1270 1799
3403 2 2 1 1 2270 2488 2042
3404 2 2 1 1 1271 1274 1797
3405 2 2 1 1 2044 2045 2269
3406 2 2 1 1 1271 1797 1798
3407 2 2 1 1 1270 1798 1799
3408 2 2 1 1 1268 1267 1800
3409 2 2 1 1 2044 1055 2045
3410 2 2 1 1 1054 1053 2047
3411 2 2 1 1 1264 1265 1803
3412 2 2 1 1 2269 2483 2044
3413 2 2 1 1 1266 1269 1801
3414 2 2 1 1 1263 1264 1804
3415 2 2 1 1 1266 1801 1802
3416 2 2 1 1 1265 1802 1803
3417 2 2 1 1 1262 1263 1805
3418 2 2 1 1 1264 1803 1804
3419 2 2 1 1 1263 1804 1805
3420 2 2 1 1 1051 1050 2051
3421 2 2 1 1 1258 1262 1807
3422 2 2 1 1 1256 1257 1810
3423 2 2 1 1 1259 1258 1808
3424 2 2 1 1 1259 1808 1809
3425 2 2 1 1 1255 1256 1811
3426 2 2 1 1 1049 1048 2053
3427 2 2 1 1 2265 2471 2050
3428 2 2 1 1 1257 1809 1810
3429 2 2 1 1 1253 1254 1813
3430 2 2 1 1 1256 1810 1811
3431 2 2 1 1 1047 1046 2055
3432 2 2 1 1 1254 1255 1812
3433 2 2 1 1 1251 1252 1815
3434 2 2 1 1 2262 2263 2053
3435 2 2 1 1 1254 1812 1813
3436 2 2 1 1 1045 1044 2057
3437 2 2 1 1 1252 1253 1814
3438 2 2 1 1 2260 2261 2055
3439 2 2 1 1 1252 1814 1815
3440 2 2 1 1 1043 1247 2058
3441 2 2 1 1 2259 2260 2056
3442 2 2 1 1 1249 1251 1816
3443 2 2 1 1 1250 1249 1817
3444 2 2 1 1 1042 1248 2060
3445 2 2 1 1 2258 2259 2057
3446 2 2 1 1 1819 1820 2456
3447 2 2 1 1 1248 1250 1818
3448 2 2 1 1 2257 2258 2059
3449 2 2 1 1 1819 1246 1820
3450 2 2 1 1 1241 1238 1827
3451 2 2 1 1 1820 1245 1821
3452 2 2 1 1 2060 2256 2061
3453 2 2 1 1 1242 1240 1825
3454 2 2 1 1 953 954 1822
3455 2 2 1 1 2148 1822 1823
3456 2 2 1 1 1822 1243 1823
3457 2 2 1 1 1821 1244 1824
3458 2 2 1 1 2061 2255 2062
3459 2 2 1 1 1823 1242 1825
3460 2 2 1 1 2148 1823 2163
3461 2 2 1 1 1825 1240 1826
3462 2 2 1 1 1236 1829 1830
3463 2 2 1 1 2151 2150 2169
3464 2 2 1 1 1824 1241 1827
3465 2 2 1 1 2062 2254 2063
3466 2 2 1 1 1558 1556 2755
3467 2 2 1 1 1826 1239 1828
3468 2 2 1 1 1555 1554 2757
3469 2 2 1 1 1544 1557 1829
3470 2 2 1 1 1559 1558 2752
3471 2 2 1 1 2448 1830 1829
3472 2 2 1 1 1828 1237 1830
3473 2 2 1 1 1556 1555 2756
3474 2 2 1 1 1827 1238 1831
3475 2 2 1 1 2063 2253 2064
3476 2 2 1 1 1831 1235 1832
3477 2 2 1 1 1539 1561 1833
3478 2 2 1 1 1562 1560 2750
3479 2 2 1 1 1833 2445 1834
3480 2 2 1 1 1557 1543 1834
3481 2 2 1 1 1832 1234 1835
3482 2 2 1 1 2065 2251 2066
3483 2 2 1 1 1835 1232 1836
3484 2 2 1 1 1836 1231 1837
3485 2 2 1 1 2067 2249 2068
3486 2 2 1 1 1569 1568 2741
3487 2 2 1 1 1565 1534 1838
3488 2 2 1 1 1226 1842 1841
3489 2 2 1 1 1838 1229 1839
3490 2 2 1 1 1837 1230 1840
3491 2 2 1 1 1839 1228 1841
3492 2 2 1 1 1572 1570 2739
3493 2 2 1 1 2438 1841 1842
3494 2 2 1 1 1528 1571 1842
3495 2 2 1 1 1224 1221 1847
3496 2 2 1 1 1840 1227 1843
3497 2 2 1 1 1843 1225 1844
3498 2 2 1 1 1575 1574 2734
3499 2 2 1 1 1571 1527 1845
3500 2 2 1 1 1845 1223 1846
3501 2 2 1 1 1218 1215 1854
3502 2 2 1 1 1844 1224 1847
3503 2 2 1 1 2071 2245 2072
3504 2 2 1 1 1846 1222 1848
3505 2 2 1 1 1576 1575 2733
3506 2 2 1 1 1848 1220 1849
3507 2 2 1 1 1577 1576 2732
3508 2 2 1 1 1216 1852 1853
3509 2 2 1 1 1847 1221 1850
3510 2 2 1 1 1581 1579 2729
3511 2 2 1 1 1849 1219 1851
3512 2 2 1 1 1578 1577 2731
3513 2 2 1 1 1518 1580 1852
3514 2 2 1 1 1851 1217 1853
3515 2 2 1 1 1579 1578 2730
3516 2 2 1 1 1852 2428 1853
3517 2 2 1 1 1214 1213 1856
3518 2 2 1 1 1850 1218 1854
3519 2 2 1 1 1854 1215 1855
3520 2 2 1 1 1855 1214 1856
3521 2 2 1 1 1588 1587 2720
3522 2 2 1 1 1584 1513 1857
3523 2 2 1 1 1856 1213 1858
3524 2 2 1 1 2076 2240 2077
3525 2 2 1 1 1857 1212 1859
3526 2 2 1 1 1859 1210 1860
3527 2 2 1 1 1589 1588 2719
3528 2 2 1 1 1205 1204 1866
3529 2 2 1 1 1858 1211 1861
3530 2 2 1 1 1860 1209 1862
3531 2 2 1 1 1591 1590 2717
3532 2 2 1 1 1505 1592 1864
3533 2 2 1 1 1862 1207 1863
3534 2 2 1 1 1593 1591 2716
3535 2 2 1 1 1863 1206 1864
3536 2 2 1 1 1594 1593 2713
3537 2 2 1 1 2418 1863 1864
3538 2 2 1 1 1861 1208 1865
3539 2 2 1 1 2078 2238 2079
3540 2 2 1 1 1865 1205 1866
3541 2 2 1 1 1201 1198 1873
3542 2 2 1 1 1866 1204 1867
3543 2 2 1 1 2080 2236 2081
3544 2 2 1 1 1596 1500 1868
3545 2 2 1 1 1599 1598 2708
3546 2 2 1 1 1199 1872 1871
3547 2 2 1 1 1867 1203 1869
3548 2 2 1 1 1601 1600 2706
3549 2 2 1 1 1868 1202 1870
3550 2 2 1 1 1870 1200 1871
3551 2 2 1 1 1603 1601 2705
3552 2 2 1 1 2411 1871 1872
3553 2 2 1 1 1494 1602 1872
3554 2 2 1 1 1869 1201 1873
3555 2 2 1 1 2082 2234 2083
3556 2 2 1 1 1873 1198 1874
3557 2 2 1 1 2083 2233 2084
3558 2 2 1 1 1602 1493 1875
3559 2 2 1 1 1605 1604 2701
3560 2 2 1 1 1874 1197 1876
3561 2 2 1 1 1607 1606 2699
3562 2 2 1 1 1875 1196 1877
3563 2 2 1 1 1877 1194 1878
3564 2 2 1 1 1190 1882 1881
3565 2 2 1 1 1876 1195 1879
3566 2 2 1 1 2085 2231 2086
3567 2 2 1 1 1609 1608 2697
3568 2 2 1 1 1878 1193 1880
3569 2 2 1 1 1880 1191 1881
3570 2 2 1 1 1611 1609 2696
3571 2 2 1 1 1485 1610 1882
3572 2 2 1 1 1612 1611 2693
3573 2 2 1 1 1879 1192 1883
3574 2 2 1 1 1883 1189 1884
3575 2 2 1 1 2087 2229 2088
3576 2 2 1 1 1614 1613 2691
3577 2 2 1 1 1610 1484 1885
3578 2 2 1 1 1884 1188 1886
3579 2 2 1 1 1479 1615 1887
3580 2 2 1 1 1885 1187 1888
3581 2 2 1 1 1616 1614 2690
3582 2 2 1 1 1185 1887 1888
3583 2 2 1 1 2397 2399 1888
3584 2 2 1 1 1887 2397 1888
3585 2 2 1 1 1886 1186 1889
3586 2 2 1 1 1619 1618 2685
3587 2 2 1 1 1621 1619 2684
3588 2 2 1 1 1615 1478 1890
3589 2 2 1 1 1889 1184 1891
3590 2 2 1 1 1890 1183 1892
3591 2 2 1 1 2393 2395 1892
3592 2 2 1 1 1473 1620 1893
3593 2 2 1 1 1622 1621 2681
3594 2 2 1 1 1178 1176 1898
3595 2 2 1 1 1891 1182 1894
3596 2 2 1 1 1620 1472 1895
3597 2 2 1 1 1623 1622 2680
3598 2 2 1 1 1176 1173 1901
3599 2 2 1 1 1894 1180 1896
3600 2 2 1 1 1625 1624 2678
3601 2 2 1 1 1895 1179 1897
3602 2 2 1 1 1896 1178 1898
3603 2 2 1 1 2093 2223 2094
3604 2 2 1 1 1897 1177 1899
3605 2 2 1 1 1899 1175 1900
3606 2 2 1 1 1626 1625 2677
3607 2 2 1 1 1171 1904 1903
3608 2 2 1 1 1170 1169 1906
3609 2 2 1 1 1898 1176 1901
3610 2 2 1 1 2094 2222 2095
3611 2 2 1 1 1628 1627 2675
3612 2 2 1 1 1630 1628 2674
3613 2 2 1 1 1900 1174 1902
3614 2 2 1 1 1902 1172 1903
3615 2 2 1 1 2383 2384 1903
3616 2 2 1 1 1463 1629 1904
3617 2 2 1 1 2383 1903 1904
3618 2 2 1 1 1901 1173 1905
3619 2 2 1 1 2095 2221 2096
3620 2 2 1 1 1167 1166 1910
3621 2 2 1 1 1905 1170 1906
3622 2 2 1 1 1629 1462 1907
3623 2 2 1 1 1634 1632 2669
3624 2 2 1 1 2380 1907 1908
3625 2 2 1 1 1458 1633 1908
3626 2 2 1 1 1166 1164 1913
3627 2 2 1 1 1906 1169 1909
3628 2 2 1 1 2097 2219 2098
3629 2 2 1 1 1909 1167 1910
3630 2 2 1 1 2098 2218 2099
3631 2 2 1 1 1633 1457 1911
3632 2 2 1 1 1638 1636 2664
3633 2 2 1 1 1453 1637 1912
3634 2 2 1 1 1639 1638 2661
3635 2 2 1 1 1910 1166 1913
3636 2 2 1 1 2099 2217 2100
3637 2 2 1 1 1637 1452 1914
3638 2 2 1 1 1640 1639 2660
3639 2 2 1 1 1160 1917 1918
3640 2 2 1 1 1913 1164 1915
3641 2 2 1 1 1914 1163 1916
3642 2 2 1 1 1641 1640 2659
3643 2 2 1 1 1445 1644 1917
3644 2 2 1 1 1643 1642 2657
3645 2 2 1 1 1916 1161 1918
3646 2 2 1 1 1642 1641 2658
3647 2 2 1 1 1158 1156 1923
3648 2 2 1 1 1915 1162 1919
3649 2 2 1 1 2101 2215 2102
3650 2 2 1 1 1156 1155 1924
3651 2 2 1 1 1919 1159 1920
3652 2 2 1 1 2102 2214 2103
3653 2 2 1 1 1644 1444 1921
3654 2 2 1 1 1648 1646 2652
3655 2 2 1 1 2369 1921 1922
3656 2 2 1 1 1441 1647 1922
3657 2 2 1 1 1155 1152 1927
3658 2 2 1 1 1920 1158 1923
3659 2 2 1 1 2103 2213 2104
3660 2 2 1 1 1152 1149 1931
3661 2 2 1 1 1923 1156 1924
3662 2 2 1 1 1651 1650 2647
3663 2 2 1 1 1647 1440 1925
3664 2 2 1 1 1925 1154 1926
3665 2 2 1 1 1924 1155 1927
3666 2 2 1 1 2105 2211 2106
3667 2 2 1 1 1926 1153 1928
3668 2 2 1 1 1653 1652 2645
3669 2 2 1 1 1433 1654 1929
3670 2 2 1 1 1928 1151 1930
3671 2 2 1 1 1656 1655 2641
3672 2 2 1 1 1150 1929 1930
3673 2 2 1 1 2362 2363 1930
3674 2 2 1 1 1148 1147 1933
3675 2 2 1 1 1927 1152 1931
3676 2 2 1 1 2106 2210 2107
3677 2 2 1 1 1147 1145 1936
3678 2 2 1 1 1931 1149 1932
3679 2 2 1 1 1932 1148 1933
3680 2 2 1 1 2108 2208 2109
3681 2 2 1 1 1658 1428 1934
3682 2 2 1 1 1424 1662 1935
3683 2 2 1 1 1663 1661 2635
3684 2 2 1 1 1934 1146 1935
3685 2 2 1 1 1664 1663 2632
3686 2 2 1 1 2358 1934 1935
3687 2 2 1 1 1933 1147 1936
3688 2 2 1 1 2109 2207 2110
3689 2 2 1 1 1936 1145 1937
3690 2 2 1 1 1662 1423 1938
3691 2 2 1 1 1665 1664 2631
3692 2 2 1 1 1140 1941 1942
3693 2 2 1 1 1938 1143 1939
3694 2 2 1 1 1667 1666 2629
3695 2 2 1 1 1669 2625 2626
3696 2 2 1 1 1139 1138 1944
3697 2 2 1 1 1937 1144 1940
3698 2 2 1 1 1416 1669 1941
3699 2 2 1 1 1668 1667 2628
3700 2 2 1 1 1939 1142 1942
3701 2 2 1 1 2352 2354 1942
3702 2 2 1 1 1138 1137 1945
3703 2 2 1 1 1940 1141 1943
3704 2 2 1 1 2112 2204 2113
3705 2 2 1 1 1137 1134 1948
3706 2 2 1 1 1943 1139 1944
3707 2 2 1 1 1944 1138 1945
3708 2 2 1 1 2114 2202 2115
3709 2 2 1 1 1676 1675 2619
3710 2 2 1 1 1672 1412 1946
3711 2 2 1 1 1677 1676 2618
3712 2 2 1 1 1946 1136 1947
3713 2 2 1 1 1132 1129 1953
3714 2 2 1 1 1945 1137 1948
3715 2 2 1 1 1947 1135 1949
3716 2 2 1 1 1948 1134 1950
3717 2 2 1 1 1679 1678 2616
3718 2 2 1 1 1949 1133 1951
3719 2 2 1 1 1951 1131 1952
3720 2 2 1 1 1126 1123 1959
3721 2 2 1 1 1950 1132 1953
3722 2 2 1 1 2117 2199 2118
3723 2 2 1 1 1681 1680 2614
3724 2 2 1 1 1952 1130 1954
3725 2 2 1 1 1954 1128 1955
3726 2 2 1 1 1953 1129 1956
3727 2 2 1 1 1683 1682 2612
3728 2 2 1 1 1955 1127 1957
3729 2 2 1 1 1122 1961 1960
3730 2 2 1 1 1684 1683 2611
3731 2 2 1 1 1686 1684 2610
3732 2 2 1 1 1957 1125 1958
3733 2 2 1 1 1121 1120 1963
3734 2 2 1 1 1956 1126 1959
3735 2 2 1 1 1958 1124 1960
3736 2 2 1 1 2334 2336 1960
3737 2 2 1 1 1399 1685 1961
3738 2 2 1 1 2334 1960 1961
3739 2 2 1 1 1959 1123 1962
3740 2 2 1 1 2120 2196 2121
3741 2 2 1 1 1118 1116 1968
3742 2 2 1 1 1962 1121 1963
3743 2 2 1 1 2121 2195 2122
3744 2 2 1 1 1685 1398 1964
3745 2 2 1 1 1394 1689 1965
3746 2 2 1 1 1690 1688 2605
3747 2 2 1 1 1964 1119 1965
3748 2 2 1 1 1691 1690 2602
3749 2 2 1 1 2331 1964 1965
3750 2 2 1 1 1963 1120 1966
3751 2 2 1 1 2122 2194 2123
3752 2 2 1 1 1689 1393 1967
3753 2 2 1 1 1692 1691 2601
3754 2 2 1 1 1113 1110 1974
3755 2 2 1 1 1966 1118 1968
3756 2 2 1 1 2123 2193 2124
3757 2 2 1 1 1694 1693 2599
3758 2 2 1 1 1967 1117 1969
3759 2 2 1 1 1969 1115 1970
3760 2 2 1 1 1110 1108 1976
3761 2 2 1 1 1968 1116 1971
3762 2 2 1 1 2124 2192 2125
3763 2 2 1 1 1970 1114 1972
3764 2 2 1 1 1695 1694 2598
3765 2 2 1 1 1972 1112 1973
3766 2 2 1 1 1696 1695 2597
3767 2 2 1 1 1971 1113 1974
3768 2 2 1 1 2125 2191 2126
3769 2 2 1 1 1698 1697 2595
3770 2 2 1 1 1973 1111 1975
3771 2 2 1 1 1974 1110 1976
3772 2 2 1 1 2126 2190 2127
3773 2 2 1 1 1699 1698 2594
3774 2 2 1 1 1975 1109 1977
3775 2 2 1 1 1700 1699 2593
3776 2 2 1 1 1977 1107 1978
3777 2 2 1 1 1102 1099 1985
3778 2 2 1 1 1976 1108 1979
3779 2 2 1 1 1701 1700 2592
3780 2 2 1 1 1978 1106 1980
3781 2 2 1 1 1980 1104 1981
3782 2 2 1 1 1099 1096 1989
3783 2 2 1 1 1979 1105 1982
3784 2 2 1 1 1981 1103 1983
3785 2 2 1 1 1702 1701 2591
3786 2 2 1 1 1704 1703 2589
3787 2 2 1 1 1983 1101 1984
3788 2 2 1 1 1097 1988 1987
3789 2 2 1 1 1982 1102 1985
3790 2 2 1 1 1705 1704 2588
3791 2 2 1 1 1707 1705 2587
3792 2 2 1 1 1984 1100 1986
3793 2 2 1 1 1986 1098 1987
3794 2 2 1 1 2309 2310 1987
3795 2 2 1 1 1376 1706 1988
3796 2 2 1 1 1708 1707 2584
3797 2 2 1 1 2309 1987 1988
3798 2 2 1 1 1985 1099 1989
3799 2 2 1 1 2130 2186 2131
3800 2 2 1 1 1989 1096 1990
3801 2 2 1 1 2131 2185 2132
3802 2 2 1 1 1706 1375 1991
3803 2 2 1 1 1709 1708 2583
3804 2 2 1 1 1990 1095 1992
3805 2 2 1 1 1991 1094 1993
3806 2 2 1 1 1370 1711 1994
3807 2 2 1 1 1710 1709 2582
3808 2 2 1 1 1712 1710 2581
3809 2 2 1 1 1993 1092 1994
3810 2 2 1 1 2304 1993 1994
3811 2 2 1 1 1992 1093 1995
3812 2 2 1 1 2133 2183 2134
3813 2 2 1 1 1365 1715 1996
3814 2 2 1 1 1716 1714 2576
3815 2 2 1 1 1711 1369 1997
3816 2 2 1 1 1714 1713 2577
3817 2 2 1 1 1996 2302 1997
3818 2 2 1 1 1995 1091 1998
3819 2 2 1 1 1998 1089 1999
3820 2 2 1 1 2135 2181 2136
3821 2 2 1 1 1719 1718 2571
3822 2 2 1 1 1715 1364 2000
3823 2 2 1 1 1083 1082 2006
3824 2 2 1 1 1999 1088 2001
3825 2 2 1 1 1084 2004 2003
3826 2 2 1 1 2000 1087 2002
3827 2 2 1 1 1720 1719 2570
3828 2 2 1 1 2002 1085 2003
3829 2 2 1 1 2296 2297 2003
3830 2 2 1 1 1722 1720 2569
3831 2 2 1 1 1358 1721 2004
3832 2 2 1 1 2296 2003 2004
3833 2 2 1 1 2001 1086 2005
3834 2 2 1 1 2137 2179 2138
3835 2 2 1 1 2005 1083 2006
3836 2 2 1 1 2138 2178 2139
3837 2 2 1 1 1079 1078 2011
3838 2 2 1 1 2006 1082 2007
3839 2 2 1 1 2139 2177 2140
3840 2 2 1 1 1349 1729 2008
3841 2 2 1 1 1730 1728 2560
3842 2 2 1 1 2008 2292 2009
3843 2 2 1 1 1725 1353 2009
3844 2 2 1 1 1078 1076 2014
3845 2 2 1 1 2007 1081 2010
3846 2 2 1 1 2010 1079 2011
3847 2 2 1 1 2141 2175 2142
3848 2 2 1 1 1729 1348 2013
3849 2 2 1 1 1344 1733 2012
3850 2 2 1 1 1735 1734 2552
3851 2 2 1 1 1348 1077 2013
3852 2 2 1 1 1734 1732 2555
3853 2 2 1 1 2011 1078 2014
3854 2 2 1 1 1075 2017 2015
3855 2 2 1 1 2165 3351 2162
3856 2 2 1 1 2014 1076 2015
3857 2 2 1 1 1741 1740 2546
3858 2 2 1 1 1737 1339 2016
3859 2 2 1 1 1075 942 2017
3860 2 2 1 1 939 938 2158
3861 2 2 1 1 2016 1074 2019
3862 2 2 1 1 1333 1743 2018
3863 2 2 1 1 1744 1742 2544
3864 2 2 1 1 1742 1741 2545
3865 2 2 1 1 1073 2018 2019
3866 2 2 1 1 2018 2287 2019
3867 2 2 1 1 1746 1329 2020
3868 2 2 1 1 1749 1748 2537
3869 2 2 1 1 1751 1749 2536
3870 2 2 1 1 1325 1750 2021
3871 2 2 1 1 1752 1751 2533
3872 2 2 1 1 2286 2020 2021
3873 2 2 1 1 1754 1320 2022
3874 2 2 1 1 1759 1757 2527
3875 2 2 1 1 1316 1758 2023
3876 2 2 1 1 1760 1759 2524
3877 2 2 1 1 2285 2022 2023
3878 2 2 1 1 1303 1770 2024
3879 2 2 1 1 1771 1769 2514
3880 2 2 1 1 1766 1307 2025
3881 2 2 1 1 2024 2284 2025
3882 2 2 1 1 1770 1302 2026
3883 2 2 1 1 1773 1772 2510
3884 2 2 1 1 1775 1774 2508
3885 2 2 1 1 2026 1069 2027
3886 2 2 1 1 2027 1068 2028
3887 2 2 1 1 1777 1776 2506
3888 2 2 1 1 2028 1067 2029
3889 2 2 1 1 1064 2032 2031
3890 2 2 1 1 2029 1066 2030
3891 2 2 1 1 2030 1065 2031
3892 2 2 1 1 1780 1778 2504
3893 2 2 1 1 1293 1779 2032
3894 2 2 1 1 2278 2031 2032
3895 2 2 1 1 1288 1783 2033
3896 2 2 1 1 1784 1782 2499
3897 2 2 1 1 1779 1292 2034
3898 2 2 1 1 1782 1781 2500
3899 2 2 1 1 1787 1786 2494
3900 2 2 1 1 1783 1287 2035
3901 2 2 1 1 2035 1062 2036
3902 2 2 1 1 1789 1788 2492
3903 2 2 1 1 2036 1061 2037
3904 2 2 1 1 2037 1060 2038
3905 2 2 1 1 1791 1790 2490
3906 2 2 1 1 1793 1791 2489
3907 2 2 1 1 2038 1059 2039
3908 2 2 1 1 1278 1792 2041
3909 2 2 1 1 2039 1058 2040
3910 2 2 1 1 2271 2272 2040
3911 2 2 1 1 2040 1057 2041
3912 2 2 1 1 2271 2040 2041
3913 2 2 1 1 1792 1277 2042
3914 2 2 1 1 1797 1795 2484
3915 2 2 1 1 1273 1796 2043
3916 2 2 1 1 1798 1797 2481
3917 2 2 1 1 1796 1272 2044
3918 2 2 1 1 1801 1799 2479
3919 2 2 1 1 1268 1800 2045
3920 2 2 1 1 1800 1267 2046
3921 2 2 1 1 1803 1802 2475
3922 2 2 1 1 1807 1805 2472
3923 2 2 1 1 2046 1054 2047
3924 2 2 1 1 1804 1803 2474
3925 2 2 1 1 1261 1806 2049
3926 2 2 1 1 2047 1053 2048
3927 2 2 1 1 2266 2267 2048
3928 2 2 1 1 2048 1052 2049
3929 2 2 1 1 2266 2048 2049
3930 2 2 1 1 1810 1809 2467
3931 2 2 1 1 1806 1260 2050
3932 2 2 1 1 2050 1051 2051
3933 2 2 1 1 2051 1050 2052
3934 2 2 1 1 1811 1810 2466
3935 2 2 1 1 1813 1812 2464
3936 2 2 1 1 2052 1049 2053
3937 2 2 1 1 2053 1048 2054
3938 2 2 1 1 1815 1814 2462
3939 2 2 1 1 2054 1047 2055
3940 2 2 1 1 1816 1815 2461
3941 2 2 1 1 2055 1046 2056
3942 2 2 1 1 2056 1045 2057
3943 2 2 1 1 1817 1816 2460
3944 2 2 1 1 1247 1819 2058
3945 2 2 1 1 2057 1044 2059
3946 2 2 1 1 1819 2456 2457
3947 2 2 1 1 1043 2058 2059
3948 2 2 1 1 2058 2257 2059
3949 2 2 1 1 1248 1818 2060
3950 2 2 1 1 1820 1821 2455
3951 2 2 1 1 1042 2060 2061
3952 2 2 1 1 1821 1824 2454
3953 2 2 1 1 1041 2061 2062
3954 2 2 1 1 1824 1827 2453
3955 2 2 1 1 1040 2062 2063
3956 2 2 1 1 1827 1831 2450
3957 2 2 1 1 1039 2063 2064
3958 2 2 1 1 1038 2064 2065
3959 2 2 1 1 1832 1835 2446
3960 2 2 1 1 1037 2065 2066
3961 2 2 1 1 1036 2066 2067
3962 2 2 1 1 1836 1837 2443
3963 2 2 1 1 1035 2067 2068
3964 2 2 1 1 1034 2068 2069
3965 2 2 1 1 1837 1840 2442
3966 2 2 1 1 1033 2069 2070
3967 2 2 1 1 1840 1843 2439
3968 2 2 1 1 1032 2070 2071
3969 2 2 1 1 1844 1847 2436
3970 2 2 1 1 1031 2071 2072
3971 2 2 1 1 1030 2072 2073
3972 2 2 1 1 1847 1850 2433
3973 2 2 1 1 1029 2073 2074
3974 2 2 1 1 1850 1854 2430
3975 2 2 1 1 1028 2074 2075
3976 2 2 1 1 1854 1855 2427
3977 2 2 1 1 1027 2075 2076
3978 2 2 1 1 1856 1858 2425
3979 2 2 1 1 1026 2076 2077
3980 2 2 1 1 1025 2077 2078
3981 2 2 1 1 1861 1865 2420
3982 2 2 1 1 1024 2078 2079
3983 2 2 1 1 1023 2079 2080
3984 2 2 1 1 1866 1867 2416
3985 2 2 1 1 1022 2080 2081
3986 2 2 1 1 1021 2081 2082
3987 2 2 1 1 1869 1873 2413
3988 2 2 1 1 1020 2082 2083
3989 2 2 1 1 1873 1874 2410
3990 2 2 1 1 1019 2083 2084
3991 2 2 1 1 1018 2084 2085
3992 2 2 1 1 1876 1879 2407
3993 2 2 1 1 1017 2085 2086
3994 2 2 1 1 1016 2086 2087
3995 2 2 1 1 1883 1884 2401
3996 2 2 1 1 1015 2087 2088
3997 2 2 1 1 1014 2088 2089
3998 2 2 1 1 1884 1886 2400
3999 2 2 1 1 1013 2089 2090
4000 2 2 1 1 1886 1889 2398
4001 2 2 1 1 1012 2090 2091
4002 2 2 1 1 1889 1891 2396
4003 2 2 1 1 1011 2091 2092
4004 2 2 1 1 1891 1894 2394
4005 2 2 1 1 1010 2092 2093
4006 2 2 1 1 1896 1898 2390
4007 2 2 1 1 1009 2093 2094
4008 2 2 1 1 1898 1901 2388
4009 2 2 1 1 1008 2094 2095
4010 2 2 1 1 1901 1905 2385
4011 2 2 1 1 1007 2095 2096
4012 2 2 1 1 1006 2096 2097
4013 2 2 1 1 1906 1909 2381
4014 2 2 1 1 1005 2097 2098
4015 2 2 1 1 1909 1910 2379
4016 2 2 1 1 1004 2098 2099
4017 2 2 1 1 1910 1913 2378
4018 2 2 1 1 1003 2099 2100
4019 2 2 1 1 1002 2100 2101
4020 2 2 1 1 1915 1919 2374
4021 2 2 1 1 1001 2101 2102
4022 2 2 1 1 1919 1920 2371
4023 2 2 1 1 1000 2102 2103
4024 2 2 1 1 1920 1923 2370
4025 2 2 1 1 999 2103 2104
4026 2 2 1 1 998 2104 2105
4027 2 2 1 1 1924 1927 2367
4028 2 2 1 1 997 2105 2106
4029 2 2 1 1 1927 1931 2364
4030 2 2 1 1 996 2106 2107
4031 2 2 1 1 995 2107 2108
4032 2 2 1 1 1932 1933 2360
4033 2 2 1 1 994 2108 2109
4034 2 2 1 1 1933 1936 2359
4035 2 2 1 1 993 2109 2110
4036 2 2 1 1 992 2110 2111
4037 2 2 1 1 1936 1937 2357
4038 2 2 1 1 991 2111 2112
4039 2 2 1 1 1940 1943 2353
4040 2 2 1 1 990 2112 2113
4041 2 2 1 1 989 2113 2114
4042 2 2 1 1 1944 1945 2350
4043 2 2 1 1 988 2114 2115
4044 2 2 1 1 987 2115 2116
4045 2 2 1 1 1945 1948 2349
4046 2 2 1 1 986 2116 2117
4047 2 2 1 1 1950 1953 2344
4048 2 2 1 1 985 2117 2118
4049 2 2 1 1 984 2118 2119
4050 2 2 1 1 1953 1956 2341
4051 2 2 1 1 983 2119 2120
4052 2 2 1 1 1959 1962 2335
4053 2 2 1 1 982 2120 2121
4054 2 2 1 1 1962 1963 2333
4055 2 2 1 1 981 2121 2122
4056 2 2 1 1 1963 1966 2332
4057 2 2 1 1 980 2122 2123
4058 2 2 1 1 1966 1968 2330
4059 2 2 1 1 979 2123 2124
4060 2 2 1 1 1968 1971 2328
4061 2 2 1 1 978 2124 2125
4062 2 2 1 1 1971 1974 2325
4063 2 2 1 1 977 2125 2126
4064 2 2 1 1 1974 1976 2322
4065 2 2 1 1 976 2126 2127
4066 2 2 1 1 975 2127 2128
4067 2 2 1 1 1976 1979 2320
4068 2 2 1 1 974 2128 2129
4069 2 2 1 1 1979 1982 2317
4070 2 2 1 1 973 2129 2130
4071 2 2 1 1 1985 1989 2311
4072 2 2 1 1 972 2130 2131
4073 2 2 1 1 1989 1990 2308
4074 2 2 1 1 971 2131 2132
4075 2 2 1 1 970 2132 2133
4076 2 2 1 1 1992 1995 2305
4077 2 2 1 1 969 2133 2134
4078 2 2 1 1 968 2134 2135
4079 2 2 1 1 1998 1999 2301
4080 2 2 1 1 967 2135 2136
4081 2 2 1 1 966 2136 2137
4082 2 2 1 1 2001 2005 2298
4083 2 2 1 1 965 2137 2138
4084 2 2 1 1 2005 2006 2295
4085 2 2 1 1 964 2138 2139
4086 2 2 1 1 2006 2007 2294
4087 2 2 1 1 963 2139 2140
4088 2 2 1 1 962 2140 2141
4089 2 2 1 1 940 960 2156
4090 2 2 1 1 2143 2144 2172
4091 2 2 1 1 2010 2011 2291
4092 2 2 1 1 961 2141 2142
4093 2 2 1 1 2291 2290 3213
4094 2 2 1 1 957 956 2145
4095 2 2 1 1 2162 3355 2015
4096 2 2 1 1 958 957 2144
4097 2 2 1 1 940 2156 2157
4098 2 2 1 1 2144 957 2145
4099 2 2 1 1 956 955 2146
4100 2 2 1 1 2156 2166 2157
4101 2 2 1 1 2145 956 2146
4102 2 2 1 1 2155 2161 2146
4103 2 2 1 1 955 944 2147
4104 2 2 1 1 943 941 2155
4105 2 2 1 1 953 1822 2148
4106 2 2 1 1 1825 3354 1823
4107 2 2 1 1 952 2148 2149
4108 2 2 1 1 1554 1553 2758
4109 2 2 1 1 951 2149 2150
4110 2 2 1 1 1825 1826 2452
4111 2 2 1 1 2164 3353 1552
4112 2 2 1 1 950 2150 2151
4113 2 2 1 1 949 2151 2152
4114 2 2 1 1 2167 3348 3349
4115 2 2 1 1 1552 1551 2154
4116 2 2 1 1 2152 2167 2153
4117 2 2 1 1 948 2152 2153
4118 2 2 1 1 2153 2164 2154
4119 2 2 1 1 1551 946 2154
4120 2 2 1 1 2147 943 2155
4121 2 2 1 1 2157 3356 2155
4122 2 2 1 1 960 2142 2156
4123 2 2 1 1 2155 941 2157
4124 2 2 1 1 2144 2145 2171
4125 2 2 1 1 2017 939 2158
4126 2 2 1 1 2159 2165 2160
4127 2 2 1 1 959 2143 2159
4128 2 2 1 1 2158 938 2160
4129 2 2 1 1 2011 2014 2290
4130 2 2 1 1 937 2159 2160
4131 2 2 1 1 2015 2158 2162
4132 2 2 1 1 2145 2146 2161
4133 2 2 1 1 2159 2143 2173
4134 2 2 1 1 2158 2160 2162
4135 2 2 1 1 2149 2148 2163
4136 2 2 1 1 2152 2151 2168
4137 2 2 1 1 1552 2154 2164
4138 2 2 1 1 2162 2160 2165
4139 2 2 1 1 2156 2142 2174
4140 2 2 1 1 2171 2161 3344
4141 2 2 1 1 3356 2161 2155
4142 2 2 1 1 2172 2171 3343
4143 2 2 1 1 2007 2010 2293
4144 2 2 1 1 2164 2153 2167
4145 2 2 1 1 2167 2152 2168
4146 2 2 1 1 2150 2149 2170
4147 2 2 1 1 2168 2151 2169
4148 2 2 1 1 2756 2757 2760
4149 2 2 1 1 2169 2150 2170
4150 2 2 1 1 2163 3354 3345
4151 2 2 1 1 2145 2161 2171
4152 2 2 1 1 2165 2159 2173
4153 2 2 1 1 2144 2171 2172
4154 2 2 1 1 2143 2172 2173
4155 2 2 1 1 2290 3351 3213
4156 2 2 1 1 3341 3350 2174
4157 2 2 1 1 2141 2140 2176
4158 2 2 1 1 2166 2156 2174
4159 2 2 1 1 2173 2172 3342
4160 2 2 1 1 2174 2142 2175
4161 2 2 1 1 2291 3212 2293
4162 2 2 1 1 2175 2141 2176
4163 2 2 1 1 1999 2001 2300
4164 2 2 1 1 2176 2140 2177
4165 2 2 1 1 2137 2136 2180
4166 2 2 1 1 2177 2139 2178
4167 2 2 1 1 2294 3208 2295
4168 2 2 1 1 1995 1998 2303
4169 2 2 1 1 2178 2138 2179
4170 2 2 1 1 2295 3207 2298
4171 2 2 1 1 2135 2134 2182
4172 2 2 1 1 2179 2137 2180
4173 2 2 1 1 2298 3203 2300
4174 2 2 1 1 1990 1992 2307
4175 2 2 1 1 2180 2136 2181
4176 2 2 1 1 2133 2132 2184
4177 2 2 1 1 2181 2135 2182
4178 2 2 1 1 2301 3200 2303
4179 2 2 1 1 2182 2134 2183
4180 2 2 1 1 2303 3197 2305
4181 2 2 1 1 1982 1985 2314
4182 2 2 1 1 2183 2133 2184
4183 2 2 1 1 2130 2129 2187
4184 2 2 1 1 2184 2132 2185
4185 2 2 1 1 2129 2128 2188
4186 2 2 1 1 2185 2131 2186
4187 2 2 1 1 2128 2127 2189
4188 2 2 1 1 2186 2130 2187
4189 2 2 1 1 2311 3187 2314
4190 2 2 1 1 2187 2129 2188
4191 2 2 1 1 2188 2128 2189
4192 2 2 1 1 2189 2127 2190
4193 2 2 1 1 2320 3178 2322
4194 2 2 1 1 2190 2126 2191
4195 2 2 1 1 2322 3176 2325
4196 2 2 1 1 2191 2125 2192
4197 2 2 1 1 2192 2124 2193
4198 2 2 1 1 1956 1959 2338
4199 2 2 1 1 2193 2123 2194
4200 2 2 1 1 2120 2119 2197
4201 2 2 1 1 2194 2122 2195
4202 2 2 1 1 2332 3165 2333
4203 2 2 1 1 2119 2118 2198
4204 2 2 1 1 2195 2121 2196
4205 2 2 1 1 1948 1950 2346
4206 2 2 1 1 2196 2120 2197
4207 2 2 1 1 2117 2116 2200
4208 2 2 1 1 2197 2119 2198
4209 2 2 1 1 2116 2115 2201
4210 2 2 1 1 2198 2118 2199
4211 2 2 1 1 1943 1944 2351
4212 2 2 1 1 2199 2117 2200
4213 2 2 1 1 2344 3152 2346
4214 2 2 1 1 2114 2113 2203
4215 2 2 1 1 2200 2116 2201
4216 2 2 1 1 1937 1940 2356
4217 2 2 1 1 2201 2115 2202
4218 2 2 1 1 2112 2111 2205
4219 2 2 1 1 2202 2114 2203
4220 2 2 1 1 2350 3146 2351
4221 2 2 1 1 2111 2110 2206
4222 2 2 1 1 2203 2113 2204
4223 2 2 1 1 2351 3145 2353
4224 2 2 1 1 2204 2112 2205
4225 2 2 1 1 1931 1932 2361
4226 2 2 1 1 2205 2111 2206
4227 2 2 1 1 2108 2107 2209
4228 2 2 1 1 2206 2110 2207
4229 2 2 1 1 2357 3138 2359
4230 2 2 1 1 2207 2109 2208
4231 2 2 1 1 1923 1924 2368
4232 2 2 1 1 2208 2108 2209
4233 2 2 1 1 2105 2104 2212
4234 2 2 1 1 2209 2107 2210
4235 2 2 1 1 2210 2106 2211
4236 2 2 1 1 2364 3129 2367
4237 2 2 1 1 2211 2105 2212
4238 2 2 1 1 1913 1915 2376
4239 2 2 1 1 2212 2104 2213
4240 2 2 1 1 2368 3125 2370
4241 2 2 1 1 2101 2100 2216
4242 2 2 1 1 2213 2103 2214
4243 2 2 1 1 2370 3122 2371
4244 2 2 1 1 2214 2102 2215
4245 2 2 1 1 2215 2101 2216
4246 2 2 1 1 2374 3117 2376
4247 2 2 1 1 1905 1906 2382
4248 2 2 1 1 2216 2100 2217
4249 2 2 1 1 2097 2096 2220
4250 2 2 1 1 2217 2099 2218
4251 2 2 1 1 2218 2098 2219
4252 2 2 1 1 2379 3111 2381
4253 2 2 1 1 2219 2097 2220
4254 2 2 1 1 2381 3108 2382
4255 2 2 1 1 1894 1896 2392
4256 2 2 1 1 2220 2096 2221
4257 2 2 1 1 2093 2092 2224
4258 2 2 1 1 2221 2095 2222
4259 2 2 1 1 2385 3103 2388
4260 2 2 1 1 2092 2091 2225
4261 2 2 1 1 2222 2094 2223
4262 2 2 1 1 2091 2090 2226
4263 2 2 1 1 2223 2093 2224
4264 2 2 1 1 2090 2089 2227
4265 2 2 1 1 2224 2092 2225
4266 2 2 1 1 2089 2088 2228
4267 2 2 1 1 2225 2091 2226
4268 2 2 1 1 2394 3093 2396
4269 2 2 1 1 1879 1883 2404
4270 2 2 1 1 2226 2090 2227
4271 2 2 1 1 2087 2086 2230
4272 2 2 1 1 2227 2089 2228
4273 2 2 1 1 1874 1876 2409
4274 2 2 1 1 2228 2088 2229
4275 2 2 1 1 2400 3086 2401
4276 2 2 1 1 2085 2084 2232
4277 2 2 1 1 2229 2087 2230
4278 2 2 1 1 2230 2086 2231
4279 2 2 1 1 1867 1869 2415
4280 2 2 1 1 2231 2085 2232
4281 2 2 1 1 2407 3078 2409
4282 2 2 1 1 2082 2081 2235
4283 2 2 1 1 2232 2084 2233
4284 2 2 1 1 2409 3076 2410
4285 2 2 1 1 1865 1866 2417
4286 2 2 1 1 2233 2083 2234
4287 2 2 1 1 2080 2079 2237
4288 2 2 1 1 2234 2082 2235
4289 2 2 1 1 1858 1861 2423
4290 2 2 1 1 2235 2081 2236
4291 2 2 1 1 2078 2077 2239
4292 2 2 1 1 2236 2080 2237
4293 2 2 1 1 2416 3068 2417
4294 2 2 1 1 1855 1856 2426
4295 2 2 1 1 2237 2079 2238
4296 2 2 1 1 2076 2075 2241
4297 2 2 1 1 2238 2078 2239
4298 2 2 1 1 2075 2074 2242
4299 2 2 1 1 2239 2077 2240
4300 2 2 1 1 2423 3060 2425
4301 2 2 1 1 2074 2073 2243
4302 2 2 1 1 2240 2076 2241
4303 2 2 1 1 2073 2072 2244
4304 2 2 1 1 2241 2075 2242
4305 2 2 1 1 2426 3057 2427
4306 2 2 1 1 1843 1844 2437
4307 2 2 1 1 2242 2074 2243
4308 2 2 1 1 2071 2070 2246
4309 2 2 1 1 2243 2073 2244
4310 2 2 1 1 2430 3052 2433
4311 2 2 1 1 2070 2069 2247
4312 2 2 1 1 2244 2072 2245
4313 2 2 1 1 2433 3049 2436
4314 2 2 1 1 2069 2068 2248
4315 2 2 1 1 2245 2071 2246
4316 2 2 1 1 1835 1836 2444
4317 2 2 1 1 2246 2070 2247
4318 2 2 1 1 2437 3045 2439
4319 2 2 1 1 2067 2066 2250
4320 2 2 1 1 2247 2069 2248
4321 2 2 1 1 1831 1832 2447
4322 2 2 1 1 2248 2068 2249
4323 2 2 1 1 2065 2064 2252
4324 2 2 1 1 2249 2067 2250
4325 2 2 1 1 2443 3038 2444
4326 2 2 1 1 2250 2066 2251
4327 2 2 1 1 2444 3037 2446
4328 2 2 1 1 2251 2065 2252
4329 2 2 1 1 2252 2064 2253
4330 2 2 1 1 2447 3033 2450
4331 2 2 1 1 2253 2063 2254
4332 2 2 1 1 2450 3029 2453
4333 2 2 1 1 2060 1818 2458
4334 2 2 1 1 2254 2062 2255
4335 2 2 1 1 1818 1817 2459
4336 2 2 1 1 2255 2061 2256
4337 2 2 1 1 2454 3026 2455
4338 2 2 1 1 3022 3023 2459
4339 2 2 1 1 2057 2059 2258
4340 2 2 1 1 1814 1813 2463
4341 2 2 1 1 3021 3022 2460
4342 2 2 1 1 2056 2057 2259
4343 2 2 1 1 2053 2054 2262
4344 2 2 1 1 2055 2056 2260
4345 2 2 1 1 1812 1811 2465
4346 2 2 1 1 2054 2055 2261
4347 2 2 1 1 2051 2052 2264
4348 2 2 1 1 3018 3019 2463
4349 2 2 1 1 2054 2261 2262
4350 2 2 1 1 2050 2051 2265
4351 2 2 1 1 3017 3018 2464
4352 2 2 1 1 2052 2053 2263
4353 2 2 1 1 1809 1808 2468
4354 2 2 1 1 2052 2263 2264
4355 2 2 1 1 2051 2264 2265
4356 2 2 1 1 1808 1807 2469
4357 2 2 1 1 2049 1806 2470
4358 2 2 1 1 2046 2047 2268
4359 2 2 1 1 3010 3012 2472
4360 2 2 1 1 2047 2048 2267
4361 2 2 1 1 2047 2267 2268
4362 2 2 1 1 1802 1801 2476
4363 2 2 1 1 2045 1800 2478
4364 2 2 1 1 2269 3243 3244
4365 2 2 1 1 2043 1796 2482
4366 2 2 1 1 1794 1793 2486
4367 2 2 1 1 2041 1792 2487
4368 2 2 1 1 1790 1789 2491
4369 2 2 1 1 2037 2038 2274
4370 2 2 1 1 2996 2998 2489
4371 2 2 1 1 2039 2040 2272
4372 2 2 1 1 1788 1787 2493
4373 2 2 1 1 2038 2039 2273
4374 2 2 1 1 2035 2036 2276
4375 2 2 1 1 2994 2995 2491
4376 2 2 1 1 2038 2273 2274
4377 2 2 1 1 1786 1785 2495
4378 2 2 1 1 2036 2037 2275
4379 2 2 1 1 2036 2275 2276
4380 2 2 1 1 2992 2993 2493
4381 2 2 1 1 1785 1784 2496
4382 2 2 1 1 1781 1780 2501
4383 2 2 1 1 2032 1779 2503
4384 2 2 1 1 2029 2030 2280
4385 2 2 1 1 1776 1775 2507
4386 2 2 1 1 2030 2031 2279
4387 2 2 1 1 2027 2028 2282
4388 2 2 1 1 2982 2983 2505
4389 2 2 1 1 2030 2279 2280
4390 2 2 1 1 1774 1773 2509
4391 2 2 1 1 2981 2982 2506
4392 2 2 1 1 2028 2029 2281
4393 2 2 1 1 1770 2026 2513
4394 2 2 1 1 2028 2281 2282
4395 2 2 1 1 2979 2980 2508
4396 2 2 1 1 2026 2027 2283
4397 2 2 1 1 1772 1771 2511
4398 2 2 1 1 2024 1770 2512
4399 2 2 1 1 2515 2516 2973
4400 2 2 1 1 1748 1747 2538
4401 2 2 1 1 1740 1739 2547
4402 2 2 1 1 2016 2019 2288
4403 2 2 1 1 3355 2014 2015
4404 2 2 1 1 2011 2290 2291
4405 2 2 1 1 1731 1730 2557
4406 2 2 1 1 2008 1729 2558
4407 2 2 1 1 1724 1725 2564
4408 2 2 1 1 2174 2175 3341
4409 2 2 1 1 2010 2291 2293
4410 2 2 1 1 2175 2176 3340
4411 2 2 1 1 2007 2293 2294
4412 2 2 1 1 2177 2178 3338
4413 2 2 1 1 2006 2294 2295
4414 2 2 1 1 1718 1717 2572
4415 2 2 1 1 2002 2003 2297
4416 2 2 1 1 2178 2179 3337
4417 2 2 1 1 2005 2295 2298
4418 2 2 1 1 2924 2925 2570
4419 2 2 1 1 2000 2002 2299
4420 2 2 1 1 2179 2180 3336
4421 2 2 1 1 2001 2298 2300
4422 2 2 1 1 1999 2300 2301
4423 2 2 1 1 1717 1716 2573
4424 2 2 1 1 1996 1715 2575
4425 2 2 1 1 2181 2182 3334
4426 2 2 1 1 1998 2301 2303
4427 2 2 1 1 1713 1712 2578
4428 2 2 1 1 1994 1711 2579
4429 2 2 1 1 1706 1991 2585
4430 2 2 1 1 2182 2183 3333
4431 2 2 1 1 1995 2303 2305
4432 2 2 1 1 2915 2917 2581
4433 2 2 1 1 1991 1993 2306
4434 2 2 1 1 1992 2305 2307
4435 2 2 1 1 2183 2184 3332
4436 2 2 1 1 1990 2307 2308
4437 2 2 1 1 1988 1706 2586
4438 2 2 1 1 1703 1702 2590
4439 2 2 1 1 1986 1987 2310
4440 2 2 1 1 2184 2185 3331
4441 2 2 1 1 1989 2308 2311
4442 2 2 1 1 1981 1983 2315
4443 2 2 1 1 1984 1986 2312
4444 2 2 1 1 1980 1981 2316
4445 2 2 1 1 2908 2909 2589
4446 2 2 1 1 1983 1984 2313
4447 2 2 1 1 2186 2187 3329
4448 2 2 1 1 1985 2311 2314
4449 2 2 1 1 2907 2908 2590
4450 2 2 1 1 1983 2313 2315
4451 2 2 1 1 1981 2315 2316
4452 2 2 1 1 1982 2314 2317
4453 2 2 1 1 2905 2906 2592
4454 2 2 1 1 1978 1980 2318
4455 2 2 1 1 1697 1696 2596
4456 2 2 1 1 2904 2905 2593
4457 2 2 1 1 1977 1978 2319
4458 2 2 1 1 2187 2188 3328
4459 2 2 1 1 1979 2317 2320
4460 2 2 1 1 1972 1973 2324
4461 2 2 1 1 1975 1977 2321
4462 2 2 1 1 2189 2190 3326
4463 2 2 1 1 1976 2320 2322
4464 2 2 1 1 1970 1972 2326
4465 2 2 1 1 1973 1975 2323
4466 2 2 1 1 1969 1970 2327
4467 2 2 1 1 1973 2323 2324
4468 2 2 1 1 2190 2191 3325
4469 2 2 1 1 1974 2322 2325
4470 2 2 1 1 1693 1692 2600
4471 2 2 1 1 1972 2324 2326
4472 2 2 1 1 1689 1967 2603
4473 2 2 1 1 1970 2326 2327
4474 2 2 1 1 1971 2325 2328
4475 2 2 1 1 1967 1969 2329
4476 2 2 1 1 2191 2192 3324
4477 2 2 1 1 1968 2328 2330
4478 2 2 1 1 1965 1689 2604
4479 2 2 1 1 2192 2193 3323
4480 2 2 1 1 1966 2330 2332
4481 2 2 1 1 2194 2195 3321
4482 2 2 1 1 1963 2332 2333
4483 2 2 1 1 1687 1686 2607
4484 2 2 1 1 1961 1685 2609
4485 2 2 1 1 1962 2333 2335
4486 2 2 1 1 1682 1681 2613
4487 2 2 1 1 2889 2891 2610
4488 2 2 1 1 1958 1960 2336
4489 2 2 1 1 1954 1955 2340
4490 2 2 1 1 2888 2889 2611
4491 2 2 1 1 1957 1958 2337
4492 2 2 1 1 2195 2196 3320
4493 2 2 1 1 1959 2335 2338
4494 2 2 1 1 1680 1679 2615
4495 2 2 1 1 1955 1957 2339
4496 2 2 1 1 1951 1952 2343
4497 2 2 1 1 1955 2339 2340
4498 2 2 1 1 2196 2197 3319
4499 2 2 1 1 1956 2338 2341
4500 2 2 1 1 1678 1677 2617
4501 2 2 1 1 1952 1954 2342
4502 2 2 1 1 1947 1949 2347
4503 2 2 1 1 2884 2885 2615
4504 2 2 1 1 1952 2342 2343
4505 2 2 1 1 2197 2198 3318
4506 2 2 1 1 1953 2341 2344
4507 2 2 1 1 2883 2884 2616
4508 2 2 1 1 1949 1951 2345
4509 2 2 1 1 2199 2200 3316
4510 2 2 1 1 1950 2344 2346
4511 2 2 1 1 1675 1674 2620
4512 2 2 1 1 1949 2345 2347
4513 2 2 1 1 1946 1947 2348
4514 2 2 1 1 1674 1673 2621
4515 2 2 1 1 2881 2882 2618
4516 2 2 1 1 1948 2346 2349
4517 2 2 1 1 2200 2201 3315
4518 2 2 1 1 1945 2349 2350
4519 2 2 1 1 2202 2203 3313
4520 2 2 1 1 1944 2350 2351
4521 2 2 1 1 1666 1665 2630
4522 2 2 1 1 2203 2204 3312
4523 2 2 1 1 1943 2351 2353
4524 2 2 1 1 1939 1942 2354
4525 2 2 1 1 1938 1939 2355
4526 2 2 1 1 1940 2353 2356
4527 2 2 1 1 2204 2205 3311
4528 2 2 1 1 1937 2356 2357
4529 2 2 1 1 1935 1662 2633
4530 2 2 1 1 2636 2637 2865
4531 2 2 1 1 2206 2207 3309
4532 2 2 1 1 1936 2357 2359
4533 2 2 1 1 1933 2359 2360
4534 2 2 1 1 2207 2208 3308
4535 2 2 1 1 1932 2360 2361
4536 2 2 1 1 1652 1651 2646
4537 2 2 1 1 1925 1926 2366
4538 2 2 1 1 2858 2860 2644
4539 2 2 1 1 1928 1930 2363
4540 2 2 1 1 2208 2209 3307
4541 2 2 1 1 1931 2361 2364
4542 2 2 1 1 1650 1649 2648
4543 2 2 1 1 2857 2858 2645
4544 2 2 1 1 1926 1928 2365
4545 2 2 1 1 1926 2365 2366
4546 2 2 1 1 2210 2211 3305
4547 2 2 1 1 1927 2364 2367
4548 2 2 1 1 1924 2367 2368
4549 2 2 1 1 1649 1648 2649
4550 2 2 1 1 1922 1647 2650
4551 2 2 1 1 2212 2213 3303
4552 2 2 1 1 1923 2368 2370
4553 2 2 1 1 2213 2214 3302
4554 2 2 1 1 1920 2370 2371
4555 2 2 1 1 1645 1643 2656
4556 2 2 1 1 1917 1644 2655
4557 2 2 1 1 1914 1916 2375
4558 2 2 1 1 1637 1914 2662
4559 2 2 1 1 2847 2848 2657
4560 2 2 1 1 1916 1918 2373
4561 2 2 1 1 1919 2371 2374
4562 2 2 1 1 1916 2373 2375
4563 2 2 1 1 2215 2216 3300
4564 2 2 1 1 1915 2374 2376
4565 2 2 1 1 1912 1637 2663
4566 2 2 1 1 1913 2376 2378
4567 2 2 1 1 2216 2217 3299
4568 2 2 1 1 1910 2378 2379
4569 2 2 1 1 1635 1634 2666
4570 2 2 1 1 1908 1633 2667
4571 2 2 1 1 2218 2219 3297
4572 2 2 1 1 1909 2379 2381
4573 2 2 1 1 2219 2220 3296
4574 2 2 1 1 1906 2381 2382
4575 2 2 1 1 1631 1630 2671
4576 2 2 1 1 1904 1629 2672
4577 2 2 1 1 1627 1626 2676
4578 2 2 1 1 1899 1900 2387
4579 2 2 1 1 2833 2835 2674
4580 2 2 1 1 1902 1903 2384
4581 2 2 1 1 1905 2382 2385
4582 2 2 1 1 1897 1899 2389
4583 2 2 1 1 1900 1902 2386
4584 2 2 1 1 1624 1623 2679
4585 2 2 1 1 2831 2832 2676
4586 2 2 1 1 1900 2386 2387
4587 2 2 1 1 2221 2222 3294
4588 2 2 1 1 1901 2385 2388
4589 2 2 1 1 1899 2387 2389
4590 2 2 1 1 1898 2388 2390
4591 2 2 1 1 1895 1897 2391
4592 2 2 1 1 2222 2223 3293
4593 2 2 1 1 1896 2390 2392
4594 2 2 1 1 1893 1620 2683
4595 2 2 1 1 1618 1617 2686
4596 2 2 1 1 2223 2224 3292
4597 2 2 1 1 1894 2392 2394
4598 2 2 1 1 1890 1892 2395
4599 2 2 1 1 2225 2226 3290
4600 2 2 1 1 1891 2394 2396
4601 2 2 1 1 1617 1616 2687
4602 2 2 1 1 1887 1615 2688
4603 2 2 1 1 1613 1612 2692
4604 2 2 1 1 1889 2396 2398
4605 2 2 1 1 1885 1888 2399
4606 2 2 1 1 2819 2821 2690
4607 2 2 1 1 2226 2227 3289
4608 2 2 1 1 1886 2398 2400
4609 2 2 1 1 2228 2229 3287
4610 2 2 1 1 1884 2400 2401
4611 2 2 1 1 1882 1610 2694
4612 2 2 1 1 1608 1607 2698
4613 2 2 1 1 1877 1878 2406
4614 2 2 1 1 1880 1881 2403
4615 2 2 1 1 1883 2401 2404
4616 2 2 1 1 1606 1605 2700
4617 2 2 1 1 2813 2814 2697
4618 2 2 1 1 1878 1880 2405
4619 2 2 1 1 1602 1875 2703
4620 2 2 1 1 2812 2813 2698
4621 2 2 1 1 1878 2405 2406
4622 2 2 1 1 2229 2230 3286
4623 2 2 1 1 1879 2404 2407
4624 2 2 1 1 2811 2812 2699
4625 2 2 1 1 1875 1877 2408
4626 2 2 1 1 2231 2232 3284
4627 2 2 1 1 1876 2407 2409
4628 2 2 1 1 2232 2233 3283
4629 2 2 1 1 1874 2409 2410
4630 2 2 1 1 1604 1603 2702
4631 2 2 1 1 1872 1602 2704
4632 2 2 1 1 1600 1599 2707
4633 2 2 1 1 1870 1871 2412
4634 2 2 1 1 1873 2410 2413
4635 2 2 1 1 1598 1597 2709
4636 2 2 1 1 1868 1870 2414
4637 2 2 1 1 2233 2234 3282
4638 2 2 1 1 1869 2413 2415
4639 2 2 1 1 2234 2235 3281
4640 2 2 1 1 1867 2415 2416
4641 2 2 1 1 2236 2237 3279
4642 2 2 1 1 1866 2416 2417
4643 2 2 1 1 1590 1589 2718
4644 2 2 1 1 2800 2801 3900
4645 2 2 1 1 1859 1860 2422
4646 2 2 1 1 2796 2798 2716
4647 2 2 1 1 1862 1863 2419
4648 2 2 1 1 1865 2417 2420
4649 2 2 1 1 1857 1859 2424
4650 2 2 1 1 1860 1862 2421
4651 2 2 1 1 1587 1586 2721
4652 2 2 1 1 2794 2795 2718
4653 2 2 1 1 1860 2421 2422
4654 2 2 1 1 2237 2238 3278
4655 2 2 1 1 1861 2420 2423
4656 2 2 1 1 1859 2422 2424
4657 2 2 1 1 1583 1584 2724
4658 2 2 1 1 2793 2794 2719
4659 2 2 1 1 2239 2240 3276
4660 2 2 1 1 1858 2423 2425
4661 2 2 1 1 1856 2425 2426
4662 2 2 1 1 2241 2242 3274
4663 2 2 1 1 1855 2426 2427
4664 2 2 1 1 1849 1851 2431
4665 2 2 1 1 1848 1849 2432
4666 2 2 1 1 1851 1853 2429
4667 2 2 1 1 1854 2427 2430
4668 2 2 1 1 1846 1848 2434
4669 2 2 1 1 2783 2784 2730
4670 2 2 1 1 1851 2429 2431
4671 2 2 1 1 1845 1846 2435
4672 2 2 1 1 2782 2783 2731
4673 2 2 1 1 1849 2431 2432
4674 2 2 1 1 2243 2244 3272
4675 2 2 1 1 1850 2430 2433
4676 2 2 1 1 1574 1573 2735
4677 2 2 1 1 2781 2782 2732
4678 2 2 1 1 1848 2432 2434
4679 2 2 1 1 1846 2434 2435
4680 2 2 1 1 2244 2245 3271
4681 2 2 1 1 1847 2433 2436
4682 2 2 1 1 1844 2436 2437
4683 2 2 1 1 1573 1572 2736
4684 2 2 1 1 1842 1571 2738
4685 2 2 1 1 1838 1839 2441
4686 2 2 1 1 2246 2247 3269
4687 2 2 1 1 1843 2437 2439
4688 2 2 1 1 1568 1567 2742
4689 2 2 1 1 2775 2777 2739
4690 2 2 1 1 1839 1841 2440
4691 2 2 1 1 1839 2440 2441
4692 2 2 1 1 2742 2743 2772
4693 2 2 1 1 2774 2775 2740
4694 2 2 1 1 1840 2439 2442
4695 2 2 1 1 2247 2248 3268
4696 2 2 1 1 1837 2442 2443
4697 2 2 1 1 2249 2250 3266
4698 2 2 1 1 1836 2443 2444
4699 2 2 1 1 2744 2770 2745
4700 2 2 1 1 2250 2251 3265
4701 2 2 1 1 1835 2444 2446
4702 2 2 1 1 1832 2446 2447
4703 2 2 1 1 2445 3036 3035
4704 2 2 1 1 1829 1557 2754
4705 2 2 1 1 1826 1828 2451
4706 2 2 1 1 2168 2169 3347
4707 2 2 1 1 2169 2170 3346
4708 2 2 1 1 1828 1830 2449
4709 2 2 1 1 2761 2763 2755
4710 2 2 1 1 2252 2253 3263
4711 2 2 1 1 1831 2447 2450
4712 2 2 1 1 1828 2449 2451
4713 2 2 1 1 3354 2163 1823
4714 2 2 1 1 2760 2761 2756
4715 2 2 1 1 1826 2451 2452
4716 2 2 1 1 2451 3028 2452
4717 2 2 1 1 2253 2254 3262
4718 2 2 1 1 1827 2450 2453
4719 2 2 1 1 2256 2458 3259
4720 2 2 1 1 1824 2453 2454
4721 2 2 1 1 1821 2454 2455
4722 2 2 1 1 2255 2256 3260
4723 2 2 1 1 2257 2058 2457
4724 2 2 1 1 1820 2455 2456
4725 2 2 1 1 3024 3025 3645
4726 2 2 1 1 2058 1819 2457
4727 2 2 1 1 2257 2457 3258
4728 2 2 1 1 2256 2060 2458
4729 2 2 1 1 2258 2257 3257
4730 2 2 1 1 2458 1818 2459
4731 2 2 1 1 2259 2258 3256
4732 2 2 1 1 2459 1817 2460
4733 2 2 1 1 2460 1816 2461
4734 2 2 1 1 2461 1815 2462
4735 2 2 1 1 2260 2259 3255
4736 2 2 1 1 2262 2261 3253
4737 2 2 1 1 2462 1814 2463
4738 2 2 1 1 2263 2262 3252
4739 2 2 1 1 2463 1813 2464
4740 2 2 1 1 2464 1812 2465
4741 2 2 1 1 2465 1811 2466
4742 2 2 1 1 2264 2263 3251
4743 2 2 1 1 2265 2264 3250
4744 2 2 1 1 2466 1810 2467
4745 2 2 1 1 2266 2470 3247
4746 2 2 1 1 2467 1809 2468
4747 2 2 1 1 2265 3249 2471
4748 2 2 1 1 1805 1804 2473
4749 2 2 1 1 2468 1808 2469
4750 2 2 1 1 1806 2050 2471
4751 2 2 1 1 2266 2049 2470
4752 2 2 1 1 2468 2469 3013
4753 2 2 1 1 3011 2470 2471
4754 2 2 1 1 2470 1806 2471
4755 2 2 1 1 2267 2266 3248
4756 2 2 1 1 2469 1807 2472
4757 2 2 1 1 2474 3008 3009
4758 2 2 1 1 2472 1805 2473
4759 2 2 1 1 2473 1804 2474
4760 2 2 1 1 2476 2479 3006
4761 2 2 1 1 2474 1803 2475
4762 2 2 1 1 1799 1798 2480
4763 2 2 1 1 2475 1802 2476
4764 2 2 1 1 2046 2268 2477
4765 2 2 1 1 2269 2045 2478
4766 2 2 1 1 2475 2476 3007
4767 2 2 1 1 2474 2475 3008
4768 2 2 1 1 1800 2477 2478
4769 2 2 1 1 2477 3005 2478
4770 2 2 1 1 2269 2478 3243
4771 2 2 1 1 2476 1801 2479
4772 2 2 1 1 2481 2484 3002
4773 2 2 1 1 2482 2483 3001
4774 2 2 1 1 2479 1799 2480
4775 2 2 1 1 1795 1794 2485
4776 2 2 1 1 2480 1798 2481
4777 2 2 1 1 1796 2044 2483
4778 2 2 1 1 2270 2043 2482
4779 2 2 1 1 2480 2481 3003
4780 2 2 1 1 2482 1796 2483
4781 2 2 1 1 2479 2480 3004
4782 2 2 1 1 2270 2482 3241
4783 2 2 1 1 2481 1797 2484
4784 2 2 1 1 2271 2487 3239
4785 2 2 1 1 2484 1795 2485
4786 2 2 1 1 2270 3242 2488
4787 2 2 1 1 2485 1794 2486
4788 2 2 1 1 1792 2042 2488
4789 2 2 1 1 2271 2041 2487
4790 2 2 1 1 2485 2486 2999
4791 2 2 1 1 2487 1792 2488
4792 2 2 1 1 2997 2487 2488
4793 2 2 1 1 2272 2271 3240
4794 2 2 1 1 2486 1793 2489
4795 2 2 1 1 2489 1791 2490
4796 2 2 1 1 2274 2273 3237
4797 2 2 1 1 2490 1790 2491
4798 2 2 1 1 2491 1789 2492
4799 2 2 1 1 2276 2275 3235
4800 2 2 1 1 2492 1788 2493
4801 2 2 1 1 2493 1787 2494
4802 2 2 1 1 2497 2276 3234
4803 2 2 1 1 2494 1786 2495
4804 2 2 1 1 2499 2987 2989
4805 2 2 1 1 2495 1785 2496
4806 2 2 1 1 1783 2035 2497
4807 2 2 1 1 2277 2033 2498
4808 2 2 1 1 2495 2496 2990
4809 2 2 1 1 1783 2497 2498
4810 2 2 1 1 2497 2988 2498
4811 2 2 1 1 2496 1784 2499
4812 2 2 1 1 2501 2504 2985
4813 2 2 1 1 2499 1782 2500
4814 2 2 1 1 1778 1777 2505
4815 2 2 1 1 2500 1781 2501
4816 2 2 1 1 1779 2034 2502
4817 2 2 1 1 2500 2501 2986
4818 2 2 1 1 2499 2500 2987
4819 2 2 1 1 2502 2984 2503
4820 2 2 1 1 2278 2032 2503
4821 2 2 1 1 2501 1780 2504
4822 2 2 1 1 2278 2503 3230
4823 2 2 1 1 2280 2279 3229
4824 2 2 1 1 2504 1778 2505
4825 2 2 1 1 2281 2280 3228
4826 2 2 1 1 2505 1777 2506
4827 2 2 1 1 2506 1776 2507
4828 2 2 1 1 2509 2978 2979
4829 2 2 1 1 2283 2282 3226
4830 2 2 1 1 2507 1775 2508
4831 2 2 1 1 2508 1774 2509
4832 2 2 1 1 2284 2512 3224
4833 2 2 1 1 2509 1773 2510
4834 2 2 1 1 1769 1768 2515
4835 2 2 1 1 2510 1772 2511
4836 2 2 1 1 2284 2024 2512
4837 2 2 1 1 2510 2511 2977
4838 2 2 1 1 2026 2283 2513
4839 2 2 1 1 2509 2510 2978
4840 2 2 1 1 2975 2512 2513
4841 2 2 1 1 1768 1767 2516
4842 2 2 1 1 2511 1771 2514
4843 2 2 1 1 2514 1769 2515
4844 2 2 1 1 1767 1764 2519
4845 2 2 1 1 1764 1763 2520
4846 2 2 1 1 2515 1768 2516
4847 2 2 1 1 2970 2518 2971
4848 2 2 1 1 2284 3223 2517
4849 2 2 1 1 1766 2025 2517
4850 2 2 1 1 2516 2519 2972
4851 2 2 1 1 1766 2517 2518
4852 2 2 1 1 1763 1760 2523
4853 2 2 1 1 2516 1767 2519
4854 2 2 1 1 2519 1764 2520
4855 2 2 1 1 2520 2523 2968
4856 2 2 1 1 1765 2518 2521
4857 2 2 1 1 2970 2971 3707
4858 2 2 1 1 1762 2521 2522
4859 2 2 1 1 2525 1758 2526
4860 2 2 1 1 2519 2520 2969
4861 2 2 1 1 2524 2527 2964
4862 2 2 1 1 2525 2526 2963
4863 2 2 1 1 2520 1763 2523
4864 2 2 1 1 1757 1756 2528
4865 2 2 1 1 2523 1760 2524
4866 2 2 1 1 2285 2023 2525
4867 2 2 1 1 2523 2524 2965
4868 2 2 1 1 2522 2966 2526
4869 2 2 1 1 1761 2522 2526
4870 2 2 1 1 2285 2525 3221
4871 2 2 1 1 2524 1759 2527
4872 2 2 1 1 1755 1752 2532
4873 2 2 1 1 2527 1757 2528
4874 2 2 1 1 1756 1755 2529
4875 2 2 1 1 2285 3221 3222
4876 2 2 1 1 2529 2532 2960
4877 2 2 1 1 2528 2529 2961
4878 2 2 1 1 1754 2022 2530
4879 2 2 1 1 1754 2530 2531
4880 2 2 1 1 2535 1750 2534
4881 2 2 1 1 2533 2536 2956
4882 2 2 1 1 2534 2531 2958
4883 2 2 1 1 2529 1755 2532
4884 2 2 1 1 2532 1752 2533
4885 2 2 1 1 1753 2531 2534
4886 2 2 1 1 2532 2533 2957
4887 2 2 1 1 2286 2021 2535
4888 2 2 1 1 2534 2955 2535
4889 2 2 1 1 2286 2535 3219
4890 2 2 1 1 2533 1751 2536
4891 2 2 1 1 1747 1744 2541
4892 2 2 1 1 2536 1749 2537
4893 2 2 1 1 2537 1748 2538
4894 2 2 1 1 1746 2020 2539
4895 2 2 1 1 2536 2537 2954
4896 2 2 1 1 2537 2538 2953
4897 2 2 1 1 1746 2539 2540
4898 2 2 1 1 2287 2543 3218
4899 2 2 1 1 2538 1747 2541
4900 2 2 1 1 2540 2950 2542
4901 2 2 1 1 2287 2018 2543
4902 2 2 1 1 1745 2540 2542
4903 2 2 1 1 2018 1743 2543
4904 2 2 1 1 2947 2949 2544
4905 2 2 1 1 2541 1744 2544
4906 2 2 1 1 2546 2945 2946
4907 2 2 1 1 2544 1742 2545
4908 2 2 1 1 2545 1741 2546
4909 2 2 1 1 1738 1735 2551
4910 2 2 1 1 2546 1740 2547
4911 2 2 1 1 1739 1738 2548
4912 2 2 1 1 2548 2551 2943
4913 2 2 1 1 1737 2016 2549
4914 2 2 1 1 2546 2547 2945
4915 2 2 1 1 2549 2942 2550
4916 2 2 1 1 1737 2549 2550
4917 2 2 1 1 2553 1733 2554
4918 2 2 1 1 2552 2555 2939
4919 2 2 1 1 2553 2554 2938
4920 2 2 1 1 2548 1738 2551
4921 2 2 1 1 1732 1731 2556
4922 2 2 1 1 2551 1735 2552
4923 2 2 1 1 2289 2012 2553
4924 2 2 1 1 2551 2552 2940
4925 2 2 1 1 1736 2550 2554
4926 2 2 1 1 2289 2553 3215
4927 2 2 1 1 2552 1734 2555
4928 2 2 1 1 2557 2560 2935
4929 2 2 1 1 2558 2559 2934
4930 2 2 1 1 2555 1732 2556
4931 2 2 1 1 1728 1727 2561
4932 2 2 1 1 2556 1731 2557
4933 2 2 1 1 1729 2013 2559
4934 2 2 1 1 2292 2008 2558
4935 2 2 1 1 2556 2557 2936
4936 2 2 1 1 2289 3214 2559
4937 2 2 1 1 2558 1729 2559
4938 2 2 1 1 2292 2558 3211
4939 2 2 1 1 2557 1730 2560
4940 2 2 1 1 1726 1723 2565
4941 2 2 1 1 2560 1728 2561
4942 2 2 1 1 1723 1722 2566
4943 2 2 1 1 1727 1726 2562
4944 2 2 1 1 2292 3210 2563
4945 2 2 1 1 2562 2565 2931
4946 2 2 1 1 2561 2562 2932
4947 2 2 1 1 2009 2292 2563
4948 2 2 1 1 2563 2930 2564
4949 2 2 1 1 1725 2563 2564
4950 2 2 1 1 2567 1721 2568
4951 2 2 1 1 2567 2568 2926
4952 2 2 1 1 2566 2569 2927
4953 2 2 1 1 2562 1726 2565
4954 2 2 1 1 2565 1723 2566
4955 2 2 1 1 2296 2004 2567
4956 2 2 1 1 2565 2566 2928
4957 2 2 1 1 1724 2564 2568
4958 2 2 1 1 2566 1722 2569
4959 2 2 1 1 2296 2567 3205
4960 2 2 1 1 2571 2923 2924
4961 2 2 1 1 2299 2297 3204
4962 2 2 1 1 2569 1720 2570
4963 2 2 1 1 2570 1719 2571
4964 2 2 1 1 2921 2919 3765
4965 2 2 1 1 2571 1718 2572
4966 2 2 1 1 2576 2919 2921
4967 2 2 1 1 2572 1717 2573
4968 2 2 1 1 1715 2000 2574
4969 2 2 1 1 2302 1996 2575
4970 2 2 1 1 2572 2573 2922
4971 2 2 1 1 2571 2572 2923
4972 2 2 1 1 1715 2574 2575
4973 2 2 1 1 2574 2920 2575
4974 2 2 1 1 2573 1716 2576
4975 2 2 1 1 2304 2579 3195
4976 2 2 1 1 2576 1714 2577
4977 2 2 1 1 2302 3198 2580
4978 2 2 1 1 2577 1713 2578
4979 2 2 1 1 2304 1994 2579
4980 2 2 1 1 2577 2578 2918
4981 2 2 1 1 2916 2579 2580
4982 2 2 1 1 1997 2302 2580
4983 2 2 1 1 2306 2304 3196
4984 2 2 1 1 2578 1712 2581
4985 2 2 1 1 2581 1710 2582
4986 2 2 1 1 2584 2587 2912
4987 2 2 1 1 2582 1709 2583
4988 2 2 1 1 2583 1708 2584
4989 2 2 1 1 1991 2306 2585
4990 2 2 1 1 2583 2584 2913
4991 2 2 1 1 2582 2583 2914
4992 2 2 1 1 2585 2911 2586
4993 2 2 1 1 2309 1988 2586
4994 2 2 1 1 2584 1707 2587
4995 2 2 1 1 2309 2586 3189
4996 2 2 1 1 2587 1705 2588
4997 2 2 1 1 2310 2309 3190
4998 2 2 1 1 2313 2312 3186
4999 2 2 1 1 2588 1704 2589
5000 2 2 1 1 2315 2313 3185
5001 2 2 1 1 2589 1703 2590
5002 2 2 1 1 2590 1702 2591
5003 2 2 1 1 2318 2316 3182
5004 2 2 1 1 2591 1701 2592
5005 2 2 1 1 2319 2318 3180
5006 2 2 1 1 2592 1700 2593
5007 2 2 1 1 2593 1699 2594
5008 2 2 1 1 2594 1698 2595
5009 2 2 1 1 2321 2319 3179
5010 2 2 1 1 2595 1697 2596
5011 2 2 1 1 2323 2321 3177
5012 2 2 1 1 2596 1696 2597
5013 2 2 1 1 2324 2323 3175
5014 2 2 1 1 2597 1695 2598
5015 2 2 1 1 2326 2324 3174
5016 2 2 1 1 2598 1694 2599
5017 2 2 1 1 2327 2326 3172
5018 2 2 1 1 2329 2327 3171
5019 2 2 1 1 2599 1693 2600
5020 2 2 1 1 2895 2893 3794
5021 2 2 1 1 2603 2329 3169
5022 2 2 1 1 2600 1692 2601
5023 2 2 1 1 1688 1687 2606
5024 2 2 1 1 2601 1691 2602
5025 2 2 1 1 1967 2329 2603
5026 2 2 1 1 2601 2602 2896
5027 2 2 1 1 2331 1965 2604
5028 2 2 1 1 2603 2894 2604
5029 2 2 1 1 2602 1690 2605
5030 2 2 1 1 2891 2889 3799
5031 2 2 1 1 2608 2331 3167
5032 2 2 1 1 2605 1688 2606
5033 2 2 1 1 2606 1687 2607
5034 2 2 1 1 1685 1964 2608
5035 2 2 1 1 2334 1961 2609
5036 2 2 1 1 2606 2607 2892
5037 2 2 1 1 2608 2890 2609
5038 2 2 1 1 1685 2608 2609
5039 2 2 1 1 2336 2334 3163
5040 2 2 1 1 2607 1686 2610
5041 2 2 1 1 2337 2336 3160
5042 2 2 1 1 2610 1684 2611
5043 2 2 1 1 2611 1683 2612
5044 2 2 1 1 2612 1682 2613
5045 2 2 1 1 2339 2337 3159
5046 2 2 1 1 2613 1681 2614
5047 2 2 1 1 2340 2339 3157
5048 2 2 1 1 2343 2342 3154
5049 2 2 1 1 2614 1680 2615
5050 2 2 1 1 2345 2343 3153
5051 2 2 1 1 2615 1679 2616
5052 2 2 1 1 2616 1678 2617
5053 2 2 1 1 2619 2880 2881
5054 2 2 1 1 2348 2347 3149
5055 2 2 1 1 2617 1677 2618
5056 2 2 1 1 2618 1676 2619
5057 2 2 1 1 1673 1670 2624
5058 2 2 1 1 2619 1675 2620
5059 2 2 1 1 1670 1668 2627
5060 2 2 1 1 2620 1674 2621
5061 2 2 1 1 2348 3148 2622
5062 2 2 1 1 2621 2624 2878
5063 2 2 1 1 2620 2621 2879
5064 2 2 1 1 1672 1946 2622
5065 2 2 1 1 2622 2877 2623
5066 2 2 1 1 1672 2622 2623
5067 2 2 1 1 2352 2626 3143
5068 2 2 1 1 2621 1673 2624
5069 2 2 1 1 2623 2876 2625
5070 2 2 1 1 2352 1941 2626
5071 2 2 1 1 1671 2623 2625
5072 2 2 1 1 3814 3812 4040
5073 2 2 1 1 1941 1669 2626
5074 2 2 1 1 2624 1670 2627
5075 2 2 1 1 2626 2625 2874
5076 2 2 1 1 2627 1668 2628
5077 2 2 1 1 2630 2870 2871
5078 2 2 1 1 2628 1667 2629
5079 2 2 1 1 2354 2352 3144
5080 2 2 1 1 2629 1666 2630
5081 2 2 1 1 2632 2635 2868
5082 2 2 1 1 2633 2634 2867
5083 2 2 1 1 2630 1665 2631
5084 2 2 1 1 1661 1660 2636
5085 2 2 1 1 2631 1664 2632
5086 2 2 1 1 2358 1935 2633
5087 2 2 1 1 2631 2632 2869
5088 2 2 1 1 2355 3140 2634
5089 2 2 1 1 1938 2355 2634
5090 2 2 1 1 1660 1659 2637
5091 2 2 1 1 2358 2633 3136
5092 2 2 1 1 2632 1663 2635
5093 2 2 1 1 2635 1661 2636
5094 2 2 1 1 1659 1656 2640
5095 2 2 1 1 2636 1660 2637
5096 2 2 1 1 2637 2640 2864
5097 2 2 1 1 2358 3137 2638
5098 2 2 1 1 1934 2358 2638
5099 2 2 1 1 2638 2863 2639
5100 2 2 1 1 1658 2638 2639
5101 2 2 1 1 2643 1654 2642
5102 2 2 1 1 1655 1653 2644
5103 2 2 1 1 2637 1659 2640
5104 2 2 1 1 2640 1656 2641
5105 2 2 1 1 1657 2639 2642
5106 2 2 1 1 2640 2641 2861
5107 2 2 1 1 2642 2859 2643
5108 2 2 1 1 2362 1929 2643
5109 2 2 1 1 2363 2362 3132
5110 2 2 1 1 2641 1655 2644
5111 2 2 1 1 2365 2363 3130
5112 2 2 1 1 2644 1653 2645
5113 2 2 1 1 2645 1652 2646
5114 2 2 1 1 2366 2365 3128
5115 2 2 1 1 2646 1651 2647
5116 2 2 1 1 2853 2851 3841
5117 2 2 1 1 2650 2651 2852
5118 2 2 1 1 2647 1650 2648
5119 2 2 1 1 1646 1645 2653
5120 2 2 1 1 2648 1649 2649
5121 2 2 1 1 1647 1925 2651
5122 2 2 1 1 2369 1922 2650
5123 2 2 1 1 2648 2649 2854
5124 2 2 1 1 2650 1647 2651
5125 2 2 1 1 2647 2648 2855
5126 2 2 1 1 2649 1648 2652
5127 2 2 1 1 2372 2655 3119
5128 2 2 1 1 2652 1646 2653
5129 2 2 1 1 1921 2369 2654
5130 2 2 1 1 2372 1917 2655
5131 2 2 1 1 2652 2653 2851
5132 2 2 1 1 2849 3843 3844
5133 2 2 1 1 1644 2654 2655
5134 2 2 1 1 2653 1645 2656
5135 2 2 1 1 2655 2654 2849
5136 2 2 1 1 2373 2372 3120
5137 2 2 1 1 2656 1643 2657
5138 2 2 1 1 2657 1642 2658
5139 2 2 1 1 2375 2373 3118
5140 2 2 1 1 2658 1641 2659
5141 2 2 1 1 2843 2841 3853
5142 2 2 1 1 2659 1640 2660
5143 2 2 1 1 1636 1635 2665
5144 2 2 1 1 2660 1639 2661
5145 2 2 1 1 1914 2375 2662
5146 2 2 1 1 2377 1912 2663
5147 2 2 1 1 2660 2661 2844
5148 2 2 1 1 2659 2660 2845
5149 2 2 1 1 2662 2842 2663
5150 2 2 1 1 1637 2662 2663
5151 2 2 1 1 2661 1638 2664
5152 2 2 1 1 2664 1636 2665
5153 2 2 1 1 1632 1631 2670
5154 2 2 1 1 2665 1635 2666
5155 2 2 1 1 1633 1911 2668
5156 2 2 1 1 2380 1908 2667
5157 2 2 1 1 2665 2666 2840
5158 2 2 1 1 2667 1633 2668
5159 2 2 1 1 2838 2667 2668
5160 2 2 1 1 2664 2665 2841
5161 2 2 1 1 2666 1634 2669
5162 2 2 1 1 2383 2672 3105
5163 2 2 1 1 2669 1632 2670
5164 2 2 1 1 2670 1631 2671
5165 2 2 1 1 1629 1907 2673
5166 2 2 1 1 2383 1904 2672
5167 2 2 1 1 2670 2671 2836
5168 2 2 1 1 2672 1629 2673
5169 2 2 1 1 2669 2670 2837
5170 2 2 1 1 2834 2672 2673
5171 2 2 1 1 2384 2383 3106
5172 2 2 1 1 2671 1630 2674
5173 2 2 1 1 2674 1628 2675
5174 2 2 1 1 2387 2386 3102
5175 2 2 1 1 2675 1627 2676
5176 2 2 1 1 2676 1626 2677
5177 2 2 1 1 2679 2828 2829
5178 2 2 1 1 2677 1625 2678
5179 2 2 1 1 2389 2387 3101
5180 2 2 1 1 2678 1624 2679
5181 2 2 1 1 2393 2683 3095
5182 2 2 1 1 2679 1623 2680
5183 2 2 1 1 2391 3097 2682
5184 2 2 1 1 2680 1622 2681
5185 2 2 1 1 1895 2391 2682
5186 2 2 1 1 2393 1893 2683
5187 2 2 1 1 2680 2681 2827
5188 2 2 1 1 1620 2682 2683
5189 2 2 1 1 2682 2825 2683
5190 2 2 1 1 2685 2823 2824
5191 2 2 1 1 2681 1621 2684
5192 2 2 1 1 2825 3871 3095
5193 2 2 1 1 2684 1619 2685
5194 2 2 1 1 2821 2819 3879
5195 2 2 1 1 2688 2689 2820
5196 2 2 1 1 2685 1618 2686
5197 2 2 1 1 2686 1617 2687
5198 2 2 1 1 2397 1887 2688
5199 2 2 1 1 2686 2687 2822
5200 2 2 1 1 1615 1890 2689
5201 2 2 1 1 2685 2686 2823
5202 2 2 1 1 2399 2397 3089
5203 2 2 1 1 2687 1616 2690
5204 2 2 1 1 2690 1614 2691
5205 2 2 1 1 2402 2694 3084
5206 2 2 1 1 2691 1613 2692
5207 2 2 1 1 2692 1612 2693
5208 2 2 1 1 1610 1885 2695
5209 2 2 1 1 2402 1882 2694
5210 2 2 1 1 2692 2693 2817
5211 2 2 1 1 2694 1610 2695
5212 2 2 1 1 2691 2692 2818
5213 2 2 1 1 2815 2694 2695
5214 2 2 1 1 2693 1611 2696
5215 2 2 1 1 2815 3883 3884
5216 2 2 1 1 2405 2403 3082
5217 2 2 1 1 2696 1609 2697
5218 2 2 1 1 2406 2405 3080
5219 2 2 1 1 2697 1608 2698
5220 2 2 1 1 2700 2810 2811
5221 2 2 1 1 2408 2406 3079
5222 2 2 1 1 2698 1607 2699
5223 2 2 1 1 2699 1606 2700
5224 2 2 1 1 2411 2704 3073
5225 2 2 1 1 2700 1605 2701
5226 2 2 1 1 2408 3077 2703
5227 2 2 1 1 2701 1604 2702
5228 2 2 1 1 1875 2408 2703
5229 2 2 1 1 2411 1872 2704
5230 2 2 1 1 2701 2702 2809
5231 2 2 1 1 2703 2807 2704
5232 2 2 1 1 1602 2703 2704
5233 2 2 1 1 2702 1603 2705
5234 2 2 1 1 3073 3601 3074
5235 2 2 1 1 2705 1601 2706
5236 2 2 1 1 2412 2411 3074
5237 2 2 1 1 2414 2412 3072
5238 2 2 1 1 2706 1600 2707
5239 2 2 1 1 1597 1594 2712
5240 2 2 1 1 2707 1599 2708
5241 2 2 1 1 2708 1598 2709
5242 2 2 1 1 2414 3070 2710
5243 2 2 1 1 2708 2709 2803
5244 2 2 1 1 1868 2414 2710
5245 2 2 1 1 2715 1592 2714
5246 2 2 1 1 1596 2710 2711
5247 2 2 1 1 2798 2796 3905
5248 2 2 1 1 2714 2711 2800
5249 2 2 1 1 2709 1597 2712
5250 2 2 1 1 2712 1594 2713
5251 2 2 1 1 1595 2711 2714
5252 2 2 1 1 2712 2713 2799
5253 2 2 1 1 2714 2797 2715
5254 2 2 1 1 2418 1864 2715
5255 2 2 1 1 2419 2418 3066
5256 2 2 1 1 2713 1593 2716
5257 2 2 1 1 2716 1591 2717
5258 2 2 1 1 2422 2421 3062
5259 2 2 1 1 2717 1590 2718
5260 2 2 1 1 2720 2792 2793
5261 2 2 1 1 2424 2422 3061
5262 2 2 1 1 2718 1589 2719
5263 2 2 1 1 1586 1585 2722
5264 2 2 1 1 2719 1588 2720
5265 2 2 1 1 2720 1587 2721
5266 2 2 1 1 1585 1582 2725
5267 2 2 1 1 1582 1581 2726
5268 2 2 1 1 2721 1586 2722
5269 2 2 1 1 2722 2725 2790
5270 2 2 1 1 2424 3059 2723
5271 2 2 1 1 1584 1857 2723
5272 2 2 1 1 2723 2789 2724
5273 2 2 1 1 1584 2723 2724
5274 2 2 1 1 2726 2729 2786
5275 2 2 1 1 2722 1585 2725
5276 2 2 1 1 2725 1582 2726
5277 2 2 1 1 2428 1852 2728
5278 2 2 1 1 1583 2724 2727
5279 2 2 1 1 2725 2726 2787
5280 2 2 1 1 2727 2785 2728
5281 2 2 1 1 1852 1580 2728
5282 2 2 1 1 2726 1581 2729
5283 2 2 1 1 2428 2728 3055
5284 2 2 1 1 2431 2429 3053
5285 2 2 1 1 2729 1579 2730
5286 2 2 1 1 2432 2431 3051
5287 2 2 1 1 2730 1578 2731
5288 2 2 1 1 2434 2432 3050
5289 2 2 1 1 2731 1577 2732
5290 2 2 1 1 2734 2779 2780
5291 2 2 1 1 2732 1576 2733
5292 2 2 1 1 2733 1575 2734
5293 2 2 1 1 2777 2775 3928
5294 2 2 1 1 2734 1574 2735
5295 2 2 1 1 1570 1569 2740
5296 2 2 1 1 2735 1573 2736
5297 2 2 1 1 1571 1845 2737
5298 2 2 1 1 2735 2736 2778
5299 2 2 1 1 2734 2735 2779
5300 2 2 1 1 2737 2776 2738
5301 2 2 1 1 2438 1842 2738
5302 2 2 1 1 2440 2438 3044
5303 2 2 1 1 2736 1572 2739
5304 2 2 1 1 2441 2440 3041
5305 2 2 1 1 2739 1570 2740
5306 2 2 1 1 1567 1566 2743
5307 2 2 1 1 2740 1569 2741
5308 2 2 1 1 2741 1568 2742
5309 2 2 1 1 1566 1563 2746
5310 2 2 1 1 1563 1562 2747
5311 2 2 1 1 2742 1567 2743
5312 2 2 1 1 1565 1838 2744
5313 2 2 1 1 2741 2742 2773
5314 2 2 1 1 2743 2746 2771
5315 2 2 1 1 1565 2744 2745
5316 2 2 1 1 2748 2749 2766
5317 2 2 1 1 2767 2765 3939
5318 2 2 1 1 2743 1566 2746
5319 2 2 1 1 1560 1559 2751
5320 2 2 1 1 2746 1563 2747
5321 2 2 1 1 2445 1833 2748
5322 2 2 1 1 1564 2745 2749
5323 2 2 1 1 2746 2747 2768
5324 2 2 1 1 2745 2769 2749
5325 2 2 1 1 2748 1561 2749
5326 2 2 1 1 2747 1562 2750
5327 2 2 1 1 2448 2754 3031
5328 2 2 1 1 2750 1560 2751
5329 2 2 1 1 2445 3035 2753
5330 2 2 1 1 2751 1559 2752
5331 2 2 1 1 1834 2445 2753
5332 2 2 1 1 2448 1829 2754
5333 2 2 1 1 2751 2752 2764
5334 2 2 1 1 1557 2753 2754
5335 2 2 1 1 2753 2762 2754
5336 2 2 1 1 2449 2448 3032
5337 2 2 1 1 2752 1558 2755
5338 2 2 1 1 2167 2168 3348
5339 2 2 1 1 2755 1556 2756
5340 2 2 1 1 2451 2449 3030
5341 2 2 1 1 2756 1555 2757
5342 2 2 1 1 3353 1553 1552
5343 2 2 1 1 2757 1554 2758
5344 2 2 1 1 2759 2757 2758
5345 2 2 1 1 3346 3362 3361
5346 2 2 1 1 3353 3359 2758
5347 2 2 1 1 2759 3359 3946
5348 2 2 1 1 2757 2759 2760
5349 2 2 1 1 3945 3946 3949
5350 2 2 1 1 2755 2756 2761
5351 2 2 1 1 2750 2751 2765
5352 2 2 1 1 3032 2448 3031
5353 2 2 1 1 2762 3942 3031
5354 2 2 1 1 2752 2755 2763
5355 2 2 1 1 2752 2763 2764
5356 2 2 1 1 2751 2764 2765
5357 2 2 1 1 2445 2748 3036
5358 2 2 1 1 3635 3943 3035
5359 2 2 1 1 2747 2750 2767
5360 2 2 1 1 3937 3934 3956
5361 2 2 1 1 2766 2769 3937
5362 2 2 1 1 2747 2767 2768
5363 2 2 1 1 2766 2749 2769
5364 2 2 1 1 2769 2745 2770
5365 2 2 1 1 2744 2441 3040
5366 2 2 1 1 2746 2768 2771
5367 2 2 1 1 3931 2772 3932
5368 2 2 1 1 2768 3935 2771
5369 2 2 1 1 2743 2771 2772
5370 2 2 1 1 2742 2772 2773
5371 2 2 1 1 2740 2741 2774
5372 2 2 1 1 2741 2773 2774
5373 2 2 1 1 3631 3933 3040
5374 2 2 1 1 2739 2740 2775
5375 2 2 1 1 2438 2738 3043
5376 2 2 1 1 2737 2435 3047
5377 2 2 1 1 2736 2739 2777
5378 2 2 1 1 2776 3926 3043
5379 2 2 1 1 2776 3927 3926
5380 2 2 1 1 2736 2777 2778
5381 2 2 1 1 2735 2778 2779
5382 2 2 1 1 2435 2434 3048
5383 2 2 1 1 2733 2734 2780
5384 2 2 1 1 2732 2733 2781
5385 2 2 1 1 3625 3927 3047
5386 2 2 1 1 3624 3625 3048
5387 2 2 1 1 2733 2780 2781
5388 2 2 1 1 2731 2732 2782
5389 2 2 1 1 3621 3622 3051
5390 2 2 1 1 2730 2731 2783
5391 2 2 1 1 2429 2428 3054
5392 2 2 1 1 3619 3621 3053
5393 2 2 1 1 2729 2730 2784
5394 2 2 1 1 2785 3916 3055
5395 2 2 1 1 3054 2428 3055
5396 2 2 1 1 2727 2724 2788
5397 2 2 1 1 2729 2784 2786
5398 2 2 1 1 2785 2788 3917
5399 2 2 1 1 2726 2786 2787
5400 2 2 1 1 2785 2727 2788
5401 2 2 1 1 2788 2724 2789
5402 2 2 1 1 2720 2721 2792
5403 2 2 1 1 2725 2787 2790
5404 2 2 1 1 3910 2791 3911
5405 2 2 1 1 2787 3914 2790
5406 2 2 1 1 2722 2790 2791
5407 2 2 1 1 2721 2791 2792
5408 2 2 1 1 2719 2720 2793
5409 2 2 1 1 2718 2719 2794
5410 2 2 1 1 2421 2419 3064
5411 2 2 1 1 3611 3612 3062
5412 2 2 1 1 2717 2718 2795
5413 2 2 1 1 2716 2717 2796
5414 2 2 1 1 3609 3611 3064
5415 2 2 1 1 2717 2795 2796
5416 2 2 1 1 2418 2715 3065
5417 2 2 1 1 3608 3609 3066
5418 2 2 1 1 2709 2712 2802
5419 2 2 1 1 2713 2716 2798
5420 2 2 1 1 2797 3904 3903
5421 2 2 1 1 2713 2798 2799
5422 2 2 1 1 2797 2800 3904
5423 2 2 1 1 2797 2714 2800
5424 2 2 1 1 2711 2710 2801
5425 2 2 1 1 2800 2711 2801
5426 2 2 1 1 2707 2708 2804
5427 2 2 1 1 2712 2799 2802
5428 2 2 1 1 2799 3901 2802
5429 2 2 1 1 2801 3070 3899
5430 2 2 1 1 2709 2802 2803
5431 2 2 1 1 2708 2803 2804
5432 2 2 1 1 2706 2707 2805
5433 2 2 1 1 2707 2804 2805
5434 2 2 1 1 2705 2706 2806
5435 2 2 1 1 2706 2805 2806
5436 2 2 1 1 2702 2705 2808
5437 2 2 1 1 2700 2701 2810
5438 2 2 1 1 2807 3892 3073
5439 2 2 1 1 2705 2806 2808
5440 2 2 1 1 2702 2808 2809
5441 2 2 1 1 2701 2809 2810
5442 2 2 1 1 2699 2700 2811
5443 2 2 1 1 3598 3893 3077
5444 2 2 1 1 2698 2699 2812
5445 2 2 1 1 2697 2698 2813
5446 2 2 1 1 2403 2402 3083
5447 2 2 1 1 2696 2697 2814
5448 2 2 1 1 2693 2696 2816
5449 2 2 1 1 3592 3593 3083
5450 2 2 1 1 2695 2399 3087
5451 2 2 1 1 2696 2814 2816
5452 2 2 1 1 3883 3589 3994
5453 2 2 1 1 2693 2816 2817
5454 2 2 1 1 2692 2817 2818
5455 2 2 1 1 2690 2691 2819
5456 2 2 1 1 2691 2818 2819
5457 2 2 1 1 2397 2688 3090
5458 2 2 1 1 3589 3883 3087
5459 2 2 1 1 2689 2395 3092
5460 2 2 1 1 3587 3589 3089
5461 2 2 1 1 2687 2690 2821
5462 2 2 1 1 2820 3878 3090
5463 2 2 1 1 2687 2821 2822
5464 2 2 1 1 2686 2822 2823
5465 2 2 1 1 2395 2393 3094
5466 2 2 1 1 2684 2685 2824
5467 2 2 1 1 2681 2684 2826
5468 2 2 1 1 3585 3877 3092
5469 2 2 1 1 2679 2680 2828
5470 2 2 1 1 3094 2393 3095
5471 2 2 1 1 2684 2824 2826
5472 2 2 1 1 2825 3097 3872
5473 2 2 1 1 2681 2826 2827
5474 2 2 1 1 2680 2827 2828
5475 2 2 1 1 2391 2389 3099
5476 2 2 1 1 2678 2679 2829
5477 2 2 1 1 2677 2678 2830
5478 2 2 1 1 2678 2829 2830
5479 2 2 1 1 2676 2677 2831
5480 2 2 1 1 2677 2830 2831
5481 2 2 1 1 2386 2384 3104
5482 2 2 1 1 3576 3577 3102
5483 2 2 1 1 2675 2676 2832
5484 2 2 1 1 2674 2675 2833
5485 2 2 1 1 2675 2832 2833
5486 2 2 1 1 2834 3861 3862
5487 2 2 1 1 3106 2383 3105
5488 2 2 1 1 2673 2380 3110
5489 2 2 1 1 2671 2674 2835
5490 2 2 1 1 2834 3110 3861
5491 2 2 1 1 2671 2835 2836
5492 2 2 1 1 2670 2836 2837
5493 2 2 1 1 2380 2667 3109
5494 2 2 1 1 3570 3110 3109
5495 2 2 1 1 2668 2377 3113
5496 2 2 1 1 2666 2669 2839
5497 2 2 1 1 2838 3856 3857
5498 2 2 1 1 2666 2839 2840
5499 2 2 1 1 3113 2377 3114
5500 2 2 1 1 2665 2840 2841
5501 2 2 1 1 2377 2663 3114
5502 2 2 1 1 2662 2375 3116
5503 2 2 1 1 2661 2664 2843
5504 2 2 1 1 2842 3851 3114
5505 2 2 1 1 3852 3565 4016
5506 2 2 1 1 2661 2843 2844
5507 2 2 1 1 2660 2844 2845
5508 2 2 1 1 2658 2659 2846
5509 2 2 1 1 2659 2845 2846
5510 2 2 1 1 2657 2658 2847
5511 2 2 1 1 3565 3852 3116
5512 2 2 1 1 2658 2846 2847
5513 2 2 1 1 3120 2372 3119
5514 2 2 1 1 2656 2657 2848
5515 2 2 1 1 2653 2656 2850
5516 2 2 1 1 2848 2847 3846
5517 2 2 1 1 2654 2369 3124
5518 2 2 1 1 2849 3124 3843
5519 2 2 1 1 2656 2848 2850
5520 2 2 1 1 2653 2850 2851
5521 2 2 1 1 2369 2650 3123
5522 2 2 1 1 2651 2366 3127
5523 2 2 1 1 3559 3124 3123
5524 2 2 1 1 2649 2652 2853
5525 2 2 1 1 2852 3839 3840
5526 2 2 1 1 2649 2853 2854
5527 2 2 1 1 2648 2854 2855
5528 2 2 1 1 2646 2647 2856
5529 2 2 1 1 2647 2855 2856
5530 2 2 1 1 2645 2646 2857
5531 2 2 1 1 3556 3839 3127
5532 2 2 1 1 2646 2856 2857
5533 2 2 1 1 3553 3555 3130
5534 2 2 1 1 2644 2645 2858
5535 2 2 1 1 2859 3831 3131
5536 2 2 1 1 3552 3553 3132
5537 2 2 1 1 2642 2639 2862
5538 2 2 1 1 2859 3832 3831
5539 2 2 1 1 2641 2644 2860
5540 2 2 1 1 2859 2862 3832
5541 2 2 1 1 2641 2860 2861
5542 2 2 1 1 2859 2642 2862
5543 2 2 1 1 2862 2639 2863
5544 2 2 1 1 2635 2636 2866
5545 2 2 1 1 2861 3829 2864
5546 2 2 1 1 2640 2861 2864
5547 2 2 1 1 2862 2863 3828
5548 2 2 1 1 2863 3137 3827
5549 2 2 1 1 2637 2864 2865
5550 2 2 1 1 2636 2865 2866
5551 2 2 1 1 4032 4034 3824
5552 2 2 1 1 2630 2631 2870
5553 2 2 1 1 3548 3137 3136
5554 2 2 1 1 2867 3822 3823
5555 2 2 1 1 2635 2866 2868
5556 2 2 1 1 3822 3545 4035
5557 2 2 1 1 2632 2868 2869
5558 2 2 1 1 2631 2869 2870
5559 2 2 1 1 2355 2354 3141
5560 2 2 1 1 2629 2630 2871
5561 2 2 1 1 2628 2629 2872
5562 2 2 1 1 3545 3822 3140
5563 2 2 1 1 3544 3545 3141
5564 2 2 1 1 2629 2871 2872
5565 2 2 1 1 2627 2628 2873
5566 2 2 1 1 3144 2352 3143
5567 2 2 1 1 2628 2872 2873
5568 2 2 1 1 2624 2627 2875
5569 2 2 1 1 2873 2872 3817
5570 2 2 1 1 2874 2876 3814
5571 2 2 1 1 2627 2873 2875
5572 2 2 1 1 2874 2625 2876
5573 2 2 1 1 2876 2623 2877
5574 2 2 1 1 2619 2620 2880
5575 2 2 1 1 2624 2875 2878
5576 2 2 1 1 2875 3813 2878
5577 2 2 1 1 2877 3148 3811
5578 2 2 1 1 2876 2877 3812
5579 2 2 1 1 2621 2878 2879
5580 2 2 1 1 2620 2879 2880
5581 2 2 1 1 2618 2619 2881
5582 2 2 1 1 2347 2345 3151
5583 2 2 1 1 2617 2618 2882
5584 2 2 1 1 2616 2617 2883
5585 2 2 1 1 2617 2882 2883
5586 2 2 1 1 3533 3535 3153
5587 2 2 1 1 2615 2616 2884
5588 2 2 1 1 2342 2340 3156
5589 2 2 1 1 3532 3533 3154
5590 2 2 1 1 2614 2615 2885
5591 2 2 1 1 2613 2614 2886
5592 2 2 1 1 2614 2885 2886
5593 2 2 1 1 2612 2613 2887
5594 2 2 1 1 3529 3530 3157
5595 2 2 1 1 2613 2886 2887
5596 2 2 1 1 2611 2612 2888
5597 2 2 1 1 3527 3529 3159
5598 2 2 1 1 2612 2887 2888
5599 2 2 1 1 3526 3527 3160
5600 2 2 1 1 2610 2611 2889
5601 2 2 1 1 2334 2609 3162
5602 2 2 1 1 3163 2334 3162
5603 2 2 1 1 2605 2606 2893
5604 2 2 1 1 2607 2610 2891
5605 2 2 1 1 2890 3797 3162
5606 2 2 1 1 2607 2891 2892
5607 2 2 1 1 2606 2892 2893
5608 2 2 1 1 2331 2604 3166
5609 2 2 1 1 2600 2601 2897
5610 2 2 1 1 3521 3167 3166
5611 2 2 1 1 2602 2605 2895
5612 2 2 1 1 2894 3792 3166
5613 2 2 1 1 2894 3169 3793
5614 2 2 1 1 2602 2895 2896
5615 2 2 1 1 2601 2896 2897
5616 2 2 1 1 2599 2600 2898
5617 2 2 1 1 2600 2897 2898
5618 2 2 1 1 2598 2599 2899
5619 2 2 1 1 2599 2898 2899
5620 2 2 1 1 2597 2598 2900
5621 2 2 1 1 2598 2899 2900
5622 2 2 1 1 2596 2597 2901
5623 2 2 1 1 2597 2900 2901
5624 2 2 1 1 2595 2596 2902
5625 2 2 1 1 2596 2901 2902
5626 2 2 1 1 2594 2595 2903
5627 2 2 1 1 3511 3513 3177
5628 2 2 1 1 2595 2902 2903
5629 2 2 1 1 2593 2594 2904
5630 2 2 1 1 3509 3511 3179
5631 2 2 1 1 2594 2903 2904
5632 2 2 1 1 3508 3509 3180
5633 2 2 1 1 2592 2593 2905
5634 2 2 1 1 2316 2315 3183
5635 2 2 1 1 3506 3508 3182
5636 2 2 1 1 2591 2592 2906
5637 2 2 1 1 2590 2591 2907
5638 2 2 1 1 2591 2906 2907
5639 2 2 1 1 3503 3505 3185
5640 2 2 1 1 2589 2590 2908
5641 2 2 1 1 2312 2310 3188
5642 2 2 1 1 3502 3503 3186
5643 2 2 1 1 2588 2589 2909
5644 2 2 1 1 2587 2588 2910
5645 2 2 1 1 2588 2909 2910
5646 2 2 1 1 3190 2309 3189
5647 2 2 1 1 2585 2306 3193
5648 2 2 1 1 2911 3774 3189
5649 2 2 1 1 2587 2910 2912
5650 2 2 1 1 2584 2912 2913
5651 2 2 1 1 2583 2913 2914
5652 2 2 1 1 2581 2582 2915
5653 2 2 1 1 2582 2914 2915
5654 2 2 1 1 2576 2577 2919
5655 2 2 1 1 3196 2304 3195
5656 2 2 1 1 2916 3768 3769
5657 2 2 1 1 2578 2581 2917
5658 2 2 1 1 2578 2917 2918
5659 2 2 1 1 3198 2302 3199
5660 2 2 1 1 2577 2918 2919
5661 2 2 1 1 2302 2575 3199
5662 2 2 1 1 2574 2299 3202
5663 2 2 1 1 3492 3768 3198
5664 2 2 1 1 2573 2576 2921
5665 2 2 1 1 2920 3202 3764
5666 2 2 1 1 2573 2921 2922
5667 2 2 1 1 2572 2922 2923
5668 2 2 1 1 2570 2571 2924
5669 2 2 1 1 2297 2296 3206
5670 2 2 1 1 3487 3489 3204
5671 2 2 1 1 2569 2570 2925
5672 2 2 1 1 4082 4084 3758
5673 2 2 1 1 2568 2564 2929
5674 2 2 1 1 3486 3206 3205
5675 2 2 1 1 3756 3753 4085
5676 2 2 1 1 2569 2925 2927
5677 2 2 1 1 2926 2929 3756
5678 2 2 1 1 2566 2927 2928
5679 2 2 1 1 2926 2568 2929
5680 2 2 1 1 2929 2564 2930
5681 2 2 1 1 2560 2561 2933
5682 2 2 1 1 2565 2928 2931
5683 2 2 1 1 3750 2932 3751
5684 2 2 1 1 2928 3754 2931
5685 2 2 1 1 2562 2931 2932
5686 2 2 1 1 3210 2292 3211
5687 2 2 1 1 2561 2932 2933
5688 2 2 1 1 3211 3482 3210
5689 2 2 1 1 2555 2556 2937
5690 2 2 1 1 3482 3752 3210
5691 2 2 1 1 2934 3747 3748
5692 2 2 1 1 2560 2933 2935
5693 2 2 1 1 2934 3214 3747
5694 2 2 1 1 2557 2935 2936
5695 2 2 1 1 2556 2936 2937
5696 2 2 1 1 2554 2550 2941
5697 2 2 1 1 3742 3739 4093
5698 2 2 1 1 2555 2937 2939
5699 2 2 1 1 2938 2941 3742
5700 2 2 1 1 2552 2939 2940
5701 2 2 1 1 2938 2554 2941
5702 2 2 1 1 2547 2548 2944
5703 2 2 1 1 2941 2550 2942
5704 2 2 1 1 2549 2288 3216
5705 2 2 1 1 2551 2940 2943
5706 2 2 1 1 2940 3740 2943
5707 2 2 1 1 2941 2942 3739
5708 2 2 1 1 2548 2943 2944
5709 2 2 1 1 2547 2944 2945
5710 2 2 1 1 2288 2287 3217
5711 2 2 1 1 2545 2546 2946
5712 2 2 1 1 2544 2545 2947
5713 2 2 1 1 2545 2946 2947
5714 2 2 1 1 2543 2542 2948
5715 2 2 1 1 2947 2946 3734
5716 2 2 1 1 2538 2541 2952
5717 2 2 1 1 2948 2950 3731
5718 2 2 1 1 2541 2544 2949
5719 2 2 1 1 2948 2542 2950
5720 2 2 1 1 2540 2539 2951
5721 2 2 1 1 2950 2540 2951
5722 2 2 1 1 2539 2286 3220
5723 2 2 1 1 2541 2949 2952
5724 2 2 1 1 2949 3730 2952
5725 2 2 1 1 2950 2951 3729
5726 2 2 1 1 2538 2952 2953
5727 2 2 1 1 3220 2286 3219
5728 2 2 1 1 4100 3728 4101
5729 2 2 1 1 2537 2953 2954
5730 2 2 1 1 2955 3723 3219
5731 2 2 1 1 3477 3220 3219
5732 2 2 1 1 3723 3724 4102
5733 2 2 1 1 2536 2954 2956
5734 2 2 1 1 2955 2958 3724
5735 2 2 1 1 2533 2956 2957
5736 2 2 1 1 2955 2534 2958
5737 2 2 1 1 2531 2530 2959
5738 2 2 1 1 2958 2531 2959
5739 2 2 1 1 2527 2528 2962
5740 2 2 1 1 2957 3721 2960
5741 2 2 1 1 2532 2957 2960
5742 2 2 1 1 2958 2959 3720
5743 2 2 1 1 2529 2960 2961
5744 2 2 1 1 4105 3719 4106
5745 2 2 1 1 2528 2961 2962
5746 2 2 1 1 2963 3715 3221
5747 2 2 1 1 2966 2967 3711
5748 2 2 1 1 3476 3222 3221
5749 2 2 1 1 2527 2962 2964
5750 2 2 1 1 2524 2964 2965
5751 2 2 1 1 2963 2966 3714
5752 2 2 1 1 2963 2526 2966
5753 2 2 1 1 2522 2521 2967
5754 2 2 1 1 2966 2522 2967
5755 2 2 1 1 2521 2518 2970
5756 2 2 1 1 2523 2965 2968
5757 2 2 1 1 3708 2969 3709
5758 2 2 1 1 2965 3712 2968
5759 2 2 1 1 2520 2968 2969
5760 2 2 1 1 2967 2970 3710
5761 2 2 1 1 2967 2521 2970
5762 2 2 1 1 2518 2517 2971
5763 2 2 1 1 2514 2515 2974
5764 2 2 1 1 2519 2969 2972
5765 2 2 1 1 2969 3708 2972
5766 2 2 1 1 2516 2972 2973
5767 2 2 1 1 3223 2284 3224
5768 2 2 1 1 2515 2973 2974
5769 2 2 1 1 2975 3701 3702
5770 2 2 1 1 2513 2283 3225
5771 2 2 1 1 2511 2514 2976
5772 2 2 1 1 3701 3474 4116
5773 2 2 1 1 2511 2976 2977
5774 2 2 1 1 2510 2977 2978
5775 2 2 1 1 2508 2509 2979
5776 2 2 1 1 2282 2281 3227
5777 2 2 1 1 3474 3701 3225
5778 2 2 1 1 2507 2508 2980
5779 2 2 1 1 2506 2507 2981
5780 2 2 1 1 2507 2980 2981
5781 2 2 1 1 3471 3472 3228
5782 2 2 1 1 2505 2506 2982
5783 2 2 1 1 2279 2278 3231
5784 2 2 1 1 2504 2505 2983
5785 2 2 1 1 2984 3691 3230
5786 2 2 1 1 3469 3470 3231
5787 2 2 1 1 2502 2277 3233
5788 2 2 1 1 2504 2983 2985
5789 2 2 1 1 2984 3233 3692
5790 2 2 1 1 2501 2985 2986
5791 2 2 1 1 2500 2986 2987
5792 2 2 1 1 2277 2498 3232
5793 2 2 1 1 2494 2495 2991
5794 2 2 1 1 3468 3233 3232
5795 2 2 1 1 2496 2499 2989
5796 2 2 1 1 2988 3686 3232
5797 2 2 1 1 2496 2989 2990
5798 2 2 1 1 2495 2990 2991
5799 2 2 1 1 2493 2494 2992
5800 2 2 1 1 2494 2991 2992
5801 2 2 1 1 2275 2274 3236
5802 2 2 1 1 3467 3687 3234
5803 2 2 1 1 2492 2493 2993
5804 2 2 1 1 2491 2492 2994
5805 2 2 1 1 3465 3466 3236
5806 2 2 1 1 2492 2993 2994
5807 2 2 1 1 2273 2272 3238
5808 2 2 1 1 3464 3465 3237
5809 2 2 1 1 2490 2491 2995
5810 2 2 1 1 2489 2490 2996
5811 2 2 1 1 3463 3464 3238
5812 2 2 1 1 2490 2995 2996
5813 2 2 1 1 3240 2271 3239
5814 2 2 1 1 2484 2485 3000
5815 2 2 1 1 2997 3676 3677
5816 2 2 1 1 2486 2489 2998
5817 2 2 1 1 3676 3461 4135
5818 2 2 1 1 2486 2998 2999
5819 2 2 1 1 2485 2999 3000
5820 2 2 1 1 2483 2269 3244
5821 2 2 1 1 3461 3676 3242
5822 2 2 1 1 3001 3671 3672
5823 2 2 1 1 2484 3000 3002
5824 2 2 1 1 3671 3460 4138
5825 2 2 1 1 2481 3002 3003
5826 2 2 1 1 2480 3003 3004
5827 2 2 1 1 2477 2268 3245
5828 2 2 1 1 3460 3671 3244
5829 2 2 1 1 3243 3005 3666
5830 2 2 1 1 2479 3004 3006
5831 2 2 1 1 2476 3006 3007
5832 2 2 1 1 2475 3007 3008
5833 2 2 1 1 2268 2267 3246
5834 2 2 1 1 2473 2474 3009
5835 2 2 1 1 2472 2473 3010
5836 2 2 1 1 2473 3009 3010
5837 2 2 1 1 3011 3659 3660
5838 2 2 1 1 2467 2468 3014
5839 2 2 1 1 3248 2266 3247
5840 2 2 1 1 2469 2472 3012
5841 2 2 1 1 3011 3249 3659
5842 2 2 1 1 2469 3012 3013
5843 2 2 1 1 2468 3013 3014
5844 2 2 1 1 2466 2467 3015
5845 2 2 1 1 2467 3014 3015
5846 2 2 1 1 2465 2466 3016
5847 2 2 1 1 2466 3015 3016
5848 2 2 1 1 2464 2465 3017
5849 2 2 1 1 2465 3016 3017
5850 2 2 1 1 3453 3454 3252
5851 2 2 1 1 2463 2464 3018
5852 2 2 1 1 2261 2260 3254
5853 2 2 1 1 2462 2463 3019
5854 2 2 1 1 2461 2462 3020
5855 2 2 1 1 2462 3019 3020
5856 2 2 1 1 2460 2461 3021
5857 2 2 1 1 2461 3020 3021
5858 2 2 1 1 3449 3450 3256
5859 2 2 1 1 2459 2460 3022
5860 2 2 1 1 3448 3449 3257
5861 2 2 1 1 2458 2459 3023
5862 2 2 1 1 2457 2456 3024
5863 2 2 1 1 3023 3022 3648
5864 2 2 1 1 2456 2455 3025
5865 2 2 1 1 3024 2456 3025
5866 2 2 1 1 2254 2255 3261
5867 2 2 1 1 3025 2455 3026
5868 2 2 1 1 2454 2453 3027
5869 2 2 1 1 3026 2454 3027
5870 2 2 1 1 3345 3354 3362
5871 2 2 1 1 3027 2453 3029
5872 2 2 1 1 2251 2252 3264
5873 2 2 1 1 3028 2451 3030
5874 2 2 1 1 2761 2760 3945
5875 2 2 1 1 2763 2761 3944
5876 2 2 1 1 2754 2762 3031
5877 2 2 1 1 2764 2763 3941
5878 2 2 1 1 3638 3639 3032
5879 2 2 1 1 3031 3638 3032
5880 2 2 1 1 3030 2449 3032
5881 2 2 1 1 3029 2450 3033
5882 2 2 1 1 2447 2446 3034
5883 2 2 1 1 3033 2447 3034
5884 2 2 1 1 2762 2753 3035
5885 2 2 1 1 3036 3635 3035
5886 2 2 1 1 2748 2766 3036
5887 2 2 1 1 2768 2767 3936
5888 2 2 1 1 3034 2446 3037
5889 2 2 1 1 2248 2249 3267
5890 2 2 1 1 3037 2444 3038
5891 2 2 1 1 2443 2442 3039
5892 2 2 1 1 3038 2443 3039
5893 2 2 1 1 2442 2439 3042
5894 2 2 1 1 2770 2744 3040
5895 2 2 1 1 2774 2773 3930
5896 2 2 1 1 3040 2441 3041
5897 2 2 1 1 2438 3043 3044
5898 2 2 1 1 3039 2442 3042
5899 2 2 1 1 2245 2246 3270
5900 2 2 1 1 2738 2776 3043
5901 2 2 1 1 2778 2777 3925
5902 2 2 1 1 3041 2440 3044
5903 2 2 1 1 2775 2774 3929
5904 2 2 1 1 3043 3628 3044
5905 2 2 1 1 3042 2439 3045
5906 2 2 1 1 2437 2436 3046
5907 2 2 1 1 3045 2437 3046
5908 2 2 1 1 2776 2737 3047
5909 2 2 1 1 2780 2779 3923
5910 2 2 1 1 3047 2435 3048
5911 2 2 1 1 2781 2780 3922
5912 2 2 1 1 3046 2436 3049
5913 2 2 1 1 2242 2243 3273
5914 2 2 1 1 3048 2434 3050
5915 2 2 1 1 3050 2432 3051
5916 2 2 1 1 2783 2782 3920
5917 2 2 1 1 3049 2433 3052
5918 2 2 1 1 2430 2427 3056
5919 2 2 1 1 3051 2431 3053
5920 2 2 1 1 2784 2783 3919
5921 2 2 1 1 2786 2784 3918
5922 2 2 1 1 3053 2429 3054
5923 2 2 1 1 3618 3619 3054
5924 2 2 1 1 3618 3054 3055
5925 2 2 1 1 2728 2785 3055
5926 2 2 1 1 3052 2430 3056
5927 2 2 1 1 2240 2241 3275
5928 2 2 1 1 3056 2427 3057
5929 2 2 1 1 2426 2425 3058
5930 2 2 1 1 3057 2426 3058
5931 2 2 1 1 2238 2239 3277
5932 2 2 1 1 2789 2723 3059
5933 2 2 1 1 2792 2791 3910
5934 2 2 1 1 3058 2425 3060
5935 2 2 1 1 2423 2420 3063
5936 2 2 1 1 3059 2424 3061
5937 2 2 1 1 2793 2792 3909
5938 2 2 1 1 3061 2422 3062
5939 2 2 1 1 2795 2794 3907
5940 2 2 1 1 3060 2423 3063
5941 2 2 1 1 2420 2417 3067
5942 2 2 1 1 3062 2421 3064
5943 2 2 1 1 2796 2795 3906
5944 2 2 1 1 2715 2797 3065
5945 2 2 1 1 3064 2419 3066
5946 2 2 1 1 2799 2798 3902
5947 2 2 1 1 3065 3608 3066
5948 2 2 1 1 2418 3065 3066
5949 2 2 1 1 3063 2420 3067
5950 2 2 1 1 2235 2236 3280
5951 2 2 1 1 3067 2417 3068
5952 2 2 1 1 2416 2415 3069
5953 2 2 1 1 3068 2416 3069
5954 2 2 1 1 2415 2413 3071
5955 2 2 1 1 2801 2710 3070
5956 2 2 1 1 2804 2803 3897
5957 2 2 1 1 3069 2415 3071
5958 2 2 1 1 2413 2410 3075
5959 2 2 1 1 3070 2414 3072
5960 2 2 1 1 2411 3073 3074
5961 2 2 1 1 2805 2804 3896
5962 2 2 1 1 2704 2807 3073
5963 2 2 1 1 2809 2808 3891
5964 2 2 1 1 3072 2412 3074
5965 2 2 1 1 2806 2805 3895
5966 2 2 1 1 2808 2806 3894
5967 2 2 1 1 3071 2413 3075
5968 2 2 1 1 3075 2410 3076
5969 2 2 1 1 2230 2231 3285
5970 2 2 1 1 2807 2703 3077
5971 2 2 1 1 2811 2810 3889
5972 2 2 1 1 3076 2409 3078
5973 2 2 1 1 2407 2404 3081
5974 2 2 1 1 3077 2408 3079
5975 2 2 1 1 3079 2406 3080
5976 2 2 1 1 2812 2811 3888
5977 2 2 1 1 3078 2407 3081
5978 2 2 1 1 2404 2401 3085
5979 2 2 1 1 3080 2405 3082
5980 2 2 1 1 2402 3084 3083
5981 2 2 1 1 2813 2812 3887
5982 2 2 1 1 3082 2403 3083
5983 2 2 1 1 2816 2814 3885
5984 2 2 1 1 3592 3083 3084
5985 2 2 1 1 2694 2815 3084
5986 2 2 1 1 3081 2404 3085
5987 2 2 1 1 2227 2228 3288
5988 2 2 1 1 3085 2401 3086
5989 2 2 1 1 2400 2398 3088
5990 2 2 1 1 2815 2695 3087
5991 2 2 1 1 2819 2818 3880
5992 2 2 1 1 3086 2400 3088
5993 2 2 1 1 2398 2396 3091
5994 2 2 1 1 2688 2820 3090
5995 2 2 1 1 3087 2399 3089
5996 2 2 1 1 3090 3587 3089
5997 2 2 1 1 3089 2397 3090
5998 2 2 1 1 2822 2821 3876
5999 2 2 1 1 3088 2398 3091
6000 2 2 1 1 2224 2225 3291
6001 2 2 1 1 2820 2689 3092
6002 2 2 1 1 2824 2823 3874
6003 2 2 1 1 2826 2824 3873
6004 2 2 1 1 3091 2396 3093
6005 2 2 1 1 2394 2392 3096
6006 2 2 1 1 3092 2395 3094
6007 2 2 1 1 3583 3585 3094
6008 2 2 1 1 2683 2825 3095
6009 2 2 1 1 3583 3094 3095
6010 2 2 1 1 3093 2394 3096
6011 2 2 1 1 2392 2390 3098
6012 2 2 1 1 2825 2682 3097
6013 2 2 1 1 2828 2827 3869
6014 2 2 1 1 3096 2392 3098
6015 2 2 1 1 2390 2388 3100
6016 2 2 1 1 3097 2391 3099
6017 2 2 1 1 2829 2828 3868
6018 2 2 1 1 3098 2390 3100
6019 2 2 1 1 2220 2221 3295
6020 2 2 1 1 3099 2389 3101
6021 2 2 1 1 2830 2829 3867
6022 2 2 1 1 3101 2387 3102
6023 2 2 1 1 2832 2831 3865
6024 2 2 1 1 3100 2388 3103
6025 2 2 1 1 2385 2382 3107
6026 2 2 1 1 3102 2386 3104
6027 2 2 1 1 2835 2833 3863
6028 2 2 1 1 2672 2834 3105
6029 2 2 1 1 3573 3574 3106
6030 2 2 1 1 3104 2384 3106
6031 2 2 1 1 3105 3573 3106
6032 2 2 1 1 3103 2385 3107
6033 2 2 1 1 3107 2382 3108
6034 2 2 1 1 2217 2218 3298
6035 2 2 1 1 2667 2838 3109
6036 2 2 1 1 2839 2837 3858
6037 2 2 1 1 2840 2839 3855
6038 2 2 1 1 2834 2673 3110
6039 2 2 1 1 2837 2836 3859
6040 2 2 1 1 3108 2381 3111
6041 2 2 1 1 2379 2378 3112
6042 2 2 1 1 3111 2379 3112
6043 2 2 1 1 2378 2376 3115
6044 2 2 1 1 2838 2668 3113
6045 2 2 1 1 2841 2840 3854
6046 2 2 1 1 3114 3567 3113
6047 2 2 1 1 2663 2842 3114
6048 2 2 1 1 2844 2843 3850
6049 2 2 1 1 3112 2378 3115
6050 2 2 1 1 2214 2215 3301
6051 2 2 1 1 2842 2662 3116
6052 2 2 1 1 2846 2845 3848
6053 2 2 1 1 3115 2376 3117
6054 2 2 1 1 2374 2371 3121
6055 2 2 1 1 3116 2375 3118
6056 2 2 1 1 2655 2849 3119
6057 2 2 1 1 2850 2848 3845
6058 2 2 1 1 3562 3120 3119
6059 2 2 1 1 3118 2373 3120
6060 2 2 1 1 2847 2846 3847
6061 2 2 1 1 3117 2374 3121
6062 2 2 1 1 3121 2371 3122
6063 2 2 1 1 2211 2212 3304
6064 2 2 1 1 2650 2852 3123
6065 2 2 1 1 2854 2853 3838
6066 2 2 1 1 2849 2654 3124
6067 2 2 1 1 2851 2850 3842
6068 2 2 1 1 3122 2370 3125
6069 2 2 1 1 2368 2367 3126
6070 2 2 1 1 3125 2368 3126
6071 2 2 1 1 2209 2210 3306
6072 2 2 1 1 2852 2651 3127
6073 2 2 1 1 2856 2855 3836
6074 2 2 1 1 3127 2366 3128
6075 2 2 1 1 3126 2367 3129
6076 2 2 1 1 2364 2361 3133
6077 2 2 1 1 3128 2365 3130
6078 2 2 1 1 2858 2857 3834
6079 2 2 1 1 2643 2859 3131
6080 2 2 1 1 3130 2363 3132
6081 2 2 1 1 2860 2858 3833
6082 2 2 1 1 2362 3131 3132
6083 2 2 1 1 3131 3552 3132
6084 2 2 1 1 3129 2364 3133
6085 2 2 1 1 2361 2360 3134
6086 2 2 1 1 3133 2361 3134
6087 2 2 1 1 2360 2359 3135
6088 2 2 1 1 3134 2360 3135
6089 2 2 1 1 2205 2206 3310
6090 2 2 1 1 2633 2867 3136
6091 2 2 1 1 2869 2868 3821
6092 2 2 1 1 2863 2638 3137
6093 2 2 1 1 2866 2865 3825
6094 2 2 1 1 3135 2359 3138
6095 2 2 1 1 2357 2356 3139
6096 2 2 1 1 3138 2357 3139
6097 2 2 1 1 2356 2353 3142
6098 2 2 1 1 2867 2634 3140
6099 2 2 1 1 2871 2870 3819
6100 2 2 1 1 3140 2355 3141
6101 2 2 1 1 2872 2871 3818
6102 2 2 1 1 2874 3814 3815
6103 2 2 1 1 3139 2356 3142
6104 2 2 1 1 2626 2874 3143
6105 2 2 1 1 3542 3544 3144
6106 2 2 1 1 3143 3542 3144
6107 2 2 1 1 3141 2354 3144
6108 2 2 1 1 3142 2353 3145
6109 2 2 1 1 2201 2202 3314
6110 2 2 1 1 3145 2351 3146
6111 2 2 1 1 2350 2349 3147
6112 2 2 1 1 3146 2350 3147
6113 2 2 1 1 2349 2346 3150
6114 2 2 1 1 2877 2622 3148
6115 2 2 1 1 2880 2879 3809
6116 2 2 1 1 3148 2348 3149
6117 2 2 1 1 2881 2880 3808
6118 2 2 1 1 3147 2349 3150
6119 2 2 1 1 2198 2199 3317
6120 2 2 1 1 3149 2347 3151
6121 2 2 1 1 2882 2881 3807
6122 2 2 1 1 3150 2346 3152
6123 2 2 1 1 2344 2341 3155
6124 2 2 1 1 3151 2345 3153
6125 2 2 1 1 2884 2883 3805
6126 2 2 1 1 3153 2343 3154
6127 2 2 1 1 2885 2884 3804
6128 2 2 1 1 3152 2344 3155
6129 2 2 1 1 2341 2338 3158
6130 2 2 1 1 3154 2342 3156
6131 2 2 1 1 3156 2340 3157
6132 2 2 1 1 2887 2886 3802
6133 2 2 1 1 3155 2341 3158
6134 2 2 1 1 2338 2335 3161
6135 2 2 1 1 3157 2339 3159
6136 2 2 1 1 2888 2887 3801
6137 2 2 1 1 3159 2337 3160
6138 2 2 1 1 2889 2888 3800
6139 2 2 1 1 3158 2338 3161
6140 2 2 1 1 2335 2333 3164
6141 2 2 1 1 2609 2890 3162
6142 2 2 1 1 2892 2891 3796
6143 2 2 1 1 3524 3526 3163
6144 2 2 1 1 3162 3524 3163
6145 2 2 1 1 3160 2336 3163
6146 2 2 1 1 3161 2335 3164
6147 2 2 1 1 2193 2194 3322
6148 2 2 1 1 3164 2333 3165
6149 2 2 1 1 2332 2330 3168
6150 2 2 1 1 2890 2608 3167
6151 2 2 1 1 2604 2894 3166
6152 2 2 1 1 2896 2895 3791
6153 2 2 1 1 2331 3166 3167
6154 2 2 1 1 2893 2892 3795
6155 2 2 1 1 3165 2332 3168
6156 2 2 1 1 2330 2328 3170
6157 2 2 1 1 2894 2603 3169
6158 2 2 1 1 2897 2896 3790
6159 2 2 1 1 3168 2330 3170
6160 2 2 1 1 2328 2325 3173
6161 2 2 1 1 3169 2329 3171
6162 2 2 1 1 2898 2897 3789
6163 2 2 1 1 3171 2327 3172
6164 2 2 1 1 2899 2898 3788
6165 2 2 1 1 3170 2328 3173
6166 2 2 1 1 3172 2326 3174
6167 2 2 1 1 2900 2899 3787
6168 2 2 1 1 3174 2324 3175
6169 2 2 1 1 2901 2900 3786
6170 2 2 1 1 3173 2325 3176
6171 2 2 1 1 2188 2189 3327
6172 2 2 1 1 3175 2323 3177
6173 2 2 1 1 2903 2902 3784
6174 2 2 1 1 3176 2322 3178
6175 2 2 1 1 2320 2317 3181
6176 2 2 1 1 3177 2321 3179
6177 2 2 1 1 2904 2903 3783
6178 2 2 1 1 3179 2319 3180
6179 2 2 1 1 2905 2904 3782
6180 2 2 1 1 3178 2320 3181
6181 2 2 1 1 2317 2314 3184
6182 2 2 1 1 3180 2318 3182
6183 2 2 1 1 2906 2905 3781
6184 2 2 1 1 3182 2316 3183
6185 2 2 1 1 3181 2317 3184
6186 2 2 1 1 2185 2186 3330
6187 2 2 1 1 3183 2315 3185
6188 2 2 1 1 2908 2907 3779
6189 2 2 1 1 3185 2313 3186
6190 2 2 1 1 2909 2908 3778
6191 2 2 1 1 3184 2314 3187
6192 2 2 1 1 2311 2308 3191
6193 2 2 1 1 3186 2312 3188
6194 2 2 1 1 2912 2910 3776
6195 2 2 1 1 2586 2911 3189
6196 2 2 1 1 2913 2912 3773
6197 2 2 1 1 3499 3500 3190
6198 2 2 1 1 3189 3499 3190
6199 2 2 1 1 3188 2310 3190
6200 2 2 1 1 3187 2311 3191
6201 2 2 1 1 2308 2307 3192
6202 2 2 1 1 3191 2308 3192
6203 2 2 1 1 2307 2305 3194
6204 2 2 1 1 2911 2585 3193
6205 2 2 1 1 2914 2913 3772
6206 2 2 1 1 2917 2915 3770
6207 2 2 1 1 3192 2307 3194
6208 2 2 1 1 2579 2916 3195
6209 2 2 1 1 2918 2917 3767
6210 2 2 1 1 3193 2306 3196
6211 2 2 1 1 2915 2914 3771
6212 2 2 1 1 3195 3494 3196
6213 2 2 1 1 3194 2305 3197
6214 2 2 1 1 2180 2181 3335
6215 2 2 1 1 2916 2580 3198
6216 2 2 1 1 2920 3763 3199
6217 2 2 1 1 2575 2920 3199
6218 2 2 1 1 3492 3198 3199
6219 2 2 1 1 3197 2303 3200
6220 2 2 1 1 2301 2300 3201
6221 2 2 1 1 3200 2301 3201
6222 2 2 1 1 2920 2574 3202
6223 2 2 1 1 2923 2922 3761
6224 2 2 1 1 3201 2300 3203
6225 2 2 1 1 3202 2299 3204
6226 2 2 1 1 2925 2924 3759
6227 2 2 1 1 2296 3205 3206
6228 2 2 1 1 2567 2926 3205
6229 2 2 1 1 2928 2927 3755
6230 2 2 1 1 3204 2297 3206
6231 2 2 1 1 3203 2298 3207
6232 2 2 1 1 2176 2177 3339
6233 2 2 1 1 3207 2295 3208
6234 2 2 1 1 2294 2293 3209
6235 2 2 1 1 3208 2294 3209
6236 2 2 1 1 2930 2563 3210
6237 2 2 1 1 2935 2933 3749
6238 2 2 1 1 2558 2934 3211
6239 2 2 1 1 2936 2935 3746
6240 2 2 1 1 3209 2293 3212
6241 2 2 1 1 2165 2173 3352
6242 2 2 1 1 3212 2291 3213
6243 2 2 1 1 2934 2559 3214
6244 2 2 1 1 2937 2936 3745
6245 2 2 1 1 2939 2937 3744
6246 2 2 1 1 2553 2938 3215
6247 2 2 1 1 2940 2939 3741
6248 2 2 1 1 3480 3214 3215
6249 2 2 1 1 2942 2549 3216
6250 2 2 1 1 2945 2944 3736
6251 2 2 1 1 2287 3218 3217
6252 2 2 1 1 3216 2288 3217
6253 2 2 1 1 2946 2945 3735
6254 2 2 1 1 2948 3732 3218
6255 2 2 1 1 3478 3217 3218
6256 2 2 1 1 2543 2948 3218
6257 2 2 1 1 2535 2955 3219
6258 2 2 1 1 2956 2954 3725
6259 2 2 1 1 2951 2539 3220
6260 2 2 1 1 2954 2953 3726
6261 2 2 1 1 2959 2530 3222
6262 2 2 1 1 2525 2963 3221
6263 2 2 1 1 2964 2962 3716
6264 2 2 1 1 2530 2285 3222
6265 2 2 1 1 2962 2961 3717
6266 2 2 1 1 2971 2517 3223
6267 2 2 1 1 2974 2973 3704
6268 2 2 1 1 2976 2974 3703
6269 2 2 1 1 3475 3223 3224
6270 2 2 1 1 2512 2975 3224
6271 2 2 1 1 2975 2513 3225
6272 2 2 1 1 2979 2978 3698
6273 2 2 1 1 3225 2283 3226
6274 2 2 1 1 3226 2282 3227
6275 2 2 1 1 2980 2979 3697
6276 2 2 1 1 3227 2281 3228
6277 2 2 1 1 2982 2981 3695
6278 2 2 1 1 3228 2280 3229
6279 2 2 1 1 2278 3230 3231
6280 2 2 1 1 2503 2984 3230
6281 2 2 1 1 2985 2983 3693
6282 2 2 1 1 3229 2279 3231
6283 2 2 1 1 3230 3469 3231
6284 2 2 1 1 2498 2988 3232
6285 2 2 1 1 2989 2987 3688
6286 2 2 1 1 2990 2989 3685
6287 2 2 1 1 2984 2502 3233
6288 2 2 1 1 2987 2986 3689
6289 2 2 1 1 2988 2497 3234
6290 2 2 1 1 2992 2991 3683
6291 2 2 1 1 3234 2276 3235
6292 2 2 1 1 3235 2275 3236
6293 2 2 1 1 2994 2993 3681
6294 2 2 1 1 3236 2274 3237
6295 2 2 1 1 2995 2994 3680
6296 2 2 1 1 3237 2273 3238
6297 2 2 1 1 2996 2995 3679
6298 2 2 1 1 2998 2996 3678
6299 2 2 1 1 2487 2997 3239
6300 2 2 1 1 2999 2998 3675
6301 2 2 1 1 3462 3463 3240
6302 2 2 1 1 3238 2272 3240
6303 2 2 1 1 3239 3462 3240
6304 2 2 1 1 2482 3001 3241
6305 2 2 1 1 3003 3002 3670
6306 2 2 1 1 3241 3461 3242
6307 2 2 1 1 2997 2488 3242
6308 2 2 1 1 2478 3005 3243
6309 2 2 1 1 3006 3004 3668
6310 2 2 1 1 3243 3460 3244
6311 2 2 1 1 3001 2483 3244
6312 2 2 1 1 3005 2477 3245
6313 2 2 1 1 3008 3007 3664
6314 2 2 1 1 3245 2268 3246
6315 2 2 1 1 3009 3008 3663
6316 2 2 1 1 3012 3010 3661
6317 2 2 1 1 2470 3011 3247
6318 2 2 1 1 3457 3248 3247
6319 2 2 1 1 3246 2267 3248
6320 2 2 1 1 3010 3009 3662
6321 2 2 1 1 3011 2471 3249
6322 2 2 1 1 3014 3013 3657
6323 2 2 1 1 3249 2265 3250
6324 2 2 1 1 3015 3014 3656
6325 2 2 1 1 3250 2264 3251
6326 2 2 1 1 3016 3015 3655
6327 2 2 1 1 3251 2263 3252
6328 2 2 1 1 3018 3017 3653
6329 2 2 1 1 3252 2262 3253
6330 2 2 1 1 3253 2261 3254
6331 2 2 1 1 3019 3018 3652
6332 2 2 1 1 3254 2260 3255
6333 2 2 1 1 3020 3019 3651
6334 2 2 1 1 3255 2259 3256
6335 2 2 1 1 3022 3021 3649
6336 2 2 1 1 2257 3258 3257
6337 2 2 1 1 3256 2258 3257
6338 2 2 1 1 3448 3257 3258
6339 2 2 1 1 2457 3024 3258
6340 2 2 1 1 2458 3023 3259
6341 2 2 1 1 3023 3647 3259
6342 2 2 1 1 3025 3026 3644
6343 2 2 1 1 2256 3259 3260
6344 2 2 1 1 3026 3027 3643
6345 2 2 1 1 2255 3260 3261
6346 2 2 1 1 3260 3446 3261
6347 2 2 1 1 3027 3029 3642
6348 2 2 1 1 2254 3261 3262
6349 2 2 1 1 3029 3033 3640
6350 2 2 1 1 2253 3262 3263
6351 2 2 1 1 3262 3444 3263
6352 2 2 1 1 3033 3034 3637
6353 2 2 1 1 2252 3263 3264
6354 2 2 1 1 3263 3443 3264
6355 2 2 1 1 3034 3037 3636
6356 2 2 1 1 2251 3264 3265
6357 2 2 1 1 3037 3038 3634
6358 2 2 1 1 2250 3265 3266
6359 2 2 1 1 3038 3039 3633
6360 2 2 1 1 2249 3266 3267
6361 2 2 1 1 3266 3440 3267
6362 2 2 1 1 3039 3042 3632
6363 2 2 1 1 2248 3267 3268
6364 2 2 1 1 3042 3045 3629
6365 2 2 1 1 2247 3268 3269
6366 2 2 1 1 3045 3046 3627
6367 2 2 1 1 2246 3269 3270
6368 2 2 1 1 3269 3437 3270
6369 2 2 1 1 3046 3049 3626
6370 2 2 1 1 2245 3270 3271
6371 2 2 1 1 3049 3052 3623
6372 2 2 1 1 2244 3271 3272
6373 2 2 1 1 3052 3056 3620
6374 2 2 1 1 2243 3272 3273
6375 2 2 1 1 3056 3057 3617
6376 2 2 1 1 2242 3273 3274
6377 2 2 1 1 3057 3058 3616
6378 2 2 1 1 2241 3274 3275
6379 2 2 1 1 3274 3432 3275
6380 2 2 1 1 3058 3060 3615
6381 2 2 1 1 2240 3275 3276
6382 2 2 1 1 3060 3063 3613
6383 2 2 1 1 2239 3276 3277
6384 2 2 1 1 3063 3067 3610
6385 2 2 1 1 2238 3277 3278
6386 2 2 1 1 3277 3429 3278
6387 2 2 1 1 3067 3068 3607
6388 2 2 1 1 2237 3278 3279
6389 2 2 1 1 3068 3069 3606
6390 2 2 1 1 2236 3279 3280
6391 2 2 1 1 3279 3427 3280
6392 2 2 1 1 3069 3071 3605
6393 2 2 1 1 2235 3280 3281
6394 2 2 1 1 3280 3426 3281
6395 2 2 1 1 3071 3075 3603
6396 2 2 1 1 2234 3281 3282
6397 2 2 1 1 3075 3076 3600
6398 2 2 1 1 2233 3282 3283
6399 2 2 1 1 3282 3424 3283
6400 2 2 1 1 3076 3078 3599
6401 2 2 1 1 2232 3283 3284
6402 2 2 1 1 3078 3081 3597
6403 2 2 1 1 2231 3284 3285
6404 2 2 1 1 3284 3422 3285
6405 2 2 1 1 3081 3085 3594
6406 2 2 1 1 2230 3285 3286
6407 2 2 1 1 3085 3086 3591
6408 2 2 1 1 2229 3286 3287
6409 2 2 1 1 3086 3088 3590
6410 2 2 1 1 2228 3287 3288
6411 2 2 1 1 3088 3091 3588
6412 2 2 1 1 2227 3288 3289
6413 2 2 1 1 3091 3093 3586
6414 2 2 1 1 2226 3289 3290
6415 2 2 1 1 3093 3096 3584
6416 2 2 1 1 2225 3290 3291
6417 2 2 1 1 3096 3098 3582
6418 2 2 1 1 2224 3291 3292
6419 2 2 1 1 3291 3415 3292
6420 2 2 1 1 3098 3100 3580
6421 2 2 1 1 2223 3292 3293
6422 2 2 1 1 3100 3103 3578
6423 2 2 1 1 2222 3293 3294
6424 2 2 1 1 3103 3107 3575
6425 2 2 1 1 2221 3294 3295
6426 2 2 1 1 3294 3412 3295
6427 2 2 1 1 3107 3108 3572
6428 2 2 1 1 2220 3295 3296
6429 2 2 1 1 3295 3411 3296
6430 2 2 1 1 3108 3111 3571
6431 2 2 1 1 2219 3296 3297
6432 2 2 1 1 3111 3112 3569
6433 2 2 1 1 2218 3297 3298
6434 2 2 1 1 3297 3409 3298
6435 2 2 1 1 3112 3115 3568
6436 2 2 1 1 2217 3298 3299
6437 2 2 1 1 3115 3117 3566
6438 2 2 1 1 2216 3299 3300
6439 2 2 1 1 3299 3407 3300
6440 2 2 1 1 3117 3121 3564
6441 2 2 1 1 2215 3300 3301
6442 2 2 1 1 3300 3406 3301
6443 2 2 1 1 3121 3122 3561
6444 2 2 1 1 2214 3301 3302
6445 2 2 1 1 3122 3125 3560
6446 2 2 1 1 2213 3302 3303
6447 2 2 1 1 3302 3404 3303
6448 2 2 1 1 3125 3126 3558
6449 2 2 1 1 2212 3303 3304
6450 2 2 1 1 3126 3129 3557
6451 2 2 1 1 2211 3304 3305
6452 2 2 1 1 3304 3402 3305
6453 2 2 1 1 3129 3133 3554
6454 2 2 1 1 2210 3305 3306
6455 2 2 1 1 3133 3134 3551
6456 2 2 1 1 2209 3306 3307
6457 2 2 1 1 3306 3400 3307
6458 2 2 1 1 3134 3135 3550
6459 2 2 1 1 2208 3307 3308
6460 2 2 1 1 3135 3138 3549
6461 2 2 1 1 2207 3308 3309
6462 2 2 1 1 3138 3139 3547
6463 2 2 1 1 2206 3309 3310
6464 2 2 1 1 3309 3397 3310
6465 2 2 1 1 3139 3142 3546
6466 2 2 1 1 2205 3310 3311
6467 2 2 1 1 3310 3396 3311
6468 2 2 1 1 3142 3145 3543
6469 2 2 1 1 2204 3311 3312
6470 2 2 1 1 3145 3146 3541
6471 2 2 1 1 2203 3312 3313
6472 2 2 1 1 3146 3147 3540
6473 2 2 1 1 2202 3313 3314
6474 2 2 1 1 3313 3393 3314
6475 2 2 1 1 3147 3150 3539
6476 2 2 1 1 2201 3314 3315
6477 2 2 1 1 3150 3152 3536
6478 2 2 1 1 2200 3315 3316
6479 2 2 1 1 3315 3391 3316
6480 2 2 1 1 3152 3155 3534
6481 2 2 1 1 2199 3316 3317
6482 2 2 1 1 3316 3390 3317
6483 2 2 1 1 3155 3158 3531
6484 2 2 1 1 2198 3317 3318
6485 2 2 1 1 3158 3161 3528
6486 2 2 1 1 2197 3318 3319
6487 2 2 1 1 3318 3388 3319
6488 2 2 1 1 3161 3164 3525
6489 2 2 1 1 2196 3319 3320
6490 2 2 1 1 3164 3165 3523
6491 2 2 1 1 2195 3320 3321
6492 2 2 1 1 3320 3386 3321
6493 2 2 1 1 3165 3168 3522
6494 2 2 1 1 2194 3321 3322
6495 2 2 1 1 3168 3170 3520
6496 2 2 1 1 2193 3322 3323
6497 2 2 1 1 3322 3384 3323
6498 2 2 1 1 3170 3173 3518
6499 2 2 1 1 2192 3323 3324
6500 2 2 1 1 3323 3383 3324
6501 2 2 1 1 3173 3176 3515
6502 2 2 1 1 2191 3324 3325
6503 2 2 1 1 3324 3382 3325
6504 2 2 1 1 3176 3178 3512
6505 2 2 1 1 2190 3325 3326
6506 2 2 1 1 3325 3381 3326
6507 2 2 1 1 3178 3181 3510
6508 2 2 1 1 2189 3326 3327
6509 2 2 1 1 3326 3380 3327
6510 2 2 1 1 3181 3184 3507
6511 2 2 1 1 2188 3327 3328
6512 2 2 1 1 3184 3187 3504
6513 2 2 1 1 2187 3328 3329
6514 2 2 1 1 3328 3378 3329
6515 2 2 1 1 3187 3191 3501
6516 2 2 1 1 2186 3329 3330
6517 2 2 1 1 3329 3377 3330
6518 2 2 1 1 3191 3192 3498
6519 2 2 1 1 2185 3330 3331
6520 2 2 1 1 3192 3194 3497
6521 2 2 1 1 2184 3331 3332
6522 2 2 1 1 3331 3375 3332
6523 2 2 1 1 3194 3197 3495
6524 2 2 1 1 2183 3332 3333
6525 2 2 1 1 3332 3374 3333
6526 2 2 1 1 3197 3200 3493
6527 2 2 1 1 2182 3333 3334
6528 2 2 1 1 3333 3373 3334
6529 2 2 1 1 3200 3201 3491
6530 2 2 1 1 2181 3334 3335
6531 2 2 1 1 3201 3203 3490
6532 2 2 1 1 2180 3335 3336
6533 2 2 1 1 3203 3207 3488
6534 2 2 1 1 2179 3336 3337
6535 2 2 1 1 3336 3370 3337
6536 2 2 1 1 3207 3208 3485
6537 2 2 1 1 2178 3337 3338
6538 2 2 1 1 3337 3369 3338
6539 2 2 1 1 3208 3209 3484
6540 2 2 1 1 2177 3338 3339
6541 2 2 1 1 3338 3368 3339
6542 2 2 1 1 3209 3212 3483
6543 2 2 1 1 2176 3339 3340
6544 2 2 1 1 3339 3367 3340
6545 2 2 1 1 3212 3213 3481
6546 2 2 1 1 2175 3340 3341
6547 2 2 1 1 3340 3366 3341
6548 2 2 1 1 3350 3358 2166
6549 2 2 1 1 3357 3351 3352
6550 2 2 1 1 2161 3356 3344
6551 2 2 1 1 3342 2172 3343
6552 2 2 1 1 3363 3342 3343
6553 2 2 1 1 3343 2171 3344
6554 2 2 1 1 3350 3365 4239
6555 2 2 1 1 2170 2163 3345
6556 2 2 1 1 3362 3346 3345
6557 2 2 1 1 2170 3345 3346
6558 2 2 1 1 3359 3348 3360
6559 2 2 1 1 2169 3346 3347
6560 2 2 1 1 2168 3347 3348
6561 2 2 1 1 3353 2164 3349
6562 2 2 1 1 3348 3359 3349
6563 2 2 1 1 2164 2167 3349
6564 2 2 1 1 2166 2174 3350
6565 2 2 1 1 3341 3365 3350
6566 2 2 1 1 2290 3355 3351
6567 2 2 1 1 2165 3352 3351
6568 2 2 1 1 3342 3363 3364
6569 2 2 1 1 2173 3342 3352
6570 2 2 1 1 2758 1553 3353
6571 2 2 1 1 3349 3359 3353
6572 2 2 1 1 1825 2452 3354
6573 2 2 1 1 3028 3362 2452
6574 2 2 1 1 2290 2014 3355
6575 2 2 1 1 2162 3351 3355
6576 2 2 1 1 2157 2166 3356
6577 2 2 1 1 3358 3356 2166
6578 2 2 1 1 3351 3357 3213
6579 2 2 1 1 3343 3344 3358
6580 2 2 1 1 3344 3356 3358
6581 2 2 1 1 3359 2759 2758
6582 2 2 1 1 3028 3030 3641
6583 2 2 1 1 3347 3346 3361
6584 2 2 1 1 3348 3347 3360
6585 2 2 1 1 2760 2759 3946
6586 2 2 1 1 3360 3347 3361
6587 2 2 1 1 3028 3641 3362
6588 2 2 1 1 3362 3354 2452
6589 2 2 1 1 3357 3352 3364
6590 2 2 1 1 3343 3358 3363
6591 2 2 1 1 3213 3357 3481
6592 2 2 1 1 3352 3342 3364
6593 2 2 1 1 4239 3363 3358
6594 2 2 1 1 3364 3363 3948
6595 2 2 1 1 3365 3341 3366
6596 2 2 1 1 3948 3365 4238
6597 2 2 1 1 3366 3340 3367
6598 2 2 1 1 3367 3339 3368
6599 2 2 1 1 3368 3338 3369
6600 2 2 1 1 3369 3337 3370
6601 2 2 1 1 3336 3335 3371
6602 2 2 1 1 3370 3336 3371
6603 2 2 1 1 3335 3334 3372
6604 2 2 1 1 3371 3335 3372
6605 2 2 1 1 3372 3334 3373
6606 2 2 1 1 3373 3333 3374
6607 2 2 1 1 3374 3332 3375
6608 2 2 1 1 3331 3330 3376
6609 2 2 1 1 3375 3331 3376
6610 2 2 1 1 3376 3330 3377
6611 2 2 1 1 3377 3329 3378
6612 2 2 1 1 3328 3327 3379
6613 2 2 1 1 3378 3328 3379
6614 2 2 1 1 3379 3327 3380
6615 2 2 1 1 3380 3326 3381
6616 2 2 1 1 3381 3325 3382
6617 2 2 1 1 3382 3324 3383
6618 2 2 1 1 3383 3323 3384
6619 2 2 1 1 3322 3321 3385
6620 2 2 1 1 3384 3322 3385
6621 2 2 1 1 3385 3321 3386
6622 2 2 1 1 3320 3319 3387
6623 2 2 1 1 3386 3320 3387
6624 2 2 1 1 3387 3319 3388
6625 2 2 1 1 3318 3317 3389
6626 2 2 1 1 3388 3318 3389
6627 2 2 1 1 3389 3317 3390
6628 2 2 1 1 3390 3316 3391
6629 2 2 1 1 3315 3314 3392
6630 2 2 1 1 3391 3315 3392
6631 2 2 1 1 3392 3314 3393
6632 2 2 1 1 3313 3312 3394
6633 2 2 1 1 3393 3313 3394
6634 2 2 1 1 3312 3311 3395
6635 2 2 1 1 3394 3312 3395
6636 2 2 1 1 3395 3311 3396
6637 2 2 1 1 3396 3310 3397
6638 2 2 1 1 3309 3308 3398
6639 2 2 1 1 3397 3309 3398
6640 2 2 1 1 3308 3307 3399
6641 2 2 1 1 3398 3308 3399
6642 2 2 1 1 3399 3307 3400
6643 2 2 1 1 3306 3305 3401
6644 2 2 1 1 3400 3306 3401
6645 2 2 1 1 3401 3305 3402
6646 2 2 1 1 3304 3303 3403
6647 2 2 1 1 3402 3304 3403
6648 2 2 1 1 3403 3303 3404
6649 2 2 1 1 3302 3301 3405
6650 2 2 1 1 3404 3302 3405
6651 2 2 1 1 3405 3301 3406
6652 2 2 1 1 3406 3300 3407
6653 2 2 1 1 3299 3298 3408
6654 2 2 1 1 3407 3299 3408
6655 2 2 1 1 3408 3298 3409
6656 2 2 1 1 3297 3296 3410
6657 2 2 1 1 3409 3297 3410
6658 2 2 1 1 3410 3296 3411
6659 2 2 1 1 3411 3295 3412
6660 2 2 1 1 3294 3293 3413
6661 2 2 1 1 3412 3294 3413
6662 2 2 1 1 3293 3292 3414
6663 2 2 1 1 3413 3293 3414
6664 2 2 1 1 3414 3292 3415
6665 2 2 1 1 3291 3290 3416
6666 2 2 1 1 3415 3291 3416
6667 2 2 1 1 3290 3289 3417
6668 2 2 1 1 3416 3290 3417
6669 2 2 1 1 3289 3288 3418
6670 2 2 1 1 3417 3289 3418
6671 2 2 1 1 3288 3287 3419
6672 2 2 1 1 3418 3288 3419
6673 2 2 1 1 3287 3286 3420
6674 2 2 1 1 3419 3287 3420
6675 2 2 1 1 3286 3285 3421
6676 2 2 1 1 3420 3286 3421
6677 2 2 1 1 3421 3285 3422
6678 2 2 1 1 3284 3283 3423
6679 2 2 1 1 3422 3284 3423
6680 2 2 1 1 3423 3283 3424
6681 2 2 1 1 3282 3281 3425
6682 2 2 1 1 3424 3282 3425
6683 2 2 1 1 3425 3281 3426
6684 2 2 1 1 3426 3280 3427
6685 2 2 1 1 3279 3278 3428
6686 2 2 1 1 3427 3279 3428
6687 2 2 1 1 3428 3278 3429
6688 2 2 1 1 3277 3276 3430
6689 2 2 1 1 3429 3277 3430
6690 2 2 1 1 3276 3275 3431
6691 2 2 1 1 3430 3276 3431
6692 2 2 1 1 3431 3275 3432
6693 2 2 1 1 3274 3273 3433
6694 2 2 1 1 3432 3274 3433
6695 2 2 1 1 3273 3272 3434
6696 2 2 1 1 3433 3273 3434
6697 2 2 1 1 3272 3271 3435
6698 2 2 1 1 3434 3272 3435
6699 2 2 1 1 3271 3270 3436
6700 2 2 1 1 3435 3271 3436
6701 2 2 1 1 3436 3270 3437
6702 2 2 1 1 3269 3268 3438
6703 2 2 1 1 3437 3269 3438
6704 2 2 1 1 3268 3267 3439
6705 2 2 1 1 3438 3268 3439
6706 2 2 1 1 3439 3267 3440
6707 2 2 1 1 3266 3265 3441
6708 2 2 1 1 3440 3266 3441
6709 2 2 1 1 3265 3264 3442
6710 2 2 1 1 3441 3265 3442
6711 2 2 1 1 3442 3264 3443
6712 2 2 1 1 3443 3263 3444
6713 2 2 1 1 3262 3261 3445
6714 2 2 1 1 3444 3262 3445
6715 2 2 1 1 3445 3261 3446
6716 2 2 1 1 3260 3259 3447
6717 2 2 1 1 3446 3260 3447
6718 2 2 1 1 3258 3024 3646
6719 2 2 1 1 3256 3257 3449
6720 2 2 1 1 3021 3020 3650
6721 2 2 1 1 3255 3256 3450
6722 2 2 1 1 3254 3255 3451
6723 2 2 1 1 3255 3450 3451
6724 2 2 1 1 3253 3254 3452
6725 2 2 1 1 3254 3451 3452
6726 2 2 1 1 3252 3253 3453
6727 2 2 1 1 3253 3452 3453
6728 2 2 1 1 3017 3016 3654
6729 2 2 1 1 3251 3252 3454
6730 2 2 1 1 3250 3251 3455
6731 2 2 1 1 3251 3454 3455
6732 2 2 1 1 3249 3250 3456
6733 2 2 1 1 3250 3455 3456
6734 2 2 1 1 3246 3248 3458
6735 2 2 1 1 3659 3456 4146
6736 2 2 1 1 3248 3457 3458
6737 2 2 1 1 3245 3246 3459
6738 2 2 1 1 3246 3458 3459
6739 2 2 1 1 3005 3245 3667
6740 2 2 1 1 3004 3003 3669
6741 2 2 1 1 3000 2999 3674
6742 2 2 1 1 3238 3240 3463
6743 2 2 1 1 3237 3238 3464
6744 2 2 1 1 3236 3237 3465
6745 2 2 1 1 2993 2992 3682
6746 2 2 1 1 3235 3236 3466
6747 2 2 1 1 3234 3235 3467
6748 2 2 1 1 3235 3466 3467
6749 2 2 1 1 2991 2990 3684
6750 2 2 1 1 3686 3687 4125
6751 2 2 1 1 3691 3692 4122
6752 2 2 1 1 2983 2982 3694
6753 2 2 1 1 3229 3231 3470
6754 2 2 1 1 3228 3229 3471
6755 2 2 1 1 3229 3470 3471
6756 2 2 1 1 2981 2980 3696
6757 2 2 1 1 3227 3228 3472
6758 2 2 1 1 3226 3227 3473
6759 2 2 1 1 3227 3472 3473
6760 2 2 1 1 3225 3226 3474
6761 2 2 1 1 3226 3473 3474
6762 2 2 1 1 2978 2977 3699
6763 2 2 1 1 2971 3223 3706
6764 2 2 1 1 2959 3222 3719
6765 2 2 1 1 2965 2964 3713
6766 2 2 1 1 2951 3220 3728
6767 2 2 1 1 2957 2956 3722
6768 2 2 1 1 2949 2947 3733
6769 2 2 1 1 3216 3217 3479
6770 2 2 1 1 3217 3478 3479
6771 2 2 1 1 2942 3216 3738
6772 2 2 1 1 3215 2938 3743
6773 2 2 1 1 3363 4239 3948
6774 2 2 1 1 3357 3364 3481
6775 2 2 1 1 3366 4237 4238
6776 2 2 1 1 3747 3480 4090
6777 2 2 1 1 2933 2932 3750
6778 2 2 1 1 3212 3481 3483
6779 2 2 1 1 4236 3484 4237
6780 2 2 1 1 3209 3483 3484
6781 2 2 1 1 4235 3485 4236
6782 2 2 1 1 3208 3484 3485
6783 2 2 1 1 4234 3488 4235
6784 2 2 1 1 3204 3206 3487
6785 2 2 1 1 3205 2926 3757
6786 2 2 1 1 3206 3486 3487
6787 2 2 1 1 2924 2923 3760
6788 2 2 1 1 3207 3485 3488
6789 2 2 1 1 3202 3204 3489
6790 2 2 1 1 3369 3370 4234
6791 2 2 1 1 3203 3488 3490
6792 2 2 1 1 4232 3491 4233
6793 2 2 1 1 3201 3490 3491
6794 2 2 1 1 4231 3493 4232
6795 2 2 1 1 2919 2918 3766
6796 2 2 1 1 3763 3764 4078
6797 2 2 1 1 3200 3491 3493
6798 2 2 1 1 3768 3492 4077
6799 2 2 1 1 3193 3196 3496
6800 2 2 1 1 3372 3373 4231
6801 2 2 1 1 3197 3493 3495
6802 2 2 1 1 3196 3494 3496
6803 2 2 1 1 2911 3193 3775
6804 2 2 1 1 3373 3374 4230
6805 2 2 1 1 3194 3495 3497
6806 2 2 1 1 3374 3375 4229
6807 2 2 1 1 3192 3497 3498
6808 2 2 1 1 4227 3501 4228
6809 2 2 1 1 2910 2909 3777
6810 2 2 1 1 3188 3190 3500
6811 2 2 1 1 3186 3188 3502
6812 2 2 1 1 3191 3498 3501
6813 2 2 1 1 3188 3500 3502
6814 2 2 1 1 3185 3186 3503
6815 2 2 1 1 2907 2906 3780
6816 2 2 1 1 3376 3377 4227
6817 2 2 1 1 3187 3501 3504
6818 2 2 1 1 3183 3185 3505
6819 2 2 1 1 3182 3183 3506
6820 2 2 1 1 3183 3505 3506
6821 2 2 1 1 3377 3378 4226
6822 2 2 1 1 3184 3504 3507
6823 2 2 1 1 3180 3182 3508
6824 2 2 1 1 3179 3180 3509
6825 2 2 1 1 3378 3379 4225
6826 2 2 1 1 3181 3507 3510
6827 2 2 1 1 3177 3179 3511
6828 2 2 1 1 2902 2901 3785
6829 2 2 1 1 3379 3380 4224
6830 2 2 1 1 3178 3510 3512
6831 2 2 1 1 3175 3177 3513
6832 2 2 1 1 3174 3175 3514
6833 2 2 1 1 3175 3513 3514
6834 2 2 1 1 3172 3174 3516
6835 2 2 1 1 3380 3381 4223
6836 2 2 1 1 3176 3512 3515
6837 2 2 1 1 4221 3518 4222
6838 2 2 1 1 3174 3514 3516
6839 2 2 1 1 3171 3172 3517
6840 2 2 1 1 3172 3516 3517
6841 2 2 1 1 3169 3171 3519
6842 2 2 1 1 3173 3515 3518
6843 2 2 1 1 3171 3517 3519
6844 2 2 1 1 3382 3383 4221
6845 2 2 1 1 3170 3518 3520
6846 2 2 1 1 4219 3522 4220
6847 2 2 1 1 2890 3167 3798
6848 2 2 1 1 2894 3793 3792
6849 2 2 1 1 3168 3520 3522
6850 2 2 1 1 4218 3523 4219
6851 2 2 1 1 3165 3522 3523
6852 2 2 1 1 4217 3525 4218
6853 2 2 1 1 3797 3798 4052
6854 2 2 1 1 3164 3523 3525
6855 2 2 1 1 4216 3528 4217
6856 2 2 1 1 3160 3163 3526
6857 2 2 1 1 3159 3160 3527
6858 2 2 1 1 3161 3525 3528
6859 2 2 1 1 3157 3159 3529
6860 2 2 1 1 2886 2885 3803
6861 2 2 1 1 3156 3157 3530
6862 2 2 1 1 3154 3156 3532
6863 2 2 1 1 3387 3388 4216
6864 2 2 1 1 3158 3528 3531
6865 2 2 1 1 4214 3534 4215
6866 2 2 1 1 3156 3530 3532
6867 2 2 1 1 3153 3154 3533
6868 2 2 1 1 2883 2882 3806
6869 2 2 1 1 3155 3531 3534
6870 2 2 1 1 3151 3153 3535
6871 2 2 1 1 3149 3151 3537
6872 2 2 1 1 3389 3390 4214
6873 2 2 1 1 3152 3534 3536
6874 2 2 1 1 3151 3535 3537
6875 2 2 1 1 3148 3149 3538
6876 2 2 1 1 3149 3537 3538
6877 2 2 1 1 3390 3391 4213
6878 2 2 1 1 3150 3536 3539
6879 2 2 1 1 3391 3392 4212
6880 2 2 1 1 3147 3539 3540
6881 2 2 1 1 4210 3541 4211
6882 2 2 1 1 3146 3540 3541
6883 2 2 1 1 4209 3543 4210
6884 2 2 1 1 2875 2873 3816
6885 2 2 1 1 3145 3541 3543
6886 2 2 1 1 3141 3144 3544
6887 2 2 1 1 3140 3141 3545
6888 2 2 1 1 2870 2869 3820
6889 2 2 1 1 3394 3395 4209
6890 2 2 1 1 3142 3543 3546
6891 2 2 1 1 3395 3396 4208
6892 2 2 1 1 3139 3546 3547
6893 2 2 1 1 3396 3397 4207
6894 2 2 1 1 3138 3547 3549
6895 2 2 1 1 4205 3550 4206
6896 2 2 1 1 3135 3549 3550
6897 2 2 1 1 4204 3551 4205
6898 2 2 1 1 3134 3550 3551
6899 2 2 1 1 4203 3554 4204
6900 2 2 1 1 2861 2860 3830
6901 2 2 1 1 3130 3132 3553
6902 2 2 1 1 2857 2856 3835
6903 2 2 1 1 3133 3551 3554
6904 2 2 1 1 3128 3130 3555
6905 2 2 1 1 3127 3128 3556
6906 2 2 1 1 3128 3555 3556
6907 2 2 1 1 2855 2854 3837
6908 2 2 1 1 3400 3401 4203
6909 2 2 1 1 3129 3554 3557
6910 2 2 1 1 3401 3402 4202
6911 2 2 1 1 3126 3557 3558
6912 2 2 1 1 3839 3556 4024
6913 2 2 1 1 3402 3403 4201
6914 2 2 1 1 3125 3558 3560
6915 2 2 1 1 4199 3561 4200
6916 2 2 1 1 3122 3560 3561
6917 2 2 1 1 4198 3564 4199
6918 2 2 1 1 3118 3120 3563
6919 2 2 1 1 3120 3562 3563
6920 2 2 1 1 3116 3118 3565
6921 2 2 1 1 3121 3561 3564
6922 2 2 1 1 4197 3566 4198
6923 2 2 1 1 3118 3563 3565
6924 2 2 1 1 2845 2844 3849
6925 2 2 1 1 3117 3564 3566
6926 2 2 1 1 4196 3568 4197
6927 2 2 1 1 2838 3113 3856
6928 2 2 1 1 3115 3566 3568
6929 2 2 1 1 4195 3569 4196
6930 2 2 1 1 3112 3568 3569
6931 2 2 1 1 3408 3409 4195
6932 2 2 1 1 3111 3569 3571
6933 2 2 1 1 4193 3572 4194
6934 2 2 1 1 3108 3571 3572
6935 2 2 1 1 4192 3575 4193
6936 2 2 1 1 3861 3570 4010
6937 2 2 1 1 2833 2832 3864
6938 2 2 1 1 3104 3106 3574
6939 2 2 1 1 3102 3104 3576
6940 2 2 1 1 3107 3572 3575
6941 2 2 1 1 3104 3574 3576
6942 2 2 1 1 2831 2830 3866
6943 2 2 1 1 3101 3102 3577
6944 2 2 1 1 3099 3101 3579
6945 2 2 1 1 3411 3412 4192
6946 2 2 1 1 3103 3575 3578
6947 2 2 1 1 4190 3580 4191
6948 2 2 1 1 3101 3577 3579
6949 2 2 1 1 3097 3099 3581
6950 2 2 1 1 3100 3578 3580
6951 2 2 1 1 4189 3582 4190
6952 2 2 1 1 3099 3579 3581
6953 2 2 1 1 3098 3580 3582
6954 2 2 1 1 4188 3584 4189
6955 2 2 1 1 3872 3581 4002
6956 2 2 1 1 3096 3582 3584
6957 2 2 1 1 3092 3094 3585
6958 2 2 1 1 2823 2822 3875
6959 2 2 1 1 3415 3416 4188
6960 2 2 1 1 3093 3584 3586
6961 2 2 1 1 3416 3417 4187
6962 2 2 1 1 3091 3586 3588
6963 2 2 1 1 4185 3590 4186
6964 2 2 1 1 3087 3089 3589
6965 2 2 1 1 2818 2817 3881
6966 2 2 1 1 3088 3588 3590
6967 2 2 1 1 3418 3419 4185
6968 2 2 1 1 3086 3590 3591
6969 2 2 1 1 2814 2813 3886
6970 2 2 1 1 3082 3083 3593
6971 2 2 1 1 3080 3082 3595
6972 2 2 1 1 3419 3420 4184
6973 2 2 1 1 3085 3591 3594
6974 2 2 1 1 3082 3593 3595
6975 2 2 1 1 3079 3080 3596
6976 2 2 1 1 3080 3595 3596
6977 2 2 1 1 3077 3079 3598
6978 2 2 1 1 3420 3421 4183
6979 2 2 1 1 3081 3594 3597
6980 2 2 1 1 4181 3599 4182
6981 2 2 1 1 3079 3596 3598
6982 2 2 1 1 2810 2809 3890
6983 2 2 1 1 3078 3597 3599
6984 2 2 1 1 4180 3600 4181
6985 2 2 1 1 3076 3599 3600
6986 2 2 1 1 3072 3074 3602
6987 2 2 1 1 3074 3601 3602
6988 2 2 1 1 3070 3072 3604
6989 2 2 1 1 3423 3424 4180
6990 2 2 1 1 3075 3600 3603
6991 2 2 1 1 3072 3602 3604
6992 2 2 1 1 3981 3899 3982
6993 2 2 1 1 3424 3425 4179
6994 2 2 1 1 3071 3603 3605
6995 2 2 1 1 3425 3426 4178
6996 2 2 1 1 3069 3605 3606
6997 2 2 1 1 4176 3607 4177
6998 2 2 1 1 3068 3606 3607
6999 2 2 1 1 3065 2797 3903
7000 2 2 1 1 3064 3066 3609
7001 2 2 1 1 3427 3428 4176
7002 2 2 1 1 3067 3607 3610
7003 2 2 1 1 3062 3064 3611
7004 2 2 1 1 2794 2793 3908
7005 2 2 1 1 3061 3062 3612
7006 2 2 1 1 3059 3061 3614
7007 2 2 1 1 3428 3429 4175
7008 2 2 1 1 3063 3610 3613
7009 2 2 1 1 4173 3615 4174
7010 2 2 1 1 3061 3612 3614
7011 2 2 1 1 2789 3059 3912
7012 2 2 1 1 3060 3613 3615
7013 2 2 1 1 3430 3431 4173
7014 2 2 1 1 3058 3615 3616
7015 2 2 1 1 3431 3432 4172
7016 2 2 1 1 3057 3616 3617
7017 2 2 1 1 4170 3620 4171
7018 2 2 1 1 2787 2786 3915
7019 2 2 1 1 3053 3054 3619
7020 2 2 1 1 3056 3617 3620
7021 2 2 1 1 4169 3623 4170
7022 2 2 1 1 3051 3053 3621
7023 2 2 1 1 2782 2781 3921
7024 2 2 1 1 3050 3051 3622
7025 2 2 1 1 3048 3050 3624
7026 2 2 1 1 3052 3620 3623
7027 2 2 1 1 4168 3626 4169
7028 2 2 1 1 3050 3622 3624
7029 2 2 1 1 3047 3048 3625
7030 2 2 1 1 2779 2778 3924
7031 2 2 1 1 3049 3623 3626
7032 2 2 1 1 3435 3436 4168
7033 2 2 1 1 3046 3626 3627
7034 2 2 1 1 3041 3044 3630
7035 2 2 1 1 3436 3437 4167
7036 2 2 1 1 3045 3627 3629
7037 2 2 1 1 3044 3628 3630
7038 2 2 1 1 3040 3041 3631
7039 2 2 1 1 3041 3630 3631
7040 2 2 1 1 2773 2772 3931
7041 2 2 1 1 3437 3438 4166
7042 2 2 1 1 3042 3629 3632
7043 2 2 1 1 3438 3439 4165
7044 2 2 1 1 3039 3632 3633
7045 2 2 1 1 4163 3634 4164
7046 2 2 1 1 3038 3633 3634
7047 2 2 1 1 4162 3636 4163
7048 2 2 1 1 3036 2766 3938
7049 2 2 1 1 2765 2764 3940
7050 2 2 1 1 3037 3634 3636
7051 2 2 1 1 3441 3442 4162
7052 2 2 1 1 3034 3636 3637
7053 2 2 1 1 4160 3640 4161
7054 2 2 1 1 3360 3361 3947
7055 2 2 1 1 3030 3032 3639
7056 2 2 1 1 3033 3637 3640
7057 2 2 1 1 4159 3642 4160
7058 2 2 1 1 3361 3362 3641
7059 2 2 1 1 3030 3639 3641
7060 2 2 1 1 3029 3640 3642
7061 2 2 1 1 3444 3445 4159
7062 2 2 1 1 3027 3642 3643
7063 2 2 1 1 3445 3446 4158
7064 2 2 1 1 3026 3643 3644
7065 2 2 1 1 3446 3447 4157
7066 2 2 1 1 3025 3644 3645
7067 2 2 1 1 3448 3258 3646
7068 2 2 1 1 3024 3645 3646
7069 2 2 1 1 3447 3259 3647
7070 2 2 1 1 3646 3645 4156
7071 2 2 1 1 3648 4154 4155
7072 2 2 1 1 3647 3023 3648
7073 2 2 1 1 3649 4153 4154
7074 2 2 1 1 3648 3022 3649
7075 2 2 1 1 3650 4152 4153
7076 2 2 1 1 3649 3021 3650
7077 2 2 1 1 3650 3020 3651
7078 2 2 1 1 3451 3450 4152
7079 2 2 1 1 3651 3019 3652
7080 2 2 1 1 3452 3451 4151
7081 2 2 1 1 3653 4149 4150
7082 2 2 1 1 3652 3018 3653
7083 2 2 1 1 3653 3017 3654
7084 2 2 1 1 3454 3453 4149
7085 2 2 1 1 3655 4147 4148
7086 2 2 1 1 3654 3016 3655
7087 2 2 1 1 3656 4146 4147
7088 2 2 1 1 3655 3015 3656
7089 2 2 1 1 3657 4144 4146
7090 2 2 1 1 3013 3012 3658
7091 2 2 1 1 3656 3014 3657
7092 2 2 1 1 3457 3660 4145
7093 2 2 1 1 4144 3657 3658
7094 2 2 1 1 3661 4143 4145
7095 2 2 1 1 3657 3013 3658
7096 2 2 1 1 3249 3456 3659
7097 2 2 1 1 3457 3247 3660
7098 2 2 1 1 3659 4144 3660
7099 2 2 1 1 3247 3011 3660
7100 2 2 1 1 3658 3012 3661
7101 2 2 1 1 3662 4142 4143
7102 2 2 1 1 3661 3010 3662
7103 2 2 1 1 3662 3009 3663
7104 2 2 1 1 3459 3458 4142
7105 2 2 1 1 3664 4139 4141
7106 2 2 1 1 3007 3006 3665
7107 2 2 1 1 3663 3008 3664
7108 2 2 1 1 3460 3666 4140
7109 2 2 1 1 3666 3667 4139
7110 2 2 1 1 3664 3007 3665
7111 2 2 1 1 3460 3243 3666
7112 2 2 1 1 3245 3459 3667
7113 2 2 1 1 3666 3005 3667
7114 2 2 1 1 3664 3665 4139
7115 2 2 1 1 3665 3006 3668
7116 2 2 1 1 4139 3665 4140
7117 2 2 1 1 3668 3004 3669
7118 2 2 1 1 3461 3672 4137
7119 2 2 1 1 3002 3000 3673
7120 2 2 1 1 3669 3003 3670
7121 2 2 1 1 4136 3669 3670
7122 2 2 1 1 3001 3244 3671
7123 2 2 1 1 3461 3241 3672
7124 2 2 1 1 3671 4136 3672
7125 2 2 1 1 3241 3001 3672
7126 2 2 1 1 4136 3670 4137
7127 2 2 1 1 3670 3002 3673
7128 2 2 1 1 3673 3000 3674
7129 2 2 1 1 3462 3677 4134
7130 2 2 1 1 3678 4132 4134
7131 2 2 1 1 3674 2999 3675
7132 2 2 1 1 3676 4133 3677
7133 2 2 1 1 2997 3242 3676
7134 2 2 1 1 3462 3239 3677
7135 2 2 1 1 3239 2997 3677
7136 2 2 1 1 3674 3675 4133
7137 2 2 1 1 3675 2998 3678
7138 2 2 1 1 3679 4131 4132
7139 2 2 1 1 3678 2996 3679
7140 2 2 1 1 3679 2995 3680
7141 2 2 1 1 3464 3463 4131
7142 2 2 1 1 3681 4129 4130
7143 2 2 1 1 3680 2994 3681
7144 2 2 1 1 3682 4128 4129
7145 2 2 1 1 3681 2993 3682
7146 2 2 1 1 3682 2992 3683
7147 2 2 1 1 3467 3466 4128
7148 2 2 1 1 3684 4125 4127
7149 2 2 1 1 3683 2991 3684
7150 2 2 1 1 3468 3686 4126
7151 2 2 1 1 3684 2990 3685
7152 2 2 1 1 4125 3684 3685
7153 2 2 1 1 3468 3232 3686
7154 2 2 1 1 2988 3234 3687
7155 2 2 1 1 3467 4127 3687
7156 2 2 1 1 3686 2988 3687
7157 2 2 1 1 3685 2989 3688
7158 2 2 1 1 4125 3685 4126
7159 2 2 1 1 3689 4122 4124
7160 2 2 1 1 2986 2985 3690
7161 2 2 1 1 3688 2987 3689
7162 2 2 1 1 3469 3691 4123
7163 2 2 1 1 4122 3689 3690
7164 2 2 1 1 3693 4121 4123
7165 2 2 1 1 3689 2986 3690
7166 2 2 1 1 3469 3230 3691
7167 2 2 1 1 3233 3468 3692
7168 2 2 1 1 3691 2984 3692
7169 2 2 1 1 3690 2985 3693
7170 2 2 1 1 3693 2983 3694
7171 2 2 1 1 3470 3469 4121
7172 2 2 1 1 3695 4119 4120
7173 2 2 1 1 3694 2982 3695
7174 2 2 1 1 3695 2981 3696
7175 2 2 1 1 3472 3471 4119
7176 2 2 1 1 3696 2980 3697
7177 2 2 1 1 3473 3472 4118
7178 2 2 1 1 3698 4116 4117
7179 2 2 1 1 3697 2979 3698
7180 2 2 1 1 2977 2976 3700
7181 2 2 1 1 3698 2978 3699
7182 2 2 1 1 3475 3702 4115
7183 2 2 1 1 4114 3699 3700
7184 2 2 1 1 3699 2977 3700
7185 2 2 1 1 2975 3225 3701
7186 2 2 1 1 3475 3224 3702
7187 2 2 1 1 3701 4114 3702
7188 2 2 1 1 3224 2975 3702
7189 2 2 1 1 3700 2976 3703
7190 2 2 1 1 4114 3700 4115
7191 2 2 1 1 3703 2974 3704
7192 2 2 1 1 2973 2972 3705
7193 2 2 1 1 3704 2973 3705
7194 2 2 1 1 3223 3475 3706
7195 2 2 1 1 3703 3704 4113
7196 2 2 1 1 3705 3708 4111
7197 2 2 1 1 3704 3705 4112
7198 2 2 1 1 2971 3706 3707
7199 2 2 1 1 3705 2972 3708
7200 2 2 1 1 3710 3707 4111
7201 2 2 1 1 2969 2968 3709
7202 2 2 1 1 2970 3707 3710
7203 2 2 1 1 4109 3711 4110
7204 2 2 1 1 2967 3710 3711
7205 2 2 1 1 3709 3712 4109
7206 2 2 1 1 3709 2968 3712
7207 2 2 1 1 3715 2963 3714
7208 2 2 1 1 3716 4106 4108
7209 2 2 1 1 3712 2965 3713
7210 2 2 1 1 3714 4107 3715
7211 2 2 1 1 2966 3711 3714
7212 2 2 1 1 3713 4108 4107
7213 2 2 1 1 3476 3221 3715
7214 2 2 1 1 3712 3713 4107
7215 2 2 1 1 3717 4105 4106
7216 2 2 1 1 3713 2964 3716
7217 2 2 1 1 3716 2962 3717
7218 2 2 1 1 2961 2960 3718
7219 2 2 1 1 3717 2961 3718
7220 2 2 1 1 3222 3476 3719
7221 2 2 1 1 4104 3720 4105
7222 2 2 1 1 2959 3719 3720
7223 2 2 1 1 3718 3721 4104
7224 2 2 1 1 3718 2960 3721
7225 2 2 1 1 3477 3723 4103
7226 2 2 1 1 3725 4101 4103
7227 2 2 1 1 3721 2957 3722
7228 2 2 1 1 4102 3721 3722
7229 2 2 1 1 3477 3219 3723
7230 2 2 1 1 2958 3720 3724
7231 2 2 1 1 3723 2955 3724
7232 2 2 1 1 3726 4100 4101
7233 2 2 1 1 3722 2956 3725
7234 2 2 1 1 3725 2954 3726
7235 2 2 1 1 2953 2952 3727
7236 2 2 1 1 3726 2953 3727
7237 2 2 1 1 3220 3477 3728
7238 2 2 1 1 4099 3729 4100
7239 2 2 1 1 2951 3728 3729
7240 2 2 1 1 3727 3730 4099
7241 2 2 1 1 3733 3734 4097
7242 2 2 1 1 3727 2952 3730
7243 2 2 1 1 3732 2948 3731
7244 2 2 1 1 2950 3729 3731
7245 2 2 1 1 3730 3733 4098
7246 2 2 1 1 3478 3218 3732
7247 2 2 1 1 3730 2949 3733
7248 2 2 1 1 3732 3731 4098
7249 2 2 1 1 3733 2947 3734
7250 2 2 1 1 3478 3732 4097
7251 2 2 1 1 3735 4095 4096
7252 2 2 1 1 3734 2946 3735
7253 2 2 1 1 3738 3479 4095
7254 2 2 1 1 3735 2945 3736
7255 2 2 1 1 2944 2943 3737
7256 2 2 1 1 3736 2944 3737
7257 2 2 1 1 3216 3479 3738
7258 2 2 1 1 3736 3737 4094
7259 2 2 1 1 2942 3738 3739
7260 2 2 1 1 3737 3740 4093
7261 2 2 1 1 3737 2943 3740
7262 2 2 1 1 3743 2938 3742
7263 2 2 1 1 3740 2940 3741
7264 2 2 1 1 3742 4091 3743
7265 2 2 1 1 2941 3739 3742
7266 2 2 1 1 3741 3744 4092
7267 2 2 1 1 3480 3215 3743
7268 2 2 1 1 3740 3741 4091
7269 2 2 1 1 3741 2939 3744
7270 2 2 1 1 3480 3743 4092
7271 2 2 1 1 3745 4088 4090
7272 2 2 1 1 3744 2937 3745
7273 2 2 1 1 3482 3748 4089
7274 2 2 1 1 3749 4087 4089
7275 2 2 1 1 3745 2936 3746
7276 2 2 1 1 4088 3745 3746
7277 2 2 1 1 3214 3480 3747
7278 2 2 1 1 3482 3211 3748
7279 2 2 1 1 3747 4088 3748
7280 2 2 1 1 3211 2934 3748
7281 2 2 1 1 3746 2935 3749
7282 2 2 1 1 3752 3482 4087
7283 2 2 1 1 3749 2933 3750
7284 2 2 1 1 2929 2930 3753
7285 2 2 1 1 2932 2931 3751
7286 2 2 1 1 2930 3210 3752
7287 2 2 1 1 3750 3751 4086
7288 2 2 1 1 2930 3752 3753
7289 2 2 1 1 3751 3754 4085
7290 2 2 1 1 3751 2931 3754
7291 2 2 1 1 3757 2926 3756
7292 2 2 1 1 2927 2925 3758
7293 2 2 1 1 3754 2928 3755
7294 2 2 1 1 4083 3754 3755
7295 2 2 1 1 2929 3753 3756
7296 2 2 1 1 3755 4084 4083
7297 2 2 1 1 3756 4083 3757
7298 2 2 1 1 3486 3205 3757
7299 2 2 1 1 3755 2927 3758
7300 2 2 1 1 3759 4081 4082
7301 2 2 1 1 3758 2925 3759
7302 2 2 1 1 3760 4080 4081
7303 2 2 1 1 3759 2924 3760
7304 2 2 1 1 3761 4078 4080
7305 2 2 1 1 2922 2921 3762
7306 2 2 1 1 3760 2923 3761
7307 2 2 1 1 3492 3763 4079
7308 2 2 1 1 4078 3761 3762
7309 2 2 1 1 3761 2922 3762
7310 2 2 1 1 3492 3199 3763
7311 2 2 1 1 3202 3489 3764
7312 2 2 1 1 3489 4080 3764
7313 2 2 1 1 3763 2920 3764
7314 2 2 1 1 3762 2921 3765
7315 2 2 1 1 4078 3762 4079
7316 2 2 1 1 3766 4075 4077
7317 2 2 1 1 3765 2919 3766
7318 2 2 1 1 3494 3769 4076
7319 2 2 1 1 3766 2918 3767
7320 2 2 1 1 3768 4075 3769
7321 2 2 1 1 2916 3198 3768
7322 2 2 1 1 3494 3195 3769
7323 2 2 1 1 3195 2916 3769
7324 2 2 1 1 3766 3767 4075
7325 2 2 1 1 3767 2917 3770
7326 2 2 1 1 4075 3767 4076
7327 2 2 1 1 3770 2915 3771
7328 2 2 1 1 3496 3494 4074
7329 2 2 1 1 3772 4071 4073
7330 2 2 1 1 3771 2914 3772
7331 2 2 1 1 3499 3774 4072
7332 2 2 1 1 3776 4070 4072
7333 2 2 1 1 3772 2913 3773
7334 2 2 1 1 3774 3775 4071
7335 2 2 1 1 3499 3189 3774
7336 2 2 1 1 3193 3496 3775
7337 2 2 1 1 3774 2911 3775
7338 2 2 1 1 3772 3773 4071
7339 2 2 1 1 3773 2912 3776
7340 2 2 1 1 3776 2910 3777
7341 2 2 1 1 3500 3499 4070
7342 2 2 1 1 3778 4068 4069
7343 2 2 1 1 3777 2909 3778
7344 2 2 1 1 3779 4067 4068
7345 2 2 1 1 3778 2908 3779
7346 2 2 1 1 3779 2907 3780
7347 2 2 1 1 3505 3503 4067
7348 2 2 1 1 3781 4065 4066
7349 2 2 1 1 3780 2906 3781
7350 2 2 1 1 3782 4064 4065
7351 2 2 1 1 3781 2905 3782
7352 2 2 1 1 3782 2904 3783
7353 2 2 1 1 3509 3508 4064
7354 2 2 1 1 3784 4062 4063
7355 2 2 1 1 3783 2903 3784
7356 2 2 1 1 3785 4061 4062
7357 2 2 1 1 3784 2902 3785
7358 2 2 1 1 3785 2901 3786
7359 2 2 1 1 3514 3513 4061
7360 2 2 1 1 3786 2900 3787
7361 2 2 1 1 3516 3514 4060
7362 2 2 1 1 3788 4058 4059
7363 2 2 1 1 3787 2899 3788
7364 2 2 1 1 3788 2898 3789
7365 2 2 1 1 3519 3517 4058
7366 2 2 1 1 3790 4055 4057
7367 2 2 1 1 3789 2897 3790
7368 2 2 1 1 3521 3792 4056
7369 2 2 1 1 3794 4054 4056
7370 2 2 1 1 3790 2896 3791
7371 2 2 1 1 4055 3790 3791
7372 2 2 1 1 3521 3166 3792
7373 2 2 1 1 3519 4057 3793
7374 2 2 1 1 4055 3792 3793
7375 2 2 1 1 3169 3519 3793
7376 2 2 1 1 3791 2895 3794
7377 2 2 1 1 3795 4052 4054
7378 2 2 1 1 3794 2893 3795
7379 2 2 1 1 3524 3797 4053
7380 2 2 1 1 3795 2892 3796
7381 2 2 1 1 4052 3795 3796
7382 2 2 1 1 3524 3162 3797
7383 2 2 1 1 3167 3521 3798
7384 2 2 1 1 3521 4054 3798
7385 2 2 1 1 3797 2890 3798
7386 2 2 1 1 3796 2891 3799
7387 2 2 1 1 4052 3796 4053
7388 2 2 1 1 3800 4050 4051
7389 2 2 1 1 3799 2889 3800
7390 2 2 1 1 3801 4049 4050
7391 2 2 1 1 3800 2888 3801
7392 2 2 1 1 3802 4048 4049
7393 2 2 1 1 3801 2887 3802
7394 2 2 1 1 3803 4047 4048
7395 2 2 1 1 3802 2886 3803
7396 2 2 1 1 3803 2885 3804
7397 2 2 1 1 3532 3530 4047
7398 2 2 1 1 3804 2884 3805
7399 2 2 1 1 3533 3532 4046
7400 2 2 1 1 3805 2883 3806
7401 2 2 1 1 3535 3533 4045
7402 2 2 1 1 3807 4043 4044
7403 2 2 1 1 3806 2882 3807
7404 2 2 1 1 3809 4041 4042
7405 2 2 1 1 3807 2881 3808
7406 2 2 1 1 3538 3537 4043
7407 2 2 1 1 3808 2880 3809
7408 2 2 1 1 2879 2878 3810
7409 2 2 1 1 3809 2879 3810
7410 2 2 1 1 3148 3538 3811
7411 2 2 1 1 4040 3812 4041
7412 2 2 1 1 2877 3811 3812
7413 2 2 1 1 3810 3813 4040
7414 2 2 1 1 3816 3817 4038
7415 2 2 1 1 3810 2878 3813
7416 2 2 1 1 3815 3814 4039
7417 2 2 1 1 2876 3812 3814
7418 2 2 1 1 3542 3143 3815
7419 2 2 1 1 3143 2874 3815
7420 2 2 1 1 3813 2875 3816
7421 2 2 1 1 3816 2873 3817
7422 2 2 1 1 3542 3815 4038
7423 2 2 1 1 3817 2872 3818
7424 2 2 1 1 3544 3542 4037
7425 2 2 1 1 3819 4035 4036
7426 2 2 1 1 3818 2871 3819
7427 2 2 1 1 3819 2870 3820
7428 2 2 1 1 3548 3823 4034
7429 2 2 1 1 2868 2866 3824
7430 2 2 1 1 3820 2869 3821
7431 2 2 1 1 3822 4033 3823
7432 2 2 1 1 2867 3140 3822
7433 2 2 1 1 3548 3136 3823
7434 2 2 1 1 3136 2867 3823
7435 2 2 1 1 3820 3821 4033
7436 2 2 1 1 3821 2868 3824
7437 2 2 1 1 3824 2866 3825
7438 2 2 1 1 2865 2864 3826
7439 2 2 1 1 3825 2865 3826
7440 2 2 1 1 3137 3548 3827
7441 2 2 1 1 3824 3825 4032
7442 2 2 1 1 4030 3828 4031
7443 2 2 1 1 2863 3827 3828
7444 2 2 1 1 3826 3829 4030
7445 2 2 1 1 3826 2864 3829
7446 2 2 1 1 3552 3831 4029
7447 2 2 1 1 3833 4027 4029
7448 2 2 1 1 3829 2861 3830
7449 2 2 1 1 3831 3832 4028
7450 2 2 1 1 3552 3131 3831
7451 2 2 1 1 2862 3828 3832
7452 2 2 1 1 3829 3830 4028
7453 2 2 1 1 3830 2860 3833
7454 2 2 1 1 3833 2858 3834
7455 2 2 1 1 3553 3552 4027
7456 2 2 1 1 3835 4025 4026
7457 2 2 1 1 3834 2857 3835
7458 2 2 1 1 3835 2856 3836
7459 2 2 1 1 3556 3555 4025
7460 2 2 1 1 3837 4022 4024
7461 2 2 1 1 3836 2855 3837
7462 2 2 1 1 3559 3840 4023
7463 2 2 1 1 3841 4021 4023
7464 2 2 1 1 3837 2854 3838
7465 2 2 1 1 3839 4022 3840
7466 2 2 1 1 2852 3127 3839
7467 2 2 1 1 3559 3123 3840
7468 2 2 1 1 3123 2852 3840
7469 2 2 1 1 3837 3838 4022
7470 2 2 1 1 3838 2853 3841
7471 2 2 1 1 3842 4020 4021
7472 2 2 1 1 3845 3846 4019
7473 2 2 1 1 3841 2851 3842
7474 2 2 1 1 3844 3843 4020
7475 2 2 1 1 3124 3559 3843
7476 2 2 1 1 3562 3119 3844
7477 2 2 1 1 3119 2849 3844
7478 2 2 1 1 3842 3845 4020
7479 2 2 1 1 3842 2850 3845
7480 2 2 1 1 3845 2848 3846
7481 2 2 1 1 3562 3844 4019
7482 2 2 1 1 3846 2847 3847
7483 2 2 1 1 3563 3562 4018
7484 2 2 1 1 3848 4016 4017
7485 2 2 1 1 3847 2846 3848
7486 2 2 1 1 3848 2845 3849
7487 2 2 1 1 3567 3851 4015
7488 2 2 1 1 3853 4013 4015
7489 2 2 1 1 3849 2844 3850
7490 2 2 1 1 3851 3852 4014
7491 2 2 1 1 3567 3114 3851
7492 2 2 1 1 2842 3116 3852
7493 2 2 1 1 3851 2842 3852
7494 2 2 1 1 3849 3850 4014
7495 2 2 1 1 3850 2843 3853
7496 2 2 1 1 3854 4011 4013
7497 2 2 1 1 3853 2841 3854
7498 2 2 1 1 3570 3857 4012
7499 2 2 1 1 3858 4010 4012
7500 2 2 1 1 3854 2840 3855
7501 2 2 1 1 4011 3854 3855
7502 2 2 1 1 3113 3567 3856
7503 2 2 1 1 3570 3109 3857
7504 2 2 1 1 3856 4011 3857
7505 2 2 1 1 3109 2838 3857
7506 2 2 1 1 3855 2839 3858
7507 2 2 1 1 3859 4008 4010
7508 2 2 1 1 2836 2835 3860
7509 2 2 1 1 3858 2837 3859
7510 2 2 1 1 3573 3862 4009
7511 2 2 1 1 3861 4008 3862
7512 2 2 1 1 3859 2836 3860
7513 2 2 1 1 3110 3570 3861
7514 2 2 1 1 3573 3105 3862
7515 2 2 1 1 3105 2834 3862
7516 2 2 1 1 3859 3860 4008
7517 2 2 1 1 3860 2835 3863
7518 2 2 1 1 4008 3860 4009
7519 2 2 1 1 3864 4006 4007
7520 2 2 1 1 3863 2833 3864
7521 2 2 1 1 3865 4005 4006
7522 2 2 1 1 3864 2832 3865
7523 2 2 1 1 3866 4004 4005
7524 2 2 1 1 3865 2831 3866
7525 2 2 1 1 3866 2830 3867
7526 2 2 1 1 3579 3577 4004
7527 2 2 1 1 3868 4002 4003
7528 2 2 1 1 3867 2829 3868
7529 2 2 1 1 3869 4000 4002
7530 2 2 1 1 2827 2826 3870
7531 2 2 1 1 3868 2828 3869
7532 2 2 1 1 3583 3871 4001
7533 2 2 1 1 3871 3872 4000
7534 2 2 1 1 3869 2827 3870
7535 2 2 1 1 3583 3095 3871
7536 2 2 1 1 3097 3581 3872
7537 2 2 1 1 3871 2825 3872
7538 2 2 1 1 3869 3870 4000
7539 2 2 1 1 3870 2826 3873
7540 2 2 1 1 4000 3870 4001
7541 2 2 1 1 3873 2824 3874
7542 2 2 1 1 3585 3583 3999
7543 2 2 1 1 3874 2823 3875
7544 2 2 1 1 3878 2820 3877
7545 2 2 1 1 3879 3995 3997
7546 2 2 1 1 3875 2822 3876
7547 2 2 1 1 3877 3996 3878
7548 2 2 1 1 2820 3092 3877
7549 2 2 1 1 3874 3875 3998
7550 2 2 1 1 3876 3997 3996
7551 2 2 1 1 3587 3090 3878
7552 2 2 1 1 3875 3876 3996
7553 2 2 1 1 3876 2821 3879
7554 2 2 1 1 3880 3994 3995
7555 2 2 1 1 3879 2819 3880
7556 2 2 1 1 2817 2816 3882
7557 2 2 1 1 3880 2818 3881
7558 2 2 1 1 3592 3884 3993
7559 2 2 1 1 3883 3992 3884
7560 2 2 1 1 3881 2817 3882
7561 2 2 1 1 2815 3087 3883
7562 2 2 1 1 3592 3084 3884
7563 2 2 1 1 3084 2815 3884
7564 2 2 1 1 3881 3882 3992
7565 2 2 1 1 3882 2816 3885
7566 2 2 1 1 3992 3882 3993
7567 2 2 1 1 3885 2814 3886
7568 2 2 1 1 3593 3592 3991
7569 2 2 1 1 3886 2813 3887
7570 2 2 1 1 3595 3593 3990
7571 2 2 1 1 3888 3988 3989
7572 2 2 1 1 3887 2812 3888
7573 2 2 1 1 3889 3987 3988
7574 2 2 1 1 3888 2811 3889
7575 2 2 1 1 3889 2810 3890
7576 2 2 1 1 3601 3892 3986
7577 2 2 1 1 3890 2809 3891
7578 2 2 1 1 3892 3893 3985
7579 2 2 1 1 3601 3073 3892
7580 2 2 1 1 2807 3077 3893
7581 2 2 1 1 3892 2807 3893
7582 2 2 1 1 3890 3891 3985
7583 2 2 1 1 3889 3890 3987
7584 2 2 1 1 3891 2808 3894
7585 2 2 1 1 3985 3891 3986
7586 2 2 1 1 3895 3983 3984
7587 2 2 1 1 3894 2806 3895
7588 2 2 1 1 3896 3982 3983
7589 2 2 1 1 3897 3981 3982
7590 2 2 1 1 3895 2805 3896
7591 2 2 1 1 3896 2804 3897
7592 2 2 1 1 2803 2802 3898
7593 2 2 1 1 3897 2803 3898
7594 2 2 1 1 3070 3604 3899
7595 2 2 1 1 3897 3898 3981
7596 2 2 1 1 2801 3899 3900
7597 2 2 1 1 3898 3901 3980
7598 2 2 1 1 3898 2802 3901
7599 2 2 1 1 3608 3903 3979
7600 2 2 1 1 3905 3977 3979
7601 2 2 1 1 3901 2799 3902
7602 2 2 1 1 3978 3901 3902
7603 2 2 1 1 3608 3065 3903
7604 2 2 1 1 3900 3980 3904
7605 2 2 1 1 3978 3903 3904
7606 2 2 1 1 2800 3900 3904
7607 2 2 1 1 3902 2798 3905
7608 2 2 1 1 3905 2796 3906
7609 2 2 1 1 3609 3608 3977
7610 2 2 1 1 3907 3975 3976
7611 2 2 1 1 3906 2795 3907
7612 2 2 1 1 3908 3974 3975
7613 2 2 1 1 3907 2794 3908
7614 2 2 1 1 3910 3972 3973
7615 2 2 1 1 3908 2793 3909
7616 2 2 1 1 3614 3612 3974
7617 2 2 1 1 3909 2792 3910
7618 2 2 1 1 2788 2789 3913
7619 2 2 1 1 2791 2790 3911
7620 2 2 1 1 3059 3614 3912
7621 2 2 1 1 3971 3913 3972
7622 2 2 1 1 2789 3912 3913
7623 2 2 1 1 3911 3914 3971
7624 2 2 1 1 3911 2790 3914
7625 2 2 1 1 3618 3916 3970
7626 2 2 1 1 3914 2787 3915
7627 2 2 1 1 3916 3917 3969
7628 2 2 1 1 3618 3055 3916
7629 2 2 1 1 2788 3913 3917
7630 2 2 1 1 3916 2785 3917
7631 2 2 1 1 3914 3915 3969
7632 2 2 1 1 3915 2786 3918
7633 2 2 1 1 3969 3915 3970
7634 2 2 1 1 3919 3967 3968
7635 2 2 1 1 3918 2784 3919
7636 2 2 1 1 3919 2783 3920
7637 2 2 1 1 3621 3619 3967
7638 2 2 1 1 3920 2782 3921
7639 2 2 1 1 3622 3621 3966
7640 2 2 1 1 3922 3964 3965
7641 2 2 1 1 3921 2781 3922
7642 2 2 1 1 3922 2780 3923
7643 2 2 1 1 3625 3624 3964
7644 2 2 1 1 3923 2779 3924
7645 2 2 1 1 3628 3926 3962
7646 2 2 1 1 3928 3960 3962
7647 2 2 1 1 3924 2778 3925
7648 2 2 1 1 3926 3927 3961
7649 2 2 1 1 3628 3043 3926
7650 2 2 1 1 2776 3047 3927
7651 2 2 1 1 3923 3924 3963
7652 2 2 1 1 3924 3925 3961
7653 2 2 1 1 3925 2777 3928
7654 2 2 1 1 3929 3959 3960
7655 2 2 1 1 3928 2775 3929
7656 2 2 1 1 3929 2774 3930
7657 2 2 1 1 3631 3630 3959
7658 2 2 1 1 3930 2773 3931
7659 2 2 1 1 2769 2770 3934
7660 2 2 1 1 2772 2771 3932
7661 2 2 1 1 2770 3040 3933
7662 2 2 1 1 3930 3931 3958
7663 2 2 1 1 3931 3932 3957
7664 2 2 1 1 2770 3933 3934
7665 2 2 1 1 3932 3935 3956
7666 2 2 1 1 3932 2771 3935
7667 2 2 1 1 3938 2766 3937
7668 2 2 1 1 3935 2768 3936
7669 2 2 1 1 3937 3954 3938
7670 2 2 1 1 2769 3934 3937
7671 2 2 1 1 3936 3939 3955
7672 2 2 1 1 3635 3036 3938
7673 2 2 1 1 3935 3936 3954
7674 2 2 1 1 3936 2767 3939
7675 2 2 1 1 3635 3938 3955
7676 2 2 1 1 3939 2765 3940
7677 2 2 1 1 3638 3942 3952
7678 2 2 1 1 3940 2764 3941
7679 2 2 1 1 3942 3943 3951
7680 2 2 1 1 3638 3031 3942
7681 2 2 1 1 2762 3035 3943
7682 2 2 1 1 3942 2762 3943
7683 2 2 1 1 3940 3941 3951
7684 2 2 1 1 3939 3940 3953
7685 2 2 1 1 3941 2763 3944
7686 2 2 1 1 3951 3941 3952
7687 2 2 1 1 3944 2761 3945
7688 2 2 1 1 3639 3638 3950
7689 2 2 1 1 3359 3360 3946
7690 2 2 1 1 3945 2760 3946
7691 2 2 1 1 3360 3947 3946
7692 2 2 1 1 3361 3641 3947
7693 2 2 1 1 3641 3639 3949
7694 2 2 1 1 3481 3364 3948
7695 2 2 1 1 3483 3481 4238
7696 2 2 1 1 3947 3641 3949
7697 2 2 1 1 3946 3947 3949
7698 2 2 1 1 3944 3945 3950
7699 2 2 1 1 3949 3639 3950
7700 2 2 1 1 3945 3949 3950
7701 2 2 1 1 3941 3944 3952
7702 2 2 1 1 3950 3638 3952
7703 2 2 1 1 3943 3635 3953
7704 2 2 1 1 3944 3950 3952
7705 2 2 1 1 3942 3951 3952
7706 2 2 1 1 3951 3943 3953
7707 2 2 1 1 3940 3951 3953
7708 2 2 1 1 3954 3936 3955
7709 2 2 1 1 3953 3635 3955
7710 2 2 1 1 3939 3953 3955
7711 2 2 1 1 3938 3954 3955
7712 2 2 1 1 3954 3937 3956
7713 2 2 1 1 3935 3954 3956
7714 2 2 1 1 3934 3933 3957
7715 2 2 1 1 3956 3934 3957
7716 2 2 1 1 3932 3956 3957
7717 2 2 1 1 3933 3631 3958
7718 2 2 1 1 3957 3933 3958
7719 2 2 1 1 3931 3957 3958
7720 2 2 1 1 3929 3930 3959
7721 2 2 1 1 3958 3631 3959
7722 2 2 1 1 3930 3958 3959
7723 2 2 1 1 3630 3628 3960
7724 2 2 1 1 3959 3630 3960
7725 2 2 1 1 3928 3929 3960
7726 2 2 1 1 3961 3925 3962
7727 2 2 1 1 3960 3628 3962
7728 2 2 1 1 3927 3625 3963
7729 2 2 1 1 3925 3928 3962
7730 2 2 1 1 3926 3961 3962
7731 2 2 1 1 3961 3927 3963
7732 2 2 1 1 3924 3961 3963
7733 2 2 1 1 3922 3923 3964
7734 2 2 1 1 3963 3625 3964
7735 2 2 1 1 3923 3963 3964
7736 2 2 1 1 3624 3622 3965
7737 2 2 1 1 3964 3624 3965
7738 2 2 1 1 3921 3922 3965
7739 2 2 1 1 3920 3921 3966
7740 2 2 1 1 3965 3622 3966
7741 2 2 1 1 3921 3965 3966
7742 2 2 1 1 3919 3920 3967
7743 2 2 1 1 3966 3621 3967
7744 2 2 1 1 3920 3966 3967
7745 2 2 1 1 3619 3618 3968
7746 2 2 1 1 3967 3619 3968
7747 2 2 1 1 3918 3919 3968
7748 2 2 1 1 3915 3918 3970
7749 2 2 1 1 3968 3618 3970
7750 2 2 1 1 3917 3913 3971
7751 2 2 1 1 3918 3968 3970
7752 2 2 1 1 3916 3969 3970
7753 2 2 1 1 3969 3917 3971
7754 2 2 1 1 3914 3969 3971
7755 2 2 1 1 3910 3911 3972
7756 2 2 1 1 3913 3912 3972
7757 2 2 1 1 3911 3971 3972
7758 2 2 1 1 3912 3614 3973
7759 2 2 1 1 3972 3912 3973
7760 2 2 1 1 3909 3910 3973
7761 2 2 1 1 3908 3909 3974
7762 2 2 1 1 3973 3614 3974
7763 2 2 1 1 3909 3973 3974
7764 2 2 1 1 3612 3611 3975
7765 2 2 1 1 3974 3612 3975
7766 2 2 1 1 3907 3908 3975
7767 2 2 1 1 3611 3609 3976
7768 2 2 1 1 3975 3611 3976
7769 2 2 1 1 3906 3907 3976
7770 2 2 1 1 3905 3906 3977
7771 2 2 1 1 3976 3609 3977
7772 2 2 1 1 3906 3976 3977
7773 2 2 1 1 3978 3902 3979
7774 2 2 1 1 3977 3608 3979
7775 2 2 1 1 3902 3905 3979
7776 2 2 1 1 3903 3978 3979
7777 2 2 1 1 3978 3904 3980
7778 2 2 1 1 3901 3978 3980
7779 2 2 1 1 3900 3899 3981
7780 2 2 1 1 3980 3900 3981
7781 2 2 1 1 3898 3980 3981
7782 2 2 1 1 3899 3604 3982
7783 2 2 1 1 3896 3897 3982
7784 2 2 1 1 3604 3602 3983
7785 2 2 1 1 3982 3604 3983
7786 2 2 1 1 3895 3896 3983
7787 2 2 1 1 3602 3601 3984
7788 2 2 1 1 3983 3602 3984
7789 2 2 1 1 3894 3895 3984
7790 2 2 1 1 3891 3894 3986
7791 2 2 1 1 3984 3601 3986
7792 2 2 1 1 3893 3598 3987
7793 2 2 1 1 3894 3984 3986
7794 2 2 1 1 3892 3985 3986
7795 2 2 1 1 3985 3893 3987
7796 2 2 1 1 3890 3985 3987
7797 2 2 1 1 3598 3596 3988
7798 2 2 1 1 3987 3598 3988
7799 2 2 1 1 3888 3889 3988
7800 2 2 1 1 3596 3595 3989
7801 2 2 1 1 3988 3596 3989
7802 2 2 1 1 3887 3888 3989
7803 2 2 1 1 3886 3887 3990
7804 2 2 1 1 3989 3595 3990
7805 2 2 1 1 3887 3989 3990
7806 2 2 1 1 3885 3886 3991
7807 2 2 1 1 3990 3593 3991
7808 2 2 1 1 3886 3990 3991
7809 2 2 1 1 3882 3885 3993
7810 2 2 1 1 3880 3881 3994
7811 2 2 1 1 3991 3592 3993
7812 2 2 1 1 3885 3991 3993
7813 2 2 1 1 3884 3992 3993
7814 2 2 1 1 3992 3883 3994
7815 2 2 1 1 3881 3992 3994
7816 2 2 1 1 3589 3587 3995
7817 2 2 1 1 3994 3589 3995
7818 2 2 1 1 3879 3880 3995
7819 2 2 1 1 3587 3878 3997
7820 2 2 1 1 3877 3585 3998
7821 2 2 1 1 3995 3587 3997
7822 2 2 1 1 3876 3879 3997
7823 2 2 1 1 3878 3996 3997
7824 2 2 1 1 3996 3877 3998
7825 2 2 1 1 3875 3996 3998
7826 2 2 1 1 3873 3874 3999
7827 2 2 1 1 3998 3585 3999
7828 2 2 1 1 3874 3998 3999
7829 2 2 1 1 3870 3873 4001
7830 2 2 1 1 3999 3583 4001
7831 2 2 1 1 3873 3999 4001
7832 2 2 1 1 3871 4000 4001
7833 2 2 1 1 4000 3872 4002
7834 2 2 1 1 3868 3869 4002
7835 2 2 1 1 3581 3579 4003
7836 2 2 1 1 4002 3581 4003
7837 2 2 1 1 3867 3868 4003
7838 2 2 1 1 3866 3867 4004
7839 2 2 1 1 4003 3579 4004
7840 2 2 1 1 3867 4003 4004
7841 2 2 1 1 3577 3576 4005
7842 2 2 1 1 4004 3577 4005
7843 2 2 1 1 3865 3866 4005
7844 2 2 1 1 3576 3574 4006
7845 2 2 1 1 4005 3576 4006
7846 2 2 1 1 3864 3865 4006
7847 2 2 1 1 3574 3573 4007
7848 2 2 1 1 4006 3574 4007
7849 2 2 1 1 3863 3864 4007
7850 2 2 1 1 3860 3863 4009
7851 2 2 1 1 4007 3573 4009
7852 2 2 1 1 3863 4007 4009
7853 2 2 1 1 3862 4008 4009
7854 2 2 1 1 4008 3861 4010
7855 2 2 1 1 3858 3859 4010
7856 2 2 1 1 4011 3855 4012
7857 2 2 1 1 4010 3570 4012
7858 2 2 1 1 3856 3567 4013
7859 2 2 1 1 3855 3858 4012
7860 2 2 1 1 3857 4011 4012
7861 2 2 1 1 4011 3856 4013
7862 2 2 1 1 3853 3854 4013
7863 2 2 1 1 4014 3850 4015
7864 2 2 1 1 4013 3567 4015
7865 2 2 1 1 3848 3849 4016
7866 2 2 1 1 3850 3853 4015
7867 2 2 1 1 3851 4014 4015
7868 2 2 1 1 4014 3852 4016
7869 2 2 1 1 3849 4014 4016
7870 2 2 1 1 3565 3563 4017
7871 2 2 1 1 4016 3565 4017
7872 2 2 1 1 3847 3848 4017
7873 2 2 1 1 3846 3847 4018
7874 2 2 1 1 4017 3563 4018
7875 2 2 1 1 3847 4017 4018
7876 2 2 1 1 4018 3562 4019
7877 2 2 1 1 3846 4018 4019
7878 2 2 1 1 4019 3844 4020
7879 2 2 1 1 3845 4019 4020
7880 2 2 1 1 3843 3559 4021
7881 2 2 1 1 4020 3843 4021
7882 2 2 1 1 3841 3842 4021
7883 2 2 1 1 4022 3838 4023
7884 2 2 1 1 4021 3559 4023
7885 2 2 1 1 3838 3841 4023
7886 2 2 1 1 3840 4022 4023
7887 2 2 1 1 4022 3839 4024
7888 2 2 1 1 3836 3837 4024
7889 2 2 1 1 3835 3836 4025
7890 2 2 1 1 4024 3556 4025
7891 2 2 1 1 3836 4024 4025
7892 2 2 1 1 3555 3553 4026
7893 2 2 1 1 4025 3555 4026
7894 2 2 1 1 3834 3835 4026
7895 2 2 1 1 3833 3834 4027
7896 2 2 1 1 4026 3553 4027
7897 2 2 1 1 3834 4026 4027
7898 2 2 1 1 4028 3830 4029
7899 2 2 1 1 4027 3552 4029
7900 2 2 1 1 3832 3828 4030
7901 2 2 1 1 3830 3833 4029
7902 2 2 1 1 3831 4028 4029
7903 2 2 1 1 4028 3832 4030
7904 2 2 1 1 3829 4028 4030
7905 2 2 1 1 3825 3826 4031
7906 2 2 1 1 3828 3827 4031
7907 2 2 1 1 3826 4030 4031
7908 2 2 1 1 3827 3548 4032
7909 2 2 1 1 4031 3827 4032
7910 2 2 1 1 3825 4031 4032
7911 2 2 1 1 4033 3821 4034
7912 2 2 1 1 3819 3820 4035
7913 2 2 1 1 4032 3548 4034
7914 2 2 1 1 3821 3824 4034
7915 2 2 1 1 3823 4033 4034
7916 2 2 1 1 4033 3822 4035
7917 2 2 1 1 3820 4033 4035
7918 2 2 1 1 3545 3544 4036
7919 2 2 1 1 4035 3545 4036
7920 2 2 1 1 3818 3819 4036
7921 2 2 1 1 3817 3818 4037
7922 2 2 1 1 4036 3544 4037
7923 2 2 1 1 3818 4036 4037
7924 2 2 1 1 4037 3542 4038
7925 2 2 1 1 3817 4037 4038
7926 2 2 1 1 3813 3816 4039
7927 2 2 1 1 4038 3815 4039
7928 2 2 1 1 3816 4038 4039
7929 2 2 1 1 4039 3814 4040
7930 2 2 1 1 3813 4039 4040
7931 2 2 1 1 3809 3810 4041
7932 2 2 1 1 3812 3811 4041
7933 2 2 1 1 3810 4040 4041
7934 2 2 1 1 3811 3538 4042
7935 2 2 1 1 4041 3811 4042
7936 2 2 1 1 3808 3809 4042
7937 2 2 1 1 3807 3808 4043
7938 2 2 1 1 4042 3538 4043
7939 2 2 1 1 3808 4042 4043
7940 2 2 1 1 3537 3535 4044
7941 2 2 1 1 4043 3537 4044
7942 2 2 1 1 3806 3807 4044
7943 2 2 1 1 3805 3806 4045
7944 2 2 1 1 4044 3535 4045
7945 2 2 1 1 3806 4044 4045
7946 2 2 1 1 3804 3805 4046
7947 2 2 1 1 4045 3533 4046
7948 2 2 1 1 3805 4045 4046
7949 2 2 1 1 3803 3804 4047
7950 2 2 1 1 4046 3532 4047
7951 2 2 1 1 3804 4046 4047
7952 2 2 1 1 3530 3529 4048
7953 2 2 1 1 4047 3530 4048
7954 2 2 1 1 3802 3803 4048
7955 2 2 1 1 3529 3527 4049
7956 2 2 1 1 4048 3529 4049
7957 2 2 1 1 3801 3802 4049
7958 2 2 1 1 3527 3526 4050
7959 2 2 1 1 4049 3527 4050
7960 2 2 1 1 3800 3801 4050
7961 2 2 1 1 3526 3524 4051
7962 2 2 1 1 4050 3526 4051
7963 2 2 1 1 3799 3800 4051
7964 2 2 1 1 3796 3799 4053
7965 2 2 1 1 4051 3524 4053
7966 2 2 1 1 3799 4051 4053
7967 2 2 1 1 3797 4052 4053
7968 2 2 1 1 4052 3798 4054
7969 2 2 1 1 3794 3795 4054
7970 2 2 1 1 4055 3791 4056
7971 2 2 1 1 4054 3521 4056
7972 2 2 1 1 3791 3794 4056
7973 2 2 1 1 3792 4055 4056
7974 2 2 1 1 4055 3793 4057
7975 2 2 1 1 3789 3790 4057
7976 2 2 1 1 3788 3789 4058
7977 2 2 1 1 4057 3519 4058
7978 2 2 1 1 3789 4057 4058
7979 2 2 1 1 3517 3516 4059
7980 2 2 1 1 4058 3517 4059
7981 2 2 1 1 3787 3788 4059
7982 2 2 1 1 3786 3787 4060
7983 2 2 1 1 4059 3516 4060
7984 2 2 1 1 3787 4059 4060
7985 2 2 1 1 3785 3786 4061
7986 2 2 1 1 4060 3514 4061
7987 2 2 1 1 3786 4060 4061
7988 2 2 1 1 3513 3511 4062
7989 2 2 1 1 4061 3513 4062
7990 2 2 1 1 3784 3785 4062
7991 2 2 1 1 3511 3509 4063
7992 2 2 1 1 4062 3511 4063
7993 2 2 1 1 3783 3784 4063
7994 2 2 1 1 3782 3783 4064
7995 2 2 1 1 4063 3509 4064
7996 2 2 1 1 3783 4063 4064
7997 2 2 1 1 3508 3506 4065
7998 2 2 1 1 4064 3508 4065
7999 2 2 1 1 3781 3782 4065
8000 2 2 1 1 3506 3505 4066
8001 2 2 1 1 4065 3506 4066
8002 2 2 1 1 3780 3781 4066
8003 2 2 1 1 3779 3780 4067
8004 2 2 1 1 4066 3505 4067
8005 2 2 1 1 3780 4066 4067
8006 2 2 1 1 3503 3502 4068
8007 2 2 1 1 4067 3503 4068
8008 2 2 1 1 3778 3779 4068
8009 2 2 1 1 3502 3500 4069
8010 2 2 1 1 4068 3502 4069
8011 2 2 1 1 3777 3778 4069
8012 2 2 1 1 3776 3777 4070
8013 2 2 1 1 4069 3500 4070
8014 2 2 1 1 3777 4069 4070
8015 2 2 1 1 4071 3773 4072
8016 2 2 1 1 4070 3499 4072
8017 2 2 1 1 3775 3496 4073
8018 2 2 1 1 3773 3776 4072
8019 2 2 1 1 3774 4071 4072
8020 2 2 1 1 4071 3775 4073
8021 2 2 1 1 3771 3772 4073
8022 2 2 1 1 3770 3771 4074
8023 2 2 1 1 4073 3496 4074
8024 2 2 1 1 3771 4073 4074
8025 2 2 1 1 3767 3770 4076
8026 2 2 1 1 4074 3494 4076
8027 2 2 1 1 3770 4074 4076
8028 2 2 1 1 3769 4075 4076
8029 2 2 1 1 4075 3768 4077
8030 2 2 1 1 3765 3766 4077
8031 2 2 1 1 3762 3765 4079
8032 2 2 1 1 4077 3492 4079
8033 2 2 1 1 3765 4077 4079
8034 2 2 1 1 3763 4078 4079
8035 2 2 1 1 4078 3764 4080
8036 2 2 1 1 3760 3761 4080
8037 2 2 1 1 3489 3487 4081
8038 2 2 1 1 4080 3489 4081
8039 2 2 1 1 3759 3760 4081
8040 2 2 1 1 3487 3486 4082
8041 2 2 1 1 4081 3487 4082
8042 2 2 1 1 3758 3759 4082
8043 2 2 1 1 3486 3757 4084
8044 2 2 1 1 4082 3486 4084
8045 2 2 1 1 3755 3758 4084
8046 2 2 1 1 3757 4083 4084
8047 2 2 1 1 4083 3756 4085
8048 2 2 1 1 3754 4083 4085
8049 2 2 1 1 3753 3752 4086
8050 2 2 1 1 4085 3753 4086
8051 2 2 1 1 3751 4085 4086
8052 2 2 1 1 3749 3750 4087
8053 2 2 1 1 4086 3752 4087
8054 2 2 1 1 3750 4086 4087
8055 2 2 1 1 4088 3746 4089
8056 2 2 1 1 4087 3482 4089
8057 2 2 1 1 3746 3749 4089
8058 2 2 1 1 3748 4088 4089
8059 2 2 1 1 4088 3747 4090
8060 2 2 1 1 3744 3745 4090
8061 2 2 1 1 4091 3741 4092
8062 2 2 1 1 4090 3480 4092
8063 2 2 1 1 3744 4090 4092
8064 2 2 1 1 3743 4091 4092
8065 2 2 1 1 4091 3742 4093
8066 2 2 1 1 3740 4091 4093
8067 2 2 1 1 3739 3738 4094
8068 2 2 1 1 4093 3739 4094
8069 2 2 1 1 3737 4093 4094
8070 2 2 1 1 3735 3736 4095
8071 2 2 1 1 4094 3738 4095
8072 2 2 1 1 3736 4094 4095
8073 2 2 1 1 3479 3478 4096
8074 2 2 1 1 4095 3479 4096
8075 2 2 1 1 3734 3735 4096
8076 2 2 1 1 4096 3478 4097
8077 2 2 1 1 3734 4096 4097
8078 2 2 1 1 4097 3732 4098
8079 2 2 1 1 3733 4097 4098
8080 2 2 1 1 3731 3729 4099
8081 2 2 1 1 4098 3731 4099
8082 2 2 1 1 3730 4098 4099
8083 2 2 1 1 3726 3727 4100
8084 2 2 1 1 3729 3728 4100
8085 2 2 1 1 3727 4099 4100
8086 2 2 1 1 3728 3477 4101
8087 2 2 1 1 3725 3726 4101
8088 2 2 1 1 4102 3722 4103
8089 2 2 1 1 3724 3720 4104
8090 2 2 1 1 4101 3477 4103
8091 2 2 1 1 3722 3725 4103
8092 2 2 1 1 3723 4102 4103
8093 2 2 1 1 4102 3724 4104
8094 2 2 1 1 3721 4102 4104
8095 2 2 1 1 3717 3718 4105
8096 2 2 1 1 3720 3719 4105
8097 2 2 1 1 3718 4104 4105
8098 2 2 1 1 3719 3476 4106
8099 2 2 1 1 3716 3717 4106
8100 2 2 1 1 3476 3715 4108
8101 2 2 1 1 3714 3711 4109
8102 2 2 1 1 4106 3476 4108
8103 2 2 1 1 3713 3716 4108
8104 2 2 1 1 3715 4107 4108
8105 2 2 1 1 4107 3714 4109
8106 2 2 1 1 3712 4107 4109
8107 2 2 1 1 3708 3709 4110
8108 2 2 1 1 3711 3710 4110
8109 2 2 1 1 3709 4109 4110
8110 2 2 1 1 4110 3710 4111
8111 2 2 1 1 3708 4110 4111
8112 2 2 1 1 3707 3706 4112
8113 2 2 1 1 4111 3707 4112
8114 2 2 1 1 3705 4111 4112
8115 2 2 1 1 3706 3475 4113
8116 2 2 1 1 4112 3706 4113
8117 2 2 1 1 3704 4112 4113
8118 2 2 1 1 3700 3703 4115
8119 2 2 1 1 4113 3475 4115
8120 2 2 1 1 3698 3699 4116
8121 2 2 1 1 3703 4113 4115
8122 2 2 1 1 3702 4114 4115
8123 2 2 1 1 4114 3701 4116
8124 2 2 1 1 3699 4114 4116
8125 2 2 1 1 3474 3473 4117
8126 2 2 1 1 4116 3474 4117
8127 2 2 1 1 3697 3698 4117
8128 2 2 1 1 3696 3697 4118
8129 2 2 1 1 4117 3473 4118
8130 2 2 1 1 3697 4117 4118
8131 2 2 1 1 3695 3696 4119
8132 2 2 1 1 4118 3472 4119
8133 2 2 1 1 3696 4118 4119
8134 2 2 1 1 3471 3470 4120
8135 2 2 1 1 4119 3471 4120
8136 2 2 1 1 3694 3695 4120
8137 2 2 1 1 3693 3694 4121
8138 2 2 1 1 4120 3470 4121
8139 2 2 1 1 3694 4120 4121
8140 2 2 1 1 4122 3690 4123
8141 2 2 1 1 3692 3468 4124
8142 2 2 1 1 4121 3469 4123
8143 2 2 1 1 3690 3693 4123
8144 2 2 1 1 3691 4122 4123
8145 2 2 1 1 4122 3692 4124
8146 2 2 1 1 3688 3689 4124
8147 2 2 1 1 3685 3688 4126
8148 2 2 1 1 4124 3468 4126
8149 2 2 1 1 3688 4124 4126
8150 2 2 1 1 3686 4125 4126
8151 2 2 1 1 4125 3687 4127
8152 2 2 1 1 3683 3684 4127
8153 2 2 1 1 3682 3683 4128
8154 2 2 1 1 4127 3467 4128
8155 2 2 1 1 3683 4127 4128
8156 2 2 1 1 3466 3465 4129
8157 2 2 1 1 4128 3466 4129
8158 2 2 1 1 3681 3682 4129
8159 2 2 1 1 3465 3464 4130
8160 2 2 1 1 4129 3465 4130
8161 2 2 1 1 3680 3681 4130
8162 2 2 1 1 3679 3680 4131
8163 2 2 1 1 4130 3464 4131
8164 2 2 1 1 3680 4130 4131
8165 2 2 1 1 3463 3462 4132
8166 2 2 1 1 4131 3463 4132
8167 2 2 1 1 3678 3679 4132
8168 2 2 1 1 4133 3675 4134
8169 2 2 1 1 3673 3674 4135
8170 2 2 1 1 4132 3462 4134
8171 2 2 1 1 3675 3678 4134
8172 2 2 1 1 3677 4133 4134
8173 2 2 1 1 4133 3676 4135
8174 2 2 1 1 3674 4133 4135
8175 2 2 1 1 3670 3673 4137
8176 2 2 1 1 4135 3461 4137
8177 2 2 1 1 3668 3669 4138
8178 2 2 1 1 3673 4135 4137
8179 2 2 1 1 3672 4136 4137
8180 2 2 1 1 4136 3671 4138
8181 2 2 1 1 3669 4136 4138
8182 2 2 1 1 3665 3668 4140
8183 2 2 1 1 4138 3460 4140
8184 2 2 1 1 3667 3459 4141
8185 2 2 1 1 3668 4138 4140
8186 2 2 1 1 3666 4139 4140
8187 2 2 1 1 4139 3667 4141
8188 2 2 1 1 3663 3664 4141
8189 2 2 1 1 3662 3663 4142
8190 2 2 1 1 4141 3459 4142
8191 2 2 1 1 3663 4141 4142
8192 2 2 1 1 3458 3457 4143
8193 2 2 1 1 4142 3458 4143
8194 2 2 1 1 3661 3662 4143
8195 2 2 1 1 4144 3658 4145
8196 2 2 1 1 4143 3457 4145
8197 2 2 1 1 3658 3661 4145
8198 2 2 1 1 3660 4144 4145
8199 2 2 1 1 4144 3659 4146
8200 2 2 1 1 3656 3657 4146
8201 2 2 1 1 3456 3455 4147
8202 2 2 1 1 4146 3456 4147
8203 2 2 1 1 3655 3656 4147
8204 2 2 1 1 3455 3454 4148
8205 2 2 1 1 4147 3455 4148
8206 2 2 1 1 3654 3655 4148
8207 2 2 1 1 3653 3654 4149
8208 2 2 1 1 4148 3454 4149
8209 2 2 1 1 3654 4148 4149
8210 2 2 1 1 3453 3452 4150
8211 2 2 1 1 4149 3453 4150
8212 2 2 1 1 3652 3653 4150
8213 2 2 1 1 3651 3652 4151
8214 2 2 1 1 4150 3452 4151
8215 2 2 1 1 3652 4150 4151
8216 2 2 1 1 3650 3651 4152
8217 2 2 1 1 4151 3451 4152
8218 2 2 1 1 3651 4151 4152
8219 2 2 1 1 3450 3449 4153
8220 2 2 1 1 4152 3450 4153
8221 2 2 1 1 3649 3650 4153
8222 2 2 1 1 3449 3448 4154
8223 2 2 1 1 4153 3449 4154
8224 2 2 1 1 3648 3649 4154
8225 2 2 1 1 3448 3646 4155
8226 2 2 1 1 3647 3648 4155
8227 2 2 1 1 4154 3448 4155
8228 2 2 1 1 3447 3647 4156
8229 2 2 1 1 4155 3646 4156
8230 2 2 1 1 3647 4155 4156
8231 2 2 1 1 3645 3644 4157
8232 2 2 1 1 4156 3645 4157
8233 2 2 1 1 3447 4156 4157
8234 2 2 1 1 3644 3643 4158
8235 2 2 1 1 4157 3644 4158
8236 2 2 1 1 3446 4157 4158
8237 2 2 1 1 3643 3642 4159
8238 2 2 1 1 4158 3643 4159
8239 2 2 1 1 3445 4158 4159
8240 2 2 1 1 3443 3444 4160
8241 2 2 1 1 3642 3640 4160
8242 2 2 1 1 3444 4159 4160
8243 2 2 1 1 3442 3443 4161
8244 2 2 1 1 3640 3637 4161
8245 2 2 1 1 3443 4160 4161
8246 2 2 1 1 3637 3636 4162
8247 2 2 1 1 4161 3637 4162
8248 2 2 1 1 3442 4161 4162
8249 2 2 1 1 3440 3441 4163
8250 2 2 1 1 3636 3634 4163
8251 2 2 1 1 3441 4162 4163
8252 2 2 1 1 3439 3440 4164
8253 2 2 1 1 3634 3633 4164
8254 2 2 1 1 3440 4163 4164
8255 2 2 1 1 3633 3632 4165
8256 2 2 1 1 4164 3633 4165
8257 2 2 1 1 3439 4164 4165
8258 2 2 1 1 3632 3629 4166
8259 2 2 1 1 4165 3632 4166
8260 2 2 1 1 3438 4165 4166
8261 2 2 1 1 3629 3627 4167
8262 2 2 1 1 4166 3629 4167
8263 2 2 1 1 3437 4166 4167
8264 2 2 1 1 3627 3626 4168
8265 2 2 1 1 4167 3627 4168
8266 2 2 1 1 3436 4167 4168
8267 2 2 1 1 3434 3435 4169
8268 2 2 1 1 3626 3623 4169
8269 2 2 1 1 3435 4168 4169
8270 2 2 1 1 3433 3434 4170
8271 2 2 1 1 3623 3620 4170
8272 2 2 1 1 3434 4169 4170
8273 2 2 1 1 3432 3433 4171
8274 2 2 1 1 3620 3617 4171
8275 2 2 1 1 3433 4170 4171
8276 2 2 1 1 3617 3616 4172
8277 2 2 1 1 4171 3617 4172
8278 2 2 1 1 3432 4171 4172
8279 2 2 1 1 3616 3615 4173
8280 2 2 1 1 4172 3616 4173
8281 2 2 1 1 3431 4172 4173
8282 2 2 1 1 3429 3430 4174
8283 2 2 1 1 3615 3613 4174
8284 2 2 1 1 3430 4173 4174
8285 2 2 1 1 3613 3610 4175
8286 2 2 1 1 4174 3613 4175
8287 2 2 1 1 3429 4174 4175
8288 2 2 1 1 3610 3607 4176
8289 2 2 1 1 4175 3610 4176
8290 2 2 1 1 3428 4175 4176
8291 2 2 1 1 3426 3427 4177
8292 2 2 1 1 3607 3606 4177
8293 2 2 1 1 3427 4176 4177
8294 2 2 1 1 3606 3605 4178
8295 2 2 1 1 4177 3606 4178
8296 2 2 1 1 3426 4177 4178
8297 2 2 1 1 3605 3603 4179
8298 2 2 1 1 4178 3605 4179
8299 2 2 1 1 3425 4178 4179
8300 2 2 1 1 3603 3600 4180
8301 2 2 1 1 4179 3603 4180
8302 2 2 1 1 3424 4179 4180
8303 2 2 1 1 3422 3423 4181
8304 2 2 1 1 3600 3599 4181
8305 2 2 1 1 3423 4180 4181
8306 2 2 1 1 3421 3422 4182
8307 2 2 1 1 3599 3597 4182
8308 2 2 1 1 3422 4181 4182
8309 2 2 1 1 3597 3594 4183
8310 2 2 1 1 4182 3597 4183
8311 2 2 1 1 3421 4182 4183
8312 2 2 1 1 3594 3591 4184
8313 2 2 1 1 4183 3594 4184
8314 2 2 1 1 3420 4183 4184
8315 2 2 1 1 3591 3590 4185
8316 2 2 1 1 4184 3591 4185
8317 2 2 1 1 3419 4184 4185
8318 2 2 1 1 3417 3418 4186
8319 2 2 1 1 3590 3588 4186
8320 2 2 1 1 3418 4185 4186
8321 2 2 1 1 3588 3586 4187
8322 2 2 1 1 4186 3588 4187
8323 2 2 1 1 3417 4186 4187
8324 2 2 1 1 3586 3584 4188
8325 2 2 1 1 4187 3586 4188
8326 2 2 1 1 3416 4187 4188
8327 2 2 1 1 3414 3415 4189
8328 2 2 1 1 3584 3582 4189
8329 2 2 1 1 3415 4188 4189
8330 2 2 1 1 3413 3414 4190
8331 2 2 1 1 3582 3580 4190
8332 2 2 1 1 3414 4189 4190
8333 2 2 1 1 3412 3413 4191
8334 2 2 1 1 3580 3578 4191
8335 2 2 1 1 3413 4190 4191
8336 2 2 1 1 3578 3575 4192
8337 2 2 1 1 4191 3578 4192
8338 2 2 1 1 3412 4191 4192
8339 2 2 1 1 3410 3411 4193
8340 2 2 1 1 3575 3572 4193
8341 2 2 1 1 3411 4192 4193
8342 2 2 1 1 3409 3410 4194
8343 2 2 1 1 3572 3571 4194
8344 2 2 1 1 3410 4193 4194
8345 2 2 1 1 3571 3569 4195
8346 2 2 1 1 4194 3571 4195
8347 2 2 1 1 3409 4194 4195
8348 2 2 1 1 3407 3408 4196
8349 2 2 1 1 3569 3568 4196
8350 2 2 1 1 3408 4195 4196
8351 2 2 1 1 3406 3407 4197
8352 2 2 1 1 3568 3566 4197
8353 2 2 1 1 3407 4196 4197
8354 2 2 1 1 3405 3406 4198
8355 2 2 1 1 3566 3564 4198
8356 2 2 1 1 3406 4197 4198
8357 2 2 1 1 3404 3405 4199
8358 2 2 1 1 3564 3561 4199
8359 2 2 1 1 3405 4198 4199
8360 2 2 1 1 3403 3404 4200
8361 2 2 1 1 3561 3560 4200
8362 2 2 1 1 3404 4199 4200
8363 2 2 1 1 3560 3558 4201
8364 2 2 1 1 4200 3560 4201
8365 2 2 1 1 3403 4200 4201
8366 2 2 1 1 3558 3557 4202
8367 2 2 1 1 4201 3558 4202
8368 2 2 1 1 3402 4201 4202
8369 2 2 1 1 3557 3554 4203
8370 2 2 1 1 4202 3557 4203
8371 2 2 1 1 3401 4202 4203
8372 2 2 1 1 3399 3400 4204
8373 2 2 1 1 3554 3551 4204
8374 2 2 1 1 3400 4203 4204
8375 2 2 1 1 3398 3399 4205
8376 2 2 1 1 3551 3550 4205
8377 2 2 1 1 3399 4204 4205
8378 2 2 1 1 3397 3398 4206
8379 2 2 1 1 3550 3549 4206
8380 2 2 1 1 3398 4205 4206
8381 2 2 1 1 3549 3547 4207
8382 2 2 1 1 4206 3549 4207
8383 2 2 1 1 3397 4206 4207
8384 2 2 1 1 3547 3546 4208
8385 2 2 1 1 4207 3547 4208
8386 2 2 1 1 3396 4207 4208
8387 2 2 1 1 3546 3543 4209
8388 2 2 1 1 4208 3546 4209
8389 2 2 1 1 3395 4208 4209
8390 2 2 1 1 3393 3394 4210
8391 2 2 1 1 3543 3541 4210
8392 2 2 1 1 3394 4209 4210
8393 2 2 1 1 3392 3393 4211
8394 2 2 1 1 3541 3540 4211
8395 2 2 1 1 3393 4210 4211
8396 2 2 1 1 3540 3539 4212
8397 2 2 1 1 4211 3540 4212
8398 2 2 1 1 3392 4211 4212
8399 2 2 1 1 3539 3536 4213
8400 2 2 1 1 4212 3539 4213
8401 2 2 1 1 3391 4212 4213
8402 2 2 1 1 3536 3534 4214
8403 2 2 1 1 4213 3536 4214
8404 2 2 1 1 3390 4213 4214
8405 2 2 1 1 3388 3389 4215
8406 2 2 1 1 3534 3531 4215
8407 2 2 1 1 3389 4214 4215
8408 2 2 1 1 3531 3528 4216
8409 2 2 1 1 4215 3531 4216
8410 2 2 1 1 3388 4215 4216
8411 2 2 1 1 3386 3387 4217
8412 2 2 1 1 3528 3525 4217
8413 2 2 1 1 3387 4216 4217
8414 2 2 1 1 3385 3386 4218
8415 2 2 1 1 3525 3523 4218
8416 2 2 1 1 3386 4217 4218
8417 2 2 1 1 3384 3385 4219
8418 2 2 1 1 3523 3522 4219
8419 2 2 1 1 3385 4218 4219
8420 2 2 1 1 3383 3384 4220
8421 2 2 1 1 3522 3520 4220
8422 2 2 1 1 3384 4219 4220
8423 2 2 1 1 3520 3518 4221
8424 2 2 1 1 4220 3520 4221
8425 2 2 1 1 3383 4220 4221
8426 2 2 1 1 3381 3382 4222
8427 2 2 1 1 3518 3515 4222
8428 2 2 1 1 3382 4221 4222
8429 2 2 1 1 3515 3512 4223
8430 2 2 1 1 4222 3515 4223
8431 2 2 1 1 3381 4222 4223
8432 2 2 1 1 3512 3510 4224
8433 2 2 1 1 4223 3512 4224
8434 2 2 1 1 3380 4223 4224
8435 2 2 1 1 3510 3507 4225
8436 2 2 1 1 4224 3510 4225
8437 2 2 1 1 3379 4224 4225
8438 2 2 1 1 3507 3504 4226
8439 2 2 1 1 4225 3507 4226
8440 2 2 1 1 3378 4225 4226
8441 2 2 1 1 3504 3501 4227
8442 2 2 1 1 4226 3504 4227
8443 2 2 1 1 3377 4226 4227
8444 2 2 1 1 3375 3376 4228
8445 2 2 1 1 3501 3498 4228
8446 2 2 1 1 3376 4227 4228
8447 2 2 1 1 3498 3497 4229
8448 2 2 1 1 4228 3498 4229
8449 2 2 1 1 3375 4228 4229
8450 2 2 1 1 3497 3495 4230
8451 2 2 1 1 4229 3497 4230
8452 2 2 1 1 3374 4229 4230
8453 2 2 1 1 3495 3493 4231
8454 2 2 1 1 4230 3495 4231
8455 2 2 1 1 3373 4230 4231
8456 2 2 1 1 3371 3372 4232
8457 2 2 1 1 3493 3491 4232
8458 2 2 1 1 3372 4231 4232
8459 2 2 1 1 3370 3371 4233
8460 2 2 1 1 3491 3490 4233
8461 2 2 1 1 3371 4232 4233
8462 2 2 1 1 3490 3488 4234
8463 2 2 1 1 4233 3490 4234
8464 2 2 1 1 3370 4233 4234
8465 2 2 1 1 3368 3369 4235
8466 2 2 1 1 3488 3485 4235
8467 2 2 1 1 3369 4234 4235
8468 2 2 1 1 3367 3368 4236
8469 2 2 1 1 3485 3484 4236
8470 2 2 1 1 3368 4235 4236
8471 2 2 1 1 3366 3367 4237
8472 2 2 1 1 3483 4238 4237
8473 2 2 1 1 3484 3483 4237
8474 2 2 1 1 3367 4236 4237
8475 2 2 1 1 3481 3948 4238
8476 2 2 1 1 3365 3366 4238
8477 2 2 1 1 3365 3948 4239
8478 2 2 1 1 3358 3350 4239
$EndElements
